# Blender 4.5.3 LTS
# www.blender.org
mtllib silla.mtl
o Cube.013
v -13.940798 0.000682 15.120118
v -13.905244 2.934748 12.117952
v -13.813074 0.000682 15.121631
v -13.777520 2.934748 12.119465
v -13.944576 0.000000 15.439127
v -13.907085 3.093873 12.273445
v -13.816853 0.000000 15.440639
v -13.779362 3.093873 12.274958
v -15.954101 0.000682 15.096275
v -15.918546 2.934748 12.094109
v -16.081823 0.000682 15.094763
v -16.046268 2.934748 12.092596
v -15.957878 0.000000 15.415283
v -15.920387 3.093873 12.249602
v -16.085602 0.000000 15.413771
v -16.048111 3.093873 12.248090
v -16.215961 2.919750 12.069019
v -16.216286 3.116916 12.096336
v -13.607317 2.919750 12.099913
v -13.607640 3.116916 12.127231
v -16.246027 2.567956 14.607716
v -16.248140 2.744184 14.786132
v -13.637383 2.567956 14.638610
v -13.639496 2.744184 14.817025
v -13.636658 2.576432 14.577449
v -13.633734 2.610644 14.330555
v -13.630810 2.644857 14.083662
v -13.627887 2.679070 13.836768
v -13.624963 2.713283 13.589874
v -13.622039 2.747495 13.342980
v -13.619115 2.781708 13.096087
v -13.616191 2.815920 12.849194
v -13.613267 2.850133 12.602300
v -13.610343 2.884346 12.355406
v -13.610537 3.083031 12.371758
v -13.613432 3.049146 12.616284
v -13.616328 3.015261 12.860811
v -13.619225 2.981377 13.105338
v -13.622120 2.947492 13.349865
v -13.625016 2.913607 13.594392
v -13.627912 2.879723 13.838919
v -13.630808 2.845838 14.083445
v -13.633703 2.811953 14.327971
v -13.636600 2.778069 14.572498
v -16.218987 2.884346 12.324512
v -16.221912 2.850133 12.571405
v -16.224834 2.815920 12.818299
v -16.227758 2.781708 13.065193
v -16.230682 2.747495 13.312087
v -16.233606 2.713283 13.558980
v -16.236530 2.679070 13.805874
v -16.239454 2.644857 14.052768
v -16.242378 2.610644 14.299662
v -16.245302 2.576432 14.546556
v -16.245245 2.778069 14.541605
v -16.242348 2.811953 14.297078
v -16.239452 2.845838 14.052551
v -16.236557 2.879723 13.808024
v -16.233660 2.913607 13.563498
v -16.230764 2.947492 13.318971
v -16.227869 2.981377 13.074444
v -16.224974 3.015262 12.829917
v -16.222076 3.049146 12.585390
v -16.219181 3.083031 12.340864
v -13.848411 2.919750 12.097057
v -15.974866 2.919750 12.071875
v -15.975189 3.116916 12.099192
v -13.848734 3.116916 12.124375
v -16.004930 2.567956 14.610571
v -13.878475 2.567956 14.635755
v -13.880589 2.744184 14.814170
v -16.007044 2.744184 14.788987
v -13.877693 2.778069 14.569643
v -16.004148 2.778069 14.544460
v -13.874797 2.811953 14.325117
v -16.001253 2.811953 14.299933
v -13.871901 2.845838 14.080589
v -15.998357 2.845838 14.055407
v -13.869005 2.879723 13.836063
v -15.995461 2.879723 13.810880
v -13.866109 2.913607 13.591537
v -15.992565 2.913607 13.566353
v -13.863214 2.947492 13.347010
v -15.989669 2.947492 13.321826
v -13.860317 2.981377 13.102483
v -15.986773 2.981377 13.077299
v -13.857422 3.015261 12.857956
v -15.983877 3.015261 12.832772
v -13.854526 3.049146 12.613429
v -15.980981 3.049146 12.588245
v -13.851629 3.083031 12.368902
v -15.978086 3.083031 12.343719
v -13.851436 2.884346 12.352551
v -15.977892 2.884346 12.327368
v -13.854360 2.850133 12.599444
v -15.980816 2.850133 12.574261
v -13.857284 2.815920 12.846338
v -15.983740 2.815920 12.821155
v -13.860208 2.781708 13.093231
v -15.986664 2.781708 13.068048
v -13.863132 2.747495 13.340125
v -15.989588 2.747495 13.314942
v -13.866055 2.713283 13.587019
v -15.992512 2.713283 13.561835
v -13.868979 2.679070 13.833913
v -15.995436 2.679070 13.808729
v -13.871903 2.644857 14.080807
v -15.998359 2.644857 14.055623
v -13.874827 2.610644 14.327701
v -16.001284 2.610644 14.302517
v -13.877751 2.576432 14.574594
v -16.004208 2.576432 14.549411
v -13.803248 -0.009934 12.915392
v -13.842759 5.009295 16.251610
v -13.677956 -0.009934 12.916876
v -13.717466 5.009295 16.253094
v -13.806433 -0.007284 13.184296
v -13.844954 4.886127 16.436886
v -13.681141 -0.007284 13.185780
v -13.719661 4.886127 16.438370
v -13.822866 2.482213 14.571890
v -13.697574 2.482213 14.573374
v -13.699768 2.359045 14.758650
v -13.825061 2.359045 14.757166
v -13.840702 4.748026 16.077948
v -13.841981 4.910426 16.185894
v -13.716688 4.910426 16.187378
v -13.715410 4.748026 16.079432
v -13.718883 4.787259 16.372652
v -13.717604 4.624859 16.264708
v -13.844175 4.787259 16.371170
v -13.842896 4.624859 16.263224
v -13.713570 4.514229 15.924030
v -13.712144 4.333150 15.803669
v -13.715763 4.391062 16.109306
v -13.714338 4.209982 15.988945
v -13.841056 4.391062 16.107822
v -13.839630 4.209982 15.987461
v -13.837437 4.333150 15.802185
v -13.838861 4.514229 15.922546
v -13.717895 4.985260 16.289248
v -13.719233 4.910161 16.402216
v -13.844525 4.910161 16.400732
v -13.843187 4.985260 16.287764
v -13.824633 2.383079 14.721012
v -13.823295 2.458179 14.608044
v -13.698002 2.458179 14.609528
v -13.699340 2.383079 14.722496
v -13.842468 4.648892 16.227070
v -13.841130 4.723992 16.114101
v -13.843747 4.811293 16.335016
v -13.842409 4.886392 16.222048
v -13.715837 4.723992 16.115585
v -13.717175 4.648892 16.228554
v -13.717116 4.886392 16.223530
v -13.718454 4.811293 16.336498
v -13.712572 4.309115 15.839823
v -13.713910 4.234016 15.952791
v -13.713998 4.490195 15.960184
v -13.715336 4.415095 16.073153
v -13.839203 4.234016 15.951307
v -13.837865 4.309115 15.838339
v -13.840628 4.415096 16.071669
v -13.839291 4.490195 15.958700
v -16.038996 -0.009934 12.888914
v -16.078506 5.009295 16.225132
v -16.164288 -0.009934 12.887430
v -16.203798 5.009295 16.223648
v -16.042181 -0.007285 13.157818
v -16.080700 4.886127 16.410408
v -16.167473 -0.007285 13.156334
v -16.205992 4.886127 16.408924
v -16.058613 2.482213 14.545413
v -16.183907 2.482213 14.543929
v -16.186100 2.359045 14.729204
v -16.060808 2.359045 14.730688
v -16.076450 4.748026 16.051470
v -16.077728 4.910426 16.159416
v -16.203020 4.910426 16.157932
v -16.201742 4.748026 16.049988
v -16.205214 4.787259 16.343208
v -16.203936 4.624859 16.235262
v -16.079922 4.787259 16.344692
v -16.078644 4.624859 16.236746
v -16.199902 4.514230 15.894585
v -16.198475 4.333150 15.774224
v -16.202095 4.391062 16.079861
v -16.200670 4.209982 15.959499
v -16.076803 4.391062 16.081345
v -16.075378 4.209982 15.960983
v -16.073183 4.333150 15.775707
v -16.074610 4.514230 15.896069
v -16.204227 4.985261 16.259802
v -16.205564 4.910161 16.372770
v -16.080273 4.910161 16.374254
v -16.078934 4.985261 16.261286
v -16.060379 2.383079 14.694535
v -16.059042 2.458179 14.581567
v -16.184334 2.458179 14.580083
v -16.185673 2.383079 14.693051
v -16.078215 4.648892 16.200592
v -16.076878 4.723992 16.087624
v -16.079494 4.811293 16.308538
v -16.078156 4.886393 16.195570
v -16.202169 4.723992 16.086140
v -16.203508 4.648892 16.199108
v -16.203447 4.886392 16.194086
v -16.204786 4.811293 16.307055
v -16.198904 4.309116 15.810377
v -16.200241 4.234016 15.923346
v -16.200329 4.490195 15.930738
v -16.201668 4.415096 16.043707
v -16.074949 4.234016 15.924829
v -16.073612 4.309116 15.811861
v -16.076374 4.415096 16.045191
v -16.075037 4.490195 15.932222
v -13.940798 0.000682 15.120118
v -13.905244 2.934748 12.117952
v -13.813074 0.000682 15.121631
v -13.777520 2.934748 12.119465
v -13.944576 0.000000 15.439127
v -13.907085 3.093873 12.273445
v -13.816853 0.000000 15.440639
v -13.779362 3.093873 12.274958
v -15.954101 0.000682 15.096275
v -15.918546 2.934748 12.094109
v -16.081823 0.000682 15.094763
v -16.046268 2.934748 12.092596
v -15.957878 0.000000 15.415283
v -15.920387 3.093873 12.249602
v -16.085602 0.000000 15.413771
v -16.048111 3.093873 12.248090
v -16.215961 2.919750 12.069019
v -16.216286 3.116916 12.096336
v -13.607317 2.919750 12.099913
v -13.607640 3.116916 12.127231
v -16.246027 2.567956 14.607716
v -16.248140 2.744184 14.786132
v -13.637383 2.567956 14.638610
v -13.639496 2.744184 14.817025
v -13.636658 2.576432 14.577449
v -13.633734 2.610644 14.330555
v -13.630810 2.644857 14.083662
v -13.627887 2.679070 13.836768
v -13.624963 2.713283 13.589874
v -13.622039 2.747495 13.342980
v -13.619115 2.781708 13.096087
v -13.616191 2.815920 12.849194
v -13.613267 2.850133 12.602300
v -13.610343 2.884346 12.355406
v -13.610537 3.083031 12.371758
v -13.613432 3.049146 12.616284
v -13.616328 3.015261 12.860811
v -13.619225 2.981377 13.105338
v -13.622120 2.947492 13.349865
v -13.625016 2.913607 13.594392
v -13.627912 2.879723 13.838919
v -13.630808 2.845838 14.083445
v -13.633703 2.811953 14.327971
v -13.636600 2.778069 14.572498
v -16.218987 2.884346 12.324512
v -16.221912 2.850133 12.571405
v -16.224834 2.815920 12.818299
v -16.227758 2.781708 13.065193
v -16.230682 2.747495 13.312087
v -16.233606 2.713283 13.558980
v -16.236530 2.679070 13.805874
v -16.239454 2.644857 14.052768
v -16.242378 2.610644 14.299662
v -16.245302 2.576432 14.546556
v -16.245245 2.778069 14.541605
v -16.242348 2.811953 14.297078
v -16.239452 2.845838 14.052551
v -16.236557 2.879723 13.808024
v -16.233660 2.913607 13.563498
v -16.230764 2.947492 13.318971
v -16.227869 2.981377 13.074444
v -16.224974 3.015262 12.829917
v -16.222076 3.049146 12.585390
v -16.219181 3.083031 12.340864
v -13.848411 2.919750 12.097057
v -15.974866 2.919750 12.071875
v -15.975189 3.116916 12.099192
v -13.848734 3.116916 12.124375
v -16.004930 2.567956 14.610571
v -13.878475 2.567956 14.635755
v -13.880589 2.744184 14.814170
v -16.007044 2.744184 14.788987
v -13.877693 2.778069 14.569643
v -16.004148 2.778069 14.544460
v -13.874797 2.811953 14.325117
v -16.001253 2.811953 14.299933
v -13.871901 2.845838 14.080589
v -15.998357 2.845838 14.055407
v -13.869005 2.879723 13.836063
v -15.995461 2.879723 13.810880
v -13.866109 2.913607 13.591537
v -15.992565 2.913607 13.566353
v -13.863214 2.947492 13.347010
v -15.989669 2.947492 13.321826
v -13.860317 2.981377 13.102483
v -15.986773 2.981377 13.077299
v -13.857422 3.015261 12.857956
v -15.983877 3.015261 12.832772
v -13.854526 3.049146 12.613429
v -15.980981 3.049146 12.588245
v -13.851629 3.083031 12.368902
v -15.978086 3.083031 12.343719
v -13.851436 2.884346 12.352551
v -15.977892 2.884346 12.327368
v -13.854360 2.850133 12.599444
v -15.980816 2.850133 12.574261
v -13.857284 2.815920 12.846338
v -15.983740 2.815920 12.821155
v -13.860208 2.781708 13.093231
v -15.986664 2.781708 13.068048
v -13.863132 2.747495 13.340125
v -15.989588 2.747495 13.314942
v -13.866055 2.713283 13.587019
v -15.992512 2.713283 13.561835
v -13.868979 2.679070 13.833913
v -15.995436 2.679070 13.808729
v -13.871903 2.644857 14.080807
v -15.998359 2.644857 14.055623
v -13.874827 2.610644 14.327701
v -16.001284 2.610644 14.302517
v -13.877751 2.576432 14.574594
v -16.004208 2.576432 14.549411
v -13.803248 -0.009934 12.915392
v -13.842759 5.009295 16.251610
v -13.677956 -0.009934 12.916876
v -13.717466 5.009295 16.253094
v -13.806433 -0.007284 13.184296
v -13.844954 4.886127 16.436886
v -13.681141 -0.007284 13.185780
v -13.719661 4.886127 16.438370
v -13.822866 2.482213 14.571890
v -13.697574 2.482213 14.573374
v -13.699768 2.359045 14.758650
v -13.825061 2.359045 14.757166
v -13.840702 4.748026 16.077948
v -13.841981 4.910426 16.185894
v -13.716688 4.910426 16.187378
v -13.715410 4.748026 16.079432
v -13.718883 4.787259 16.372652
v -13.717604 4.624859 16.264708
v -13.844175 4.787259 16.371170
v -13.842896 4.624859 16.263224
v -13.713570 4.514229 15.924030
v -13.712144 4.333150 15.803669
v -13.715763 4.391062 16.109306
v -13.714338 4.209982 15.988945
v -13.841056 4.391062 16.107822
v -13.839630 4.209982 15.987461
v -13.837437 4.333150 15.802185
v -13.838861 4.514229 15.922546
v -13.717895 4.985260 16.289248
v -13.719233 4.910161 16.402216
v -13.844525 4.910161 16.400732
v -13.843187 4.985260 16.287764
v -13.824633 2.383079 14.721012
v -13.823295 2.458179 14.608044
v -13.698002 2.458179 14.609528
v -13.699340 2.383079 14.722496
v -13.842468 4.648892 16.227070
v -13.841130 4.723992 16.114101
v -13.843747 4.811293 16.335016
v -13.842409 4.886392 16.222048
v -13.715837 4.723992 16.115585
v -13.717175 4.648892 16.228554
v -13.717116 4.886392 16.223530
v -13.718454 4.811293 16.336498
v -13.712572 4.309115 15.839823
v -13.713910 4.234016 15.952791
v -13.713998 4.490195 15.960184
v -13.715336 4.415095 16.073153
v -13.839203 4.234016 15.951307
v -13.837865 4.309115 15.838339
v -13.840628 4.415096 16.071669
v -13.839291 4.490195 15.958700
v -16.038996 -0.009934 12.888914
v -16.078506 5.009295 16.225132
v -16.164288 -0.009934 12.887430
v -16.203798 5.009295 16.223648
v -16.042181 -0.007285 13.157818
v -16.080700 4.886127 16.410408
v -16.167473 -0.007285 13.156334
v -16.205992 4.886127 16.408924
v -16.058613 2.482213 14.545413
v -16.183907 2.482213 14.543929
v -16.186100 2.359045 14.729204
v -16.060808 2.359045 14.730688
v -16.076450 4.748026 16.051470
v -16.077728 4.910426 16.159416
v -16.203020 4.910426 16.157932
v -16.201742 4.748026 16.049988
v -16.205214 4.787259 16.343208
v -16.203936 4.624859 16.235262
v -16.079922 4.787259 16.344692
v -16.078644 4.624859 16.236746
v -16.199902 4.514230 15.894585
v -16.198475 4.333150 15.774224
v -16.202095 4.391062 16.079861
v -16.200670 4.209982 15.959499
v -16.076803 4.391062 16.081345
v -16.075378 4.209982 15.960983
v -16.073183 4.333150 15.775707
v -16.074610 4.514230 15.896069
v -16.204227 4.985261 16.259802
v -16.205564 4.910161 16.372770
v -16.080273 4.910161 16.374254
v -16.078934 4.985261 16.261286
v -16.060379 2.383079 14.694535
v -16.059042 2.458179 14.581567
v -16.184334 2.458179 14.580083
v -16.185673 2.383079 14.693051
v -16.078215 4.648892 16.200592
v -16.076878 4.723992 16.087624
v -16.079494 4.811293 16.308538
v -16.078156 4.886393 16.195570
v -16.202169 4.723992 16.086140
v -16.203508 4.648892 16.199108
v -16.203447 4.886392 16.194086
v -16.204786 4.811293 16.307055
v -16.198904 4.309116 15.810377
v -16.200241 4.234016 15.923346
v -16.200329 4.490195 15.930738
v -16.201668 4.415096 16.043707
v -16.074949 4.234016 15.924829
v -16.073612 4.309116 15.811861
v -16.076374 4.415096 16.045191
v -16.075037 4.490195 15.932222
v -13.940798 0.000682 15.120118
v -13.905244 2.934748 12.117952
v -13.813074 0.000682 15.121631
v -13.777520 2.934748 12.119465
v -13.944576 0.000000 15.439127
v -13.907085 3.093873 12.273445
v -13.816853 0.000000 15.440639
v -13.779362 3.093873 12.274958
v -15.954101 0.000682 15.096275
v -15.918546 2.934748 12.094109
v -16.081823 0.000682 15.094763
v -16.046268 2.934748 12.092596
v -15.957878 0.000000 15.415283
v -15.920387 3.093873 12.249602
v -16.085602 0.000000 15.413771
v -16.048111 3.093873 12.248090
v -16.215961 2.919750 12.069019
v -16.216286 3.116916 12.096336
v -13.607317 2.919750 12.099913
v -13.607640 3.116916 12.127231
v -16.246027 2.567956 14.607716
v -16.248140 2.744184 14.786132
v -13.637383 2.567956 14.638610
v -13.639496 2.744184 14.817025
v -13.636658 2.576432 14.577449
v -13.633734 2.610644 14.330555
v -13.630810 2.644857 14.083662
v -13.627887 2.679070 13.836768
v -13.624963 2.713283 13.589874
v -13.622039 2.747495 13.342980
v -13.619115 2.781708 13.096087
v -13.616191 2.815920 12.849194
v -13.613267 2.850133 12.602300
v -13.610343 2.884346 12.355406
v -13.610537 3.083031 12.371758
v -13.613432 3.049146 12.616284
v -13.616328 3.015261 12.860811
v -13.619225 2.981377 13.105338
v -13.622120 2.947492 13.349865
v -13.625016 2.913607 13.594392
v -13.627912 2.879723 13.838919
v -13.630808 2.845838 14.083445
v -13.633703 2.811953 14.327971
v -13.636600 2.778069 14.572498
v -16.218987 2.884346 12.324512
v -16.221912 2.850133 12.571405
v -16.224834 2.815920 12.818299
v -16.227758 2.781708 13.065193
v -16.230682 2.747495 13.312087
v -16.233606 2.713283 13.558980
v -16.236530 2.679070 13.805874
v -16.239454 2.644857 14.052768
v -16.242378 2.610644 14.299662
v -16.245302 2.576432 14.546556
v -16.245245 2.778069 14.541605
v -16.242348 2.811953 14.297078
v -16.239452 2.845838 14.052551
v -16.236557 2.879723 13.808024
v -16.233660 2.913607 13.563498
v -16.230764 2.947492 13.318971
v -16.227869 2.981377 13.074444
v -16.224974 3.015262 12.829917
v -16.222076 3.049146 12.585390
v -16.219181 3.083031 12.340864
v -13.848411 2.919750 12.097057
v -15.974866 2.919750 12.071875
v -15.975189 3.116916 12.099192
v -13.848734 3.116916 12.124375
v -16.004930 2.567956 14.610571
v -13.878475 2.567956 14.635755
v -13.880589 2.744184 14.814170
v -16.007044 2.744184 14.788987
v -13.877693 2.778069 14.569643
v -16.004148 2.778069 14.544460
v -13.874797 2.811953 14.325117
v -16.001253 2.811953 14.299933
v -13.871901 2.845838 14.080589
v -15.998357 2.845838 14.055407
v -13.869005 2.879723 13.836063
v -15.995461 2.879723 13.810880
v -13.866109 2.913607 13.591537
v -15.992565 2.913607 13.566353
v -13.863214 2.947492 13.347010
v -15.989669 2.947492 13.321826
v -13.860317 2.981377 13.102483
v -15.986773 2.981377 13.077299
v -13.857422 3.015261 12.857956
v -15.983877 3.015261 12.832772
v -13.854526 3.049146 12.613429
v -15.980981 3.049146 12.588245
v -13.851629 3.083031 12.368902
v -15.978086 3.083031 12.343719
v -13.851436 2.884346 12.352551
v -15.977892 2.884346 12.327368
v -13.854360 2.850133 12.599444
v -15.980816 2.850133 12.574261
v -13.857284 2.815920 12.846338
v -15.983740 2.815920 12.821155
v -13.860208 2.781708 13.093231
v -15.986664 2.781708 13.068048
v -13.863132 2.747495 13.340125
v -15.989588 2.747495 13.314942
v -13.866055 2.713283 13.587019
v -15.992512 2.713283 13.561835
v -13.868979 2.679070 13.833913
v -15.995436 2.679070 13.808729
v -13.871903 2.644857 14.080807
v -15.998359 2.644857 14.055623
v -13.874827 2.610644 14.327701
v -16.001284 2.610644 14.302517
v -13.877751 2.576432 14.574594
v -16.004208 2.576432 14.549411
v -13.803248 -0.009934 12.915392
v -13.842759 5.009295 16.251610
v -13.677956 -0.009934 12.916876
v -13.717466 5.009295 16.253094
v -13.806433 -0.007284 13.184296
v -13.844954 4.886127 16.436886
v -13.681141 -0.007284 13.185780
v -13.719661 4.886127 16.438370
v -13.822866 2.482213 14.571890
v -13.697574 2.482213 14.573374
v -13.699768 2.359045 14.758650
v -13.825061 2.359045 14.757166
v -13.840702 4.748026 16.077948
v -13.841981 4.910426 16.185894
v -13.716688 4.910426 16.187378
v -13.715410 4.748026 16.079432
v -13.718883 4.787259 16.372652
v -13.717604 4.624859 16.264708
v -13.844175 4.787259 16.371170
v -13.842896 4.624859 16.263224
v -13.713570 4.514229 15.924030
v -13.712144 4.333150 15.803669
v -13.715763 4.391062 16.109306
v -13.714338 4.209982 15.988945
v -13.841056 4.391062 16.107822
v -13.839630 4.209982 15.987461
v -13.837437 4.333150 15.802185
v -13.838861 4.514229 15.922546
v -13.717895 4.985260 16.289248
v -13.719233 4.910161 16.402216
v -13.844525 4.910161 16.400732
v -13.843187 4.985260 16.287764
v -13.824633 2.383079 14.721012
v -13.823295 2.458179 14.608044
v -13.698002 2.458179 14.609528
v -13.699340 2.383079 14.722496
v -13.842468 4.648892 16.227070
v -13.841130 4.723992 16.114101
v -13.843747 4.811293 16.335016
v -13.842409 4.886392 16.222048
v -13.715837 4.723992 16.115585
v -13.717175 4.648892 16.228554
v -13.717116 4.886392 16.223530
v -13.718454 4.811293 16.336498
v -13.712572 4.309115 15.839823
v -13.713910 4.234016 15.952791
v -13.713998 4.490195 15.960184
v -13.715336 4.415095 16.073153
v -13.839203 4.234016 15.951307
v -13.837865 4.309115 15.838339
v -13.840628 4.415096 16.071669
v -13.839291 4.490195 15.958700
v -16.038996 -0.009934 12.888914
v -16.078506 5.009295 16.225132
v -16.164288 -0.009934 12.887430
v -16.203798 5.009295 16.223648
v -16.042181 -0.007285 13.157818
v -16.080700 4.886127 16.410408
v -16.167473 -0.007285 13.156334
v -16.205992 4.886127 16.408924
v -16.058613 2.482213 14.545413
v -16.183907 2.482213 14.543929
v -16.186100 2.359045 14.729204
v -16.060808 2.359045 14.730688
v -16.076450 4.748026 16.051470
v -16.077728 4.910426 16.159416
v -16.203020 4.910426 16.157932
v -16.201742 4.748026 16.049988
v -16.205214 4.787259 16.343208
v -16.203936 4.624859 16.235262
v -16.079922 4.787259 16.344692
v -16.078644 4.624859 16.236746
v -16.199902 4.514230 15.894585
v -16.198475 4.333150 15.774224
v -16.202095 4.391062 16.079861
v -16.200670 4.209982 15.959499
v -16.076803 4.391062 16.081345
v -16.075378 4.209982 15.960983
v -16.073183 4.333150 15.775707
v -16.074610 4.514230 15.896069
v -16.204227 4.985261 16.259802
v -16.205564 4.910161 16.372770
v -16.080273 4.910161 16.374254
v -16.078934 4.985261 16.261286
v -16.060379 2.383079 14.694535
v -16.059042 2.458179 14.581567
v -16.184334 2.458179 14.580083
v -16.185673 2.383079 14.693051
v -16.078215 4.648892 16.200592
v -16.076878 4.723992 16.087624
v -16.079494 4.811293 16.308538
v -16.078156 4.886393 16.195570
v -16.202169 4.723992 16.086140
v -16.203508 4.648892 16.199108
v -16.203447 4.886392 16.194086
v -16.204786 4.811293 16.307055
v -16.198904 4.309116 15.810377
v -16.200241 4.234016 15.923346
v -16.200329 4.490195 15.930738
v -16.201668 4.415096 16.043707
v -16.074949 4.234016 15.924829
v -16.073612 4.309116 15.811861
v -16.076374 4.415096 16.045191
v -16.075037 4.490195 15.932222
v -13.940798 0.000682 15.120118
v -13.905244 2.934748 12.117952
v -13.813074 0.000682 15.121631
v -13.777520 2.934748 12.119465
v -13.944576 0.000000 15.439127
v -13.907085 3.093873 12.273445
v -13.816853 0.000000 15.440639
v -13.779362 3.093873 12.274958
v -15.954101 0.000682 15.096275
v -15.918546 2.934748 12.094109
v -16.081823 0.000682 15.094763
v -16.046268 2.934748 12.092596
v -15.957878 0.000000 15.415283
v -15.920387 3.093873 12.249602
v -16.085602 0.000000 15.413771
v -16.048111 3.093873 12.248090
v -16.215961 2.919750 12.069019
v -16.216286 3.116916 12.096336
v -13.607317 2.919750 12.099913
v -13.607640 3.116916 12.127231
v -16.246027 2.567956 14.607716
v -16.248140 2.744184 14.786132
v -13.637383 2.567956 14.638610
v -13.639496 2.744184 14.817025
v -13.636658 2.576432 14.577449
v -13.633734 2.610644 14.330555
v -13.630810 2.644857 14.083662
v -13.627887 2.679070 13.836768
v -13.624963 2.713283 13.589874
v -13.622039 2.747495 13.342980
v -13.619115 2.781708 13.096087
v -13.616191 2.815920 12.849194
v -13.613267 2.850133 12.602300
v -13.610343 2.884346 12.355406
v -13.610537 3.083031 12.371758
v -13.613432 3.049146 12.616284
v -13.616328 3.015261 12.860811
v -13.619225 2.981377 13.105338
v -13.622120 2.947492 13.349865
v -13.625016 2.913607 13.594392
v -13.627912 2.879723 13.838919
v -13.630808 2.845838 14.083445
v -13.633703 2.811953 14.327971
v -13.636600 2.778069 14.572498
v -16.218987 2.884346 12.324512
v -16.221912 2.850133 12.571405
v -16.224834 2.815920 12.818299
v -16.227758 2.781708 13.065193
v -16.230682 2.747495 13.312087
v -16.233606 2.713283 13.558980
v -16.236530 2.679070 13.805874
v -16.239454 2.644857 14.052768
v -16.242378 2.610644 14.299662
v -16.245302 2.576432 14.546556
v -16.245245 2.778069 14.541605
v -16.242348 2.811953 14.297078
v -16.239452 2.845838 14.052551
v -16.236557 2.879723 13.808024
v -16.233660 2.913607 13.563498
v -16.230764 2.947492 13.318971
v -16.227869 2.981377 13.074444
v -16.224974 3.015262 12.829917
v -16.222076 3.049146 12.585390
v -16.219181 3.083031 12.340864
v -13.848411 2.919750 12.097057
v -15.974866 2.919750 12.071875
v -15.975189 3.116916 12.099192
v -13.848734 3.116916 12.124375
v -16.004930 2.567956 14.610571
v -13.878475 2.567956 14.635755
v -13.880589 2.744184 14.814170
v -16.007044 2.744184 14.788987
v -13.877693 2.778069 14.569643
v -16.004148 2.778069 14.544460
v -13.874797 2.811953 14.325117
v -16.001253 2.811953 14.299933
v -13.871901 2.845838 14.080589
v -15.998357 2.845838 14.055407
v -13.869005 2.879723 13.836063
v -15.995461 2.879723 13.810880
v -13.866109 2.913607 13.591537
v -15.992565 2.913607 13.566353
v -13.863214 2.947492 13.347010
v -15.989669 2.947492 13.321826
v -13.860317 2.981377 13.102483
v -15.986773 2.981377 13.077299
v -13.857422 3.015261 12.857956
v -15.983877 3.015261 12.832772
v -13.854526 3.049146 12.613429
v -15.980981 3.049146 12.588245
v -13.851629 3.083031 12.368902
v -15.978086 3.083031 12.343719
v -13.851436 2.884346 12.352551
v -15.977892 2.884346 12.327368
v -13.854360 2.850133 12.599444
v -15.980816 2.850133 12.574261
v -13.857284 2.815920 12.846338
v -15.983740 2.815920 12.821155
v -13.860208 2.781708 13.093231
v -15.986664 2.781708 13.068048
v -13.863132 2.747495 13.340125
v -15.989588 2.747495 13.314942
v -13.866055 2.713283 13.587019
v -15.992512 2.713283 13.561835
v -13.868979 2.679070 13.833913
v -15.995436 2.679070 13.808729
v -13.871903 2.644857 14.080807
v -15.998359 2.644857 14.055623
v -13.874827 2.610644 14.327701
v -16.001284 2.610644 14.302517
v -13.877751 2.576432 14.574594
v -16.004208 2.576432 14.549411
v -13.803248 -0.009934 12.915392
v -13.842759 5.009295 16.251610
v -13.677956 -0.009934 12.916876
v -13.717466 5.009295 16.253094
v -13.806433 -0.007284 13.184296
v -13.844954 4.886127 16.436886
v -13.681141 -0.007284 13.185780
v -13.719661 4.886127 16.438370
v -13.822866 2.482213 14.571890
v -13.697574 2.482213 14.573374
v -13.699768 2.359045 14.758650
v -13.825061 2.359045 14.757166
v -13.840702 4.748026 16.077948
v -13.841981 4.910426 16.185894
v -13.716688 4.910426 16.187378
v -13.715410 4.748026 16.079432
v -13.718883 4.787259 16.372652
v -13.717604 4.624859 16.264708
v -13.844175 4.787259 16.371170
v -13.842896 4.624859 16.263224
v -13.713570 4.514229 15.924030
v -13.712144 4.333150 15.803669
v -13.715763 4.391062 16.109306
v -13.714338 4.209982 15.988945
v -13.841056 4.391062 16.107822
v -13.839630 4.209982 15.987461
v -13.837437 4.333150 15.802185
v -13.838861 4.514229 15.922546
v -13.717895 4.985260 16.289248
v -13.719233 4.910161 16.402216
v -13.844525 4.910161 16.400732
v -13.843187 4.985260 16.287764
v -13.824633 2.383079 14.721012
v -13.823295 2.458179 14.608044
v -13.698002 2.458179 14.609528
v -13.699340 2.383079 14.722496
v -13.842468 4.648892 16.227070
v -13.841130 4.723992 16.114101
v -13.843747 4.811293 16.335016
v -13.842409 4.886392 16.222048
v -13.715837 4.723992 16.115585
v -13.717175 4.648892 16.228554
v -13.717116 4.886392 16.223530
v -13.718454 4.811293 16.336498
v -13.712572 4.309115 15.839823
v -13.713910 4.234016 15.952791
v -13.713998 4.490195 15.960184
v -13.715336 4.415095 16.073153
v -13.839203 4.234016 15.951307
v -13.837865 4.309115 15.838339
v -13.840628 4.415096 16.071669
v -13.839291 4.490195 15.958700
v -16.038996 -0.009934 12.888914
v -16.078506 5.009295 16.225132
v -16.164288 -0.009934 12.887430
v -16.203798 5.009295 16.223648
v -16.042181 -0.007285 13.157818
v -16.080700 4.886127 16.410408
v -16.167473 -0.007285 13.156334
v -16.205992 4.886127 16.408924
v -16.058613 2.482213 14.545413
v -16.183907 2.482213 14.543929
v -16.186100 2.359045 14.729204
v -16.060808 2.359045 14.730688
v -16.076450 4.748026 16.051470
v -16.077728 4.910426 16.159416
v -16.203020 4.910426 16.157932
v -16.201742 4.748026 16.049988
v -16.205214 4.787259 16.343208
v -16.203936 4.624859 16.235262
v -16.079922 4.787259 16.344692
v -16.078644 4.624859 16.236746
v -16.199902 4.514230 15.894585
v -16.198475 4.333150 15.774224
v -16.202095 4.391062 16.079861
v -16.200670 4.209982 15.959499
v -16.076803 4.391062 16.081345
v -16.075378 4.209982 15.960983
v -16.073183 4.333150 15.775707
v -16.074610 4.514230 15.896069
v -16.204227 4.985261 16.259802
v -16.205564 4.910161 16.372770
v -16.080273 4.910161 16.374254
v -16.078934 4.985261 16.261286
v -16.060379 2.383079 14.694535
v -16.059042 2.458179 14.581567
v -16.184334 2.458179 14.580083
v -16.185673 2.383079 14.693051
v -16.078215 4.648892 16.200592
v -16.076878 4.723992 16.087624
v -16.079494 4.811293 16.308538
v -16.078156 4.886393 16.195570
v -16.202169 4.723992 16.086140
v -16.203508 4.648892 16.199108
v -16.203447 4.886392 16.194086
v -16.204786 4.811293 16.307055
v -16.198904 4.309116 15.810377
v -16.200241 4.234016 15.923346
v -16.200329 4.490195 15.930738
v -16.201668 4.415096 16.043707
v -16.074949 4.234016 15.924829
v -16.073612 4.309116 15.811861
v -16.076374 4.415096 16.045191
v -16.075037 4.490195 15.932222
v -13.940798 0.000682 15.120118
v -13.905244 2.934748 12.117952
v -13.813074 0.000682 15.121631
v -13.777520 2.934748 12.119465
v -13.944576 0.000000 15.439127
v -13.907085 3.093873 12.273445
v -13.816853 0.000000 15.440639
v -13.779362 3.093873 12.274958
v -15.954101 0.000682 15.096275
v -15.918546 2.934748 12.094109
v -16.081823 0.000682 15.094763
v -16.046268 2.934748 12.092596
v -15.957878 0.000000 15.415283
v -15.920387 3.093873 12.249602
v -16.085602 0.000000 15.413771
v -16.048111 3.093873 12.248090
v -16.215961 2.919750 12.069019
v -16.216286 3.116916 12.096336
v -13.607317 2.919750 12.099913
v -13.607640 3.116916 12.127231
v -16.246027 2.567956 14.607716
v -16.248140 2.744184 14.786132
v -13.637383 2.567956 14.638610
v -13.639496 2.744184 14.817025
v -13.636658 2.576432 14.577449
v -13.633734 2.610644 14.330555
v -13.630810 2.644857 14.083662
v -13.627887 2.679070 13.836768
v -13.624963 2.713283 13.589874
v -13.622039 2.747495 13.342980
v -13.619115 2.781708 13.096087
v -13.616191 2.815920 12.849194
v -13.613267 2.850133 12.602300
v -13.610343 2.884346 12.355406
v -13.610537 3.083031 12.371758
v -13.613432 3.049146 12.616284
v -13.616328 3.015261 12.860811
v -13.619225 2.981377 13.105338
v -13.622120 2.947492 13.349865
v -13.625016 2.913607 13.594392
v -13.627912 2.879723 13.838919
v -13.630808 2.845838 14.083445
v -13.633703 2.811953 14.327971
v -13.636600 2.778069 14.572498
v -16.218987 2.884346 12.324512
v -16.221912 2.850133 12.571405
v -16.224834 2.815920 12.818299
v -16.227758 2.781708 13.065193
v -16.230682 2.747495 13.312087
v -16.233606 2.713283 13.558980
v -16.236530 2.679070 13.805874
v -16.239454 2.644857 14.052768
v -16.242378 2.610644 14.299662
v -16.245302 2.576432 14.546556
v -16.245245 2.778069 14.541605
v -16.242348 2.811953 14.297078
v -16.239452 2.845838 14.052551
v -16.236557 2.879723 13.808024
v -16.233660 2.913607 13.563498
v -16.230764 2.947492 13.318971
v -16.227869 2.981377 13.074444
v -16.224974 3.015262 12.829917
v -16.222076 3.049146 12.585390
v -16.219181 3.083031 12.340864
v -13.848411 2.919750 12.097057
v -15.974866 2.919750 12.071875
v -15.975189 3.116916 12.099192
v -13.848734 3.116916 12.124375
v -16.004930 2.567956 14.610571
v -13.878475 2.567956 14.635755
v -13.880589 2.744184 14.814170
v -16.007044 2.744184 14.788987
v -13.877693 2.778069 14.569643
v -16.004148 2.778069 14.544460
v -13.874797 2.811953 14.325117
v -16.001253 2.811953 14.299933
v -13.871901 2.845838 14.080589
v -15.998357 2.845838 14.055407
v -13.869005 2.879723 13.836063
v -15.995461 2.879723 13.810880
v -13.866109 2.913607 13.591537
v -15.992565 2.913607 13.566353
v -13.863214 2.947492 13.347010
v -15.989669 2.947492 13.321826
v -13.860317 2.981377 13.102483
v -15.986773 2.981377 13.077299
v -13.857422 3.015261 12.857956
v -15.983877 3.015261 12.832772
v -13.854526 3.049146 12.613429
v -15.980981 3.049146 12.588245
v -13.851629 3.083031 12.368902
v -15.978086 3.083031 12.343719
v -13.851436 2.884346 12.352551
v -15.977892 2.884346 12.327368
v -13.854360 2.850133 12.599444
v -15.980816 2.850133 12.574261
v -13.857284 2.815920 12.846338
v -15.983740 2.815920 12.821155
v -13.860208 2.781708 13.093231
v -15.986664 2.781708 13.068048
v -13.863132 2.747495 13.340125
v -15.989588 2.747495 13.314942
v -13.866055 2.713283 13.587019
v -15.992512 2.713283 13.561835
v -13.868979 2.679070 13.833913
v -15.995436 2.679070 13.808729
v -13.871903 2.644857 14.080807
v -15.998359 2.644857 14.055623
v -13.874827 2.610644 14.327701
v -16.001284 2.610644 14.302517
v -13.877751 2.576432 14.574594
v -16.004208 2.576432 14.549411
v -13.803248 -0.009934 12.915392
v -13.842759 5.009295 16.251610
v -13.677956 -0.009934 12.916876
v -13.717466 5.009295 16.253094
v -13.806433 -0.007284 13.184296
v -13.844954 4.886127 16.436886
v -13.681141 -0.007284 13.185780
v -13.719661 4.886127 16.438370
v -13.822866 2.482213 14.571890
v -13.697574 2.482213 14.573374
v -13.699768 2.359045 14.758650
v -13.825061 2.359045 14.757166
v -13.840702 4.748026 16.077948
v -13.841981 4.910426 16.185894
v -13.716688 4.910426 16.187378
v -13.715410 4.748026 16.079432
v -13.718883 4.787259 16.372652
v -13.717604 4.624859 16.264708
v -13.844175 4.787259 16.371170
v -13.842896 4.624859 16.263224
v -13.713570 4.514229 15.924030
v -13.712144 4.333150 15.803669
v -13.715763 4.391062 16.109306
v -13.714338 4.209982 15.988945
v -13.841056 4.391062 16.107822
v -13.839630 4.209982 15.987461
v -13.837437 4.333150 15.802185
v -13.838861 4.514229 15.922546
v -13.717895 4.985260 16.289248
v -13.719233 4.910161 16.402216
v -13.844525 4.910161 16.400732
v -13.843187 4.985260 16.287764
v -13.824633 2.383079 14.721012
v -13.823295 2.458179 14.608044
v -13.698002 2.458179 14.609528
v -13.699340 2.383079 14.722496
v -13.842468 4.648892 16.227070
v -13.841130 4.723992 16.114101
v -13.843747 4.811293 16.335016
v -13.842409 4.886392 16.222048
v -13.715837 4.723992 16.115585
v -13.717175 4.648892 16.228554
v -13.717116 4.886392 16.223530
v -13.718454 4.811293 16.336498
v -13.712572 4.309115 15.839823
v -13.713910 4.234016 15.952791
v -13.713998 4.490195 15.960184
v -13.715336 4.415095 16.073153
v -13.839203 4.234016 15.951307
v -13.837865 4.309115 15.838339
v -13.840628 4.415096 16.071669
v -13.839291 4.490195 15.958700
v -16.038996 -0.009934 12.888914
v -16.078506 5.009295 16.225132
v -16.164288 -0.009934 12.887430
v -16.203798 5.009295 16.223648
v -16.042181 -0.007285 13.157818
v -16.080700 4.886127 16.410408
v -16.167473 -0.007285 13.156334
v -16.205992 4.886127 16.408924
v -16.058613 2.482213 14.545413
v -16.183907 2.482213 14.543929
v -16.186100 2.359045 14.729204
v -16.060808 2.359045 14.730688
v -16.076450 4.748026 16.051470
v -16.077728 4.910426 16.159416
v -16.203020 4.910426 16.157932
v -16.201742 4.748026 16.049988
v -16.205214 4.787259 16.343208
v -16.203936 4.624859 16.235262
v -16.079922 4.787259 16.344692
v -16.078644 4.624859 16.236746
v -16.199902 4.514230 15.894585
v -16.198475 4.333150 15.774224
v -16.202095 4.391062 16.079861
v -16.200670 4.209982 15.959499
v -16.076803 4.391062 16.081345
v -16.075378 4.209982 15.960983
v -16.073183 4.333150 15.775707
v -16.074610 4.514230 15.896069
v -16.204227 4.985261 16.259802
v -16.205564 4.910161 16.372770
v -16.080273 4.910161 16.374254
v -16.078934 4.985261 16.261286
v -16.060379 2.383079 14.694535
v -16.059042 2.458179 14.581567
v -16.184334 2.458179 14.580083
v -16.185673 2.383079 14.693051
v -16.078215 4.648892 16.200592
v -16.076878 4.723992 16.087624
v -16.079494 4.811293 16.308538
v -16.078156 4.886393 16.195570
v -16.202169 4.723992 16.086140
v -16.203508 4.648892 16.199108
v -16.203447 4.886392 16.194086
v -16.204786 4.811293 16.307055
v -16.198904 4.309116 15.810377
v -16.200241 4.234016 15.923346
v -16.200329 4.490195 15.930738
v -16.201668 4.415096 16.043707
v -16.074949 4.234016 15.924829
v -16.073612 4.309116 15.811861
v -16.076374 4.415096 16.045191
v -16.075037 4.490195 15.932222
v -13.940798 0.000682 15.120118
v -13.905244 2.934748 12.117952
v -13.813074 0.000682 15.121631
v -13.777520 2.934748 12.119465
v -13.944576 0.000000 15.439127
v -13.907085 3.093873 12.273445
v -13.816853 0.000000 15.440639
v -13.779362 3.093873 12.274958
v -15.954101 0.000682 15.096275
v -15.918546 2.934748 12.094109
v -16.081823 0.000682 15.094763
v -16.046268 2.934748 12.092596
v -15.957878 0.000000 15.415283
v -15.920387 3.093873 12.249602
v -16.085602 0.000000 15.413771
v -16.048111 3.093873 12.248090
v -16.215961 2.919750 12.069019
v -16.216286 3.116916 12.096336
v -13.607317 2.919750 12.099913
v -13.607640 3.116916 12.127231
v -16.246027 2.567956 14.607716
v -16.248140 2.744184 14.786132
v -13.637383 2.567956 14.638610
v -13.639496 2.744184 14.817025
v -13.636658 2.576432 14.577449
v -13.633734 2.610644 14.330555
v -13.630810 2.644857 14.083662
v -13.627887 2.679070 13.836768
v -13.624963 2.713283 13.589874
v -13.622039 2.747495 13.342980
v -13.619115 2.781708 13.096087
v -13.616191 2.815920 12.849194
v -13.613267 2.850133 12.602300
v -13.610343 2.884346 12.355406
v -13.610537 3.083031 12.371758
v -13.613432 3.049146 12.616284
v -13.616328 3.015261 12.860811
v -13.619225 2.981377 13.105338
v -13.622120 2.947492 13.349865
v -13.625016 2.913607 13.594392
v -13.627912 2.879723 13.838919
v -13.630808 2.845838 14.083445
v -13.633703 2.811953 14.327971
v -13.636600 2.778069 14.572498
v -16.218987 2.884346 12.324512
v -16.221912 2.850133 12.571405
v -16.224834 2.815920 12.818299
v -16.227758 2.781708 13.065193
v -16.230682 2.747495 13.312087
v -16.233606 2.713283 13.558980
v -16.236530 2.679070 13.805874
v -16.239454 2.644857 14.052768
v -16.242378 2.610644 14.299662
v -16.245302 2.576432 14.546556
v -16.245245 2.778069 14.541605
v -16.242348 2.811953 14.297078
v -16.239452 2.845838 14.052551
v -16.236557 2.879723 13.808024
v -16.233660 2.913607 13.563498
v -16.230764 2.947492 13.318971
v -16.227869 2.981377 13.074444
v -16.224974 3.015262 12.829917
v -16.222076 3.049146 12.585390
v -16.219181 3.083031 12.340864
v -13.848411 2.919750 12.097057
v -15.974866 2.919750 12.071875
v -15.975189 3.116916 12.099192
v -13.848734 3.116916 12.124375
v -16.004930 2.567956 14.610571
v -13.878475 2.567956 14.635755
v -13.880589 2.744184 14.814170
v -16.007044 2.744184 14.788987
v -13.877693 2.778069 14.569643
v -16.004148 2.778069 14.544460
v -13.874797 2.811953 14.325117
v -16.001253 2.811953 14.299933
v -13.871901 2.845838 14.080589
v -15.998357 2.845838 14.055407
v -13.869005 2.879723 13.836063
v -15.995461 2.879723 13.810880
v -13.866109 2.913607 13.591537
v -15.992565 2.913607 13.566353
v -13.863214 2.947492 13.347010
v -15.989669 2.947492 13.321826
v -13.860317 2.981377 13.102483
v -15.986773 2.981377 13.077299
v -13.857422 3.015261 12.857956
v -15.983877 3.015261 12.832772
v -13.854526 3.049146 12.613429
v -15.980981 3.049146 12.588245
v -13.851629 3.083031 12.368902
v -15.978086 3.083031 12.343719
v -13.851436 2.884346 12.352551
v -15.977892 2.884346 12.327368
v -13.854360 2.850133 12.599444
v -15.980816 2.850133 12.574261
v -13.857284 2.815920 12.846338
v -15.983740 2.815920 12.821155
v -13.860208 2.781708 13.093231
v -15.986664 2.781708 13.068048
v -13.863132 2.747495 13.340125
v -15.989588 2.747495 13.314942
v -13.866055 2.713283 13.587019
v -15.992512 2.713283 13.561835
v -13.868979 2.679070 13.833913
v -15.995436 2.679070 13.808729
v -13.871903 2.644857 14.080807
v -15.998359 2.644857 14.055623
v -13.874827 2.610644 14.327701
v -16.001284 2.610644 14.302517
v -13.877751 2.576432 14.574594
v -16.004208 2.576432 14.549411
v -13.803248 -0.009934 12.915392
v -13.842759 5.009295 16.251610
v -13.677956 -0.009934 12.916876
v -13.717466 5.009295 16.253094
v -13.806433 -0.007284 13.184296
v -13.844954 4.886127 16.436886
v -13.681141 -0.007284 13.185780
v -13.719661 4.886127 16.438370
v -13.822866 2.482213 14.571890
v -13.697574 2.482213 14.573374
v -13.699768 2.359045 14.758650
v -13.825061 2.359045 14.757166
v -13.840702 4.748026 16.077948
v -13.841981 4.910426 16.185894
v -13.716688 4.910426 16.187378
v -13.715410 4.748026 16.079432
v -13.718883 4.787259 16.372652
v -13.717604 4.624859 16.264708
v -13.844175 4.787259 16.371170
v -13.842896 4.624859 16.263224
v -13.713570 4.514229 15.924030
v -13.712144 4.333150 15.803669
v -13.715763 4.391062 16.109306
v -13.714338 4.209982 15.988945
v -13.841056 4.391062 16.107822
v -13.839630 4.209982 15.987461
v -13.837437 4.333150 15.802185
v -13.838861 4.514229 15.922546
v -13.717895 4.985260 16.289248
v -13.719233 4.910161 16.402216
v -13.844525 4.910161 16.400732
v -13.843187 4.985260 16.287764
v -13.824633 2.383079 14.721012
v -13.823295 2.458179 14.608044
v -13.698002 2.458179 14.609528
v -13.699340 2.383079 14.722496
v -13.842468 4.648892 16.227070
v -13.841130 4.723992 16.114101
v -13.843747 4.811293 16.335016
v -13.842409 4.886392 16.222048
v -13.715837 4.723992 16.115585
v -13.717175 4.648892 16.228554
v -13.717116 4.886392 16.223530
v -13.718454 4.811293 16.336498
v -13.712572 4.309115 15.839823
v -13.713910 4.234016 15.952791
v -13.713998 4.490195 15.960184
v -13.715336 4.415095 16.073153
v -13.839203 4.234016 15.951307
v -13.837865 4.309115 15.838339
v -13.840628 4.415096 16.071669
v -13.839291 4.490195 15.958700
v -16.038996 -0.009934 12.888914
v -16.078506 5.009295 16.225132
v -16.164288 -0.009934 12.887430
v -16.203798 5.009295 16.223648
v -16.042181 -0.007285 13.157818
v -16.080700 4.886127 16.410408
v -16.167473 -0.007285 13.156334
v -16.205992 4.886127 16.408924
v -16.058613 2.482213 14.545413
v -16.183907 2.482213 14.543929
v -16.186100 2.359045 14.729204
v -16.060808 2.359045 14.730688
v -16.076450 4.748026 16.051470
v -16.077728 4.910426 16.159416
v -16.203020 4.910426 16.157932
v -16.201742 4.748026 16.049988
v -16.205214 4.787259 16.343208
v -16.203936 4.624859 16.235262
v -16.079922 4.787259 16.344692
v -16.078644 4.624859 16.236746
v -16.199902 4.514230 15.894585
v -16.198475 4.333150 15.774224
v -16.202095 4.391062 16.079861
v -16.200670 4.209982 15.959499
v -16.076803 4.391062 16.081345
v -16.075378 4.209982 15.960983
v -16.073183 4.333150 15.775707
v -16.074610 4.514230 15.896069
v -16.204227 4.985261 16.259802
v -16.205564 4.910161 16.372770
v -16.080273 4.910161 16.374254
v -16.078934 4.985261 16.261286
v -16.060379 2.383079 14.694535
v -16.059042 2.458179 14.581567
v -16.184334 2.458179 14.580083
v -16.185673 2.383079 14.693051
v -16.078215 4.648892 16.200592
v -16.076878 4.723992 16.087624
v -16.079494 4.811293 16.308538
v -16.078156 4.886393 16.195570
v -16.202169 4.723992 16.086140
v -16.203508 4.648892 16.199108
v -16.203447 4.886392 16.194086
v -16.204786 4.811293 16.307055
v -16.198904 4.309116 15.810377
v -16.200241 4.234016 15.923346
v -16.200329 4.490195 15.930738
v -16.201668 4.415096 16.043707
v -16.074949 4.234016 15.924829
v -16.073612 4.309116 15.811861
v -16.076374 4.415096 16.045191
v -16.075037 4.490195 15.932222
v -13.940798 0.000682 15.120118
v -13.905244 2.934748 12.117952
v -13.813074 0.000682 15.121631
v -13.777520 2.934748 12.119465
v -13.944576 0.000000 15.439127
v -13.907085 3.093873 12.273445
v -13.816853 0.000000 15.440639
v -13.779362 3.093873 12.274958
v -15.954101 0.000682 15.096275
v -15.918546 2.934748 12.094109
v -16.081823 0.000682 15.094763
v -16.046268 2.934748 12.092596
v -15.957878 0.000000 15.415283
v -15.920387 3.093873 12.249602
v -16.085602 0.000000 15.413771
v -16.048111 3.093873 12.248090
v -16.215961 2.919750 12.069019
v -16.216286 3.116916 12.096336
v -13.607317 2.919750 12.099913
v -13.607640 3.116916 12.127231
v -16.246027 2.567956 14.607716
v -16.248140 2.744184 14.786132
v -13.637383 2.567956 14.638610
v -13.639496 2.744184 14.817025
v -13.636658 2.576432 14.577449
v -13.633734 2.610644 14.330555
v -13.630810 2.644857 14.083662
v -13.627887 2.679070 13.836768
v -13.624963 2.713283 13.589874
v -13.622039 2.747495 13.342980
v -13.619115 2.781708 13.096087
v -13.616191 2.815920 12.849194
v -13.613267 2.850133 12.602300
v -13.610343 2.884346 12.355406
v -13.610537 3.083031 12.371758
v -13.613432 3.049146 12.616284
v -13.616328 3.015261 12.860811
v -13.619225 2.981377 13.105338
v -13.622120 2.947492 13.349865
v -13.625016 2.913607 13.594392
v -13.627912 2.879723 13.838919
v -13.630808 2.845838 14.083445
v -13.633703 2.811953 14.327971
v -13.636600 2.778069 14.572498
v -16.218987 2.884346 12.324512
v -16.221912 2.850133 12.571405
v -16.224834 2.815920 12.818299
v -16.227758 2.781708 13.065193
v -16.230682 2.747495 13.312087
v -16.233606 2.713283 13.558980
v -16.236530 2.679070 13.805874
v -16.239454 2.644857 14.052768
v -16.242378 2.610644 14.299662
v -16.245302 2.576432 14.546556
v -16.245245 2.778069 14.541605
v -16.242348 2.811953 14.297078
v -16.239452 2.845838 14.052551
v -16.236557 2.879723 13.808024
v -16.233660 2.913607 13.563498
v -16.230764 2.947492 13.318971
v -16.227869 2.981377 13.074444
v -16.224974 3.015262 12.829917
v -16.222076 3.049146 12.585390
v -16.219181 3.083031 12.340864
v -13.848411 2.919750 12.097057
v -15.974866 2.919750 12.071875
v -15.975189 3.116916 12.099192
v -13.848734 3.116916 12.124375
v -16.004930 2.567956 14.610571
v -13.878475 2.567956 14.635755
v -13.880589 2.744184 14.814170
v -16.007044 2.744184 14.788987
v -13.877693 2.778069 14.569643
v -16.004148 2.778069 14.544460
v -13.874797 2.811953 14.325117
v -16.001253 2.811953 14.299933
v -13.871901 2.845838 14.080589
v -15.998357 2.845838 14.055407
v -13.869005 2.879723 13.836063
v -15.995461 2.879723 13.810880
v -13.866109 2.913607 13.591537
v -15.992565 2.913607 13.566353
v -13.863214 2.947492 13.347010
v -15.989669 2.947492 13.321826
v -13.860317 2.981377 13.102483
v -15.986773 2.981377 13.077299
v -13.857422 3.015261 12.857956
v -15.983877 3.015261 12.832772
v -13.854526 3.049146 12.613429
v -15.980981 3.049146 12.588245
v -13.851629 3.083031 12.368902
v -15.978086 3.083031 12.343719
v -13.851436 2.884346 12.352551
v -15.977892 2.884346 12.327368
v -13.854360 2.850133 12.599444
v -15.980816 2.850133 12.574261
v -13.857284 2.815920 12.846338
v -15.983740 2.815920 12.821155
v -13.860208 2.781708 13.093231
v -15.986664 2.781708 13.068048
v -13.863132 2.747495 13.340125
v -15.989588 2.747495 13.314942
v -13.866055 2.713283 13.587019
v -15.992512 2.713283 13.561835
v -13.868979 2.679070 13.833913
v -15.995436 2.679070 13.808729
v -13.871903 2.644857 14.080807
v -15.998359 2.644857 14.055623
v -13.874827 2.610644 14.327701
v -16.001284 2.610644 14.302517
v -13.877751 2.576432 14.574594
v -16.004208 2.576432 14.549411
v -13.803248 -0.009934 12.915392
v -13.842759 5.009295 16.251610
v -13.677956 -0.009934 12.916876
v -13.717466 5.009295 16.253094
v -13.806433 -0.007284 13.184296
v -13.844954 4.886127 16.436886
v -13.681141 -0.007284 13.185780
v -13.719661 4.886127 16.438370
v -13.822866 2.482213 14.571890
v -13.697574 2.482213 14.573374
v -13.699768 2.359045 14.758650
v -13.825061 2.359045 14.757166
v -13.840702 4.748026 16.077948
v -13.841981 4.910426 16.185894
v -13.716688 4.910426 16.187378
v -13.715410 4.748026 16.079432
v -13.718883 4.787259 16.372652
v -13.717604 4.624859 16.264708
v -13.844175 4.787259 16.371170
v -13.842896 4.624859 16.263224
v -13.713570 4.514229 15.924030
v -13.712144 4.333150 15.803669
v -13.715763 4.391062 16.109306
v -13.714338 4.209982 15.988945
v -13.841056 4.391062 16.107822
v -13.839630 4.209982 15.987461
v -13.837437 4.333150 15.802185
v -13.838861 4.514229 15.922546
v -13.717895 4.985260 16.289248
v -13.719233 4.910161 16.402216
v -13.844525 4.910161 16.400732
v -13.843187 4.985260 16.287764
v -13.824633 2.383079 14.721012
v -13.823295 2.458179 14.608044
v -13.698002 2.458179 14.609528
v -13.699340 2.383079 14.722496
v -13.842468 4.648892 16.227070
v -13.841130 4.723992 16.114101
v -13.843747 4.811293 16.335016
v -13.842409 4.886392 16.222048
v -13.715837 4.723992 16.115585
v -13.717175 4.648892 16.228554
v -13.717116 4.886392 16.223530
v -13.718454 4.811293 16.336498
v -13.712572 4.309115 15.839823
v -13.713910 4.234016 15.952791
v -13.713998 4.490195 15.960184
v -13.715336 4.415095 16.073153
v -13.839203 4.234016 15.951307
v -13.837865 4.309115 15.838339
v -13.840628 4.415096 16.071669
v -13.839291 4.490195 15.958700
v -16.038996 -0.009934 12.888914
v -16.078506 5.009295 16.225132
v -16.164288 -0.009934 12.887430
v -16.203798 5.009295 16.223648
v -16.042181 -0.007285 13.157818
v -16.080700 4.886127 16.410408
v -16.167473 -0.007285 13.156334
v -16.205992 4.886127 16.408924
v -16.058613 2.482213 14.545413
v -16.183907 2.482213 14.543929
v -16.186100 2.359045 14.729204
v -16.060808 2.359045 14.730688
v -16.076450 4.748026 16.051470
v -16.077728 4.910426 16.159416
v -16.203020 4.910426 16.157932
v -16.201742 4.748026 16.049988
v -16.205214 4.787259 16.343208
v -16.203936 4.624859 16.235262
v -16.079922 4.787259 16.344692
v -16.078644 4.624859 16.236746
v -16.199902 4.514230 15.894585
v -16.198475 4.333150 15.774224
v -16.202095 4.391062 16.079861
v -16.200670 4.209982 15.959499
v -16.076803 4.391062 16.081345
v -16.075378 4.209982 15.960983
v -16.073183 4.333150 15.775707
v -16.074610 4.514230 15.896069
v -16.204227 4.985261 16.259802
v -16.205564 4.910161 16.372770
v -16.080273 4.910161 16.374254
v -16.078934 4.985261 16.261286
v -16.060379 2.383079 14.694535
v -16.059042 2.458179 14.581567
v -16.184334 2.458179 14.580083
v -16.185673 2.383079 14.693051
v -16.078215 4.648892 16.200592
v -16.076878 4.723992 16.087624
v -16.079494 4.811293 16.308538
v -16.078156 4.886393 16.195570
v -16.202169 4.723992 16.086140
v -16.203508 4.648892 16.199108
v -16.203447 4.886392 16.194086
v -16.204786 4.811293 16.307055
v -16.198904 4.309116 15.810377
v -16.200241 4.234016 15.923346
v -16.200329 4.490195 15.930738
v -16.201668 4.415096 16.043707
v -16.074949 4.234016 15.924829
v -16.073612 4.309116 15.811861
v -16.076374 4.415096 16.045191
v -16.075037 4.490195 15.932222
v -13.940798 0.000682 15.120118
v -13.905244 2.934748 12.117952
v -13.813074 0.000682 15.121631
v -13.777520 2.934748 12.119465
v -13.944576 0.000000 15.439127
v -13.907085 3.093873 12.273445
v -13.816853 0.000000 15.440639
v -13.779362 3.093873 12.274958
v -15.954101 0.000682 15.096275
v -15.918546 2.934748 12.094109
v -16.081823 0.000682 15.094763
v -16.046268 2.934748 12.092596
v -15.957878 0.000000 15.415283
v -15.920387 3.093873 12.249602
v -16.085602 0.000000 15.413771
v -16.048111 3.093873 12.248090
v -16.215961 2.919750 12.069019
v -16.216286 3.116916 12.096336
v -13.607317 2.919750 12.099913
v -13.607640 3.116916 12.127231
v -16.246027 2.567956 14.607716
v -16.248140 2.744184 14.786132
v -13.637383 2.567956 14.638610
v -13.639496 2.744184 14.817025
v -13.636658 2.576432 14.577449
v -13.633734 2.610644 14.330555
v -13.630810 2.644857 14.083662
v -13.627887 2.679070 13.836768
v -13.624963 2.713283 13.589874
v -13.622039 2.747495 13.342980
v -13.619115 2.781708 13.096087
v -13.616191 2.815920 12.849194
v -13.613267 2.850133 12.602300
v -13.610343 2.884346 12.355406
v -13.610537 3.083031 12.371758
v -13.613432 3.049146 12.616284
v -13.616328 3.015261 12.860811
v -13.619225 2.981377 13.105338
v -13.622120 2.947492 13.349865
v -13.625016 2.913607 13.594392
v -13.627912 2.879723 13.838919
v -13.630808 2.845838 14.083445
v -13.633703 2.811953 14.327971
v -13.636600 2.778069 14.572498
v -16.218987 2.884346 12.324512
v -16.221912 2.850133 12.571405
v -16.224834 2.815920 12.818299
v -16.227758 2.781708 13.065193
v -16.230682 2.747495 13.312087
v -16.233606 2.713283 13.558980
v -16.236530 2.679070 13.805874
v -16.239454 2.644857 14.052768
v -16.242378 2.610644 14.299662
v -16.245302 2.576432 14.546556
v -16.245245 2.778069 14.541605
v -16.242348 2.811953 14.297078
v -16.239452 2.845838 14.052551
v -16.236557 2.879723 13.808024
v -16.233660 2.913607 13.563498
v -16.230764 2.947492 13.318971
v -16.227869 2.981377 13.074444
v -16.224974 3.015262 12.829917
v -16.222076 3.049146 12.585390
v -16.219181 3.083031 12.340864
v -13.848411 2.919750 12.097057
v -15.974866 2.919750 12.071875
v -15.975189 3.116916 12.099192
v -13.848734 3.116916 12.124375
v -16.004930 2.567956 14.610571
v -13.878475 2.567956 14.635755
v -13.880589 2.744184 14.814170
v -16.007044 2.744184 14.788987
v -13.877693 2.778069 14.569643
v -16.004148 2.778069 14.544460
v -13.874797 2.811953 14.325117
v -16.001253 2.811953 14.299933
v -13.871901 2.845838 14.080589
v -15.998357 2.845838 14.055407
v -13.869005 2.879723 13.836063
v -15.995461 2.879723 13.810880
v -13.866109 2.913607 13.591537
v -15.992565 2.913607 13.566353
v -13.863214 2.947492 13.347010
v -15.989669 2.947492 13.321826
v -13.860317 2.981377 13.102483
v -15.986773 2.981377 13.077299
v -13.857422 3.015261 12.857956
v -15.983877 3.015261 12.832772
v -13.854526 3.049146 12.613429
v -15.980981 3.049146 12.588245
v -13.851629 3.083031 12.368902
v -15.978086 3.083031 12.343719
v -13.851436 2.884346 12.352551
v -15.977892 2.884346 12.327368
v -13.854360 2.850133 12.599444
v -15.980816 2.850133 12.574261
v -13.857284 2.815920 12.846338
v -15.983740 2.815920 12.821155
v -13.860208 2.781708 13.093231
v -15.986664 2.781708 13.068048
v -13.863132 2.747495 13.340125
v -15.989588 2.747495 13.314942
v -13.866055 2.713283 13.587019
v -15.992512 2.713283 13.561835
v -13.868979 2.679070 13.833913
v -15.995436 2.679070 13.808729
v -13.871903 2.644857 14.080807
v -15.998359 2.644857 14.055623
v -13.874827 2.610644 14.327701
v -16.001284 2.610644 14.302517
v -13.877751 2.576432 14.574594
v -16.004208 2.576432 14.549411
v -13.803248 -0.009934 12.915392
v -13.842759 5.009295 16.251610
v -13.677956 -0.009934 12.916876
v -13.717466 5.009295 16.253094
v -13.806433 -0.007284 13.184296
v -13.844954 4.886127 16.436886
v -13.681141 -0.007284 13.185780
v -13.719661 4.886127 16.438370
v -13.822866 2.482213 14.571890
v -13.697574 2.482213 14.573374
v -13.699768 2.359045 14.758650
v -13.825061 2.359045 14.757166
v -13.840702 4.748026 16.077948
v -13.841981 4.910426 16.185894
v -13.716688 4.910426 16.187378
v -13.715410 4.748026 16.079432
v -13.718883 4.787259 16.372652
v -13.717604 4.624859 16.264708
v -13.844175 4.787259 16.371170
v -13.842896 4.624859 16.263224
v -13.713570 4.514229 15.924030
v -13.712144 4.333150 15.803669
v -13.715763 4.391062 16.109306
v -13.714338 4.209982 15.988945
v -13.841056 4.391062 16.107822
v -13.839630 4.209982 15.987461
v -13.837437 4.333150 15.802185
v -13.838861 4.514229 15.922546
v -13.717895 4.985260 16.289248
v -13.719233 4.910161 16.402216
v -13.844525 4.910161 16.400732
v -13.843187 4.985260 16.287764
v -13.824633 2.383079 14.721012
v -13.823295 2.458179 14.608044
v -13.698002 2.458179 14.609528
v -13.699340 2.383079 14.722496
v -13.842468 4.648892 16.227070
v -13.841130 4.723992 16.114101
v -13.843747 4.811293 16.335016
v -13.842409 4.886392 16.222048
v -13.715837 4.723992 16.115585
v -13.717175 4.648892 16.228554
v -13.717116 4.886392 16.223530
v -13.718454 4.811293 16.336498
v -13.712572 4.309115 15.839823
v -13.713910 4.234016 15.952791
v -13.713998 4.490195 15.960184
v -13.715336 4.415095 16.073153
v -13.839203 4.234016 15.951307
v -13.837865 4.309115 15.838339
v -13.840628 4.415096 16.071669
v -13.839291 4.490195 15.958700
v -16.038996 -0.009934 12.888914
v -16.078506 5.009295 16.225132
v -16.164288 -0.009934 12.887430
v -16.203798 5.009295 16.223648
v -16.042181 -0.007285 13.157818
v -16.080700 4.886127 16.410408
v -16.167473 -0.007285 13.156334
v -16.205992 4.886127 16.408924
v -16.058613 2.482213 14.545413
v -16.183907 2.482213 14.543929
v -16.186100 2.359045 14.729204
v -16.060808 2.359045 14.730688
v -16.076450 4.748026 16.051470
v -16.077728 4.910426 16.159416
v -16.203020 4.910426 16.157932
v -16.201742 4.748026 16.049988
v -16.205214 4.787259 16.343208
v -16.203936 4.624859 16.235262
v -16.079922 4.787259 16.344692
v -16.078644 4.624859 16.236746
v -16.199902 4.514230 15.894585
v -16.198475 4.333150 15.774224
v -16.202095 4.391062 16.079861
v -16.200670 4.209982 15.959499
v -16.076803 4.391062 16.081345
v -16.075378 4.209982 15.960983
v -16.073183 4.333150 15.775707
v -16.074610 4.514230 15.896069
v -16.204227 4.985261 16.259802
v -16.205564 4.910161 16.372770
v -16.080273 4.910161 16.374254
v -16.078934 4.985261 16.261286
v -16.060379 2.383079 14.694535
v -16.059042 2.458179 14.581567
v -16.184334 2.458179 14.580083
v -16.185673 2.383079 14.693051
v -16.078215 4.648892 16.200592
v -16.076878 4.723992 16.087624
v -16.079494 4.811293 16.308538
v -16.078156 4.886393 16.195570
v -16.202169 4.723992 16.086140
v -16.203508 4.648892 16.199108
v -16.203447 4.886392 16.194086
v -16.204786 4.811293 16.307055
v -16.198904 4.309116 15.810377
v -16.200241 4.234016 15.923346
v -16.200329 4.490195 15.930738
v -16.201668 4.415096 16.043707
v -16.074949 4.234016 15.924829
v -16.073612 4.309116 15.811861
v -16.076374 4.415096 16.045191
v -16.075037 4.490195 15.932222
v -13.940798 0.000682 15.120118
v -13.905244 2.934748 12.117952
v -13.813074 0.000682 15.121631
v -13.777520 2.934748 12.119465
v -13.944576 0.000000 15.439127
v -13.907085 3.093873 12.273445
v -13.816853 0.000000 15.440639
v -13.779362 3.093873 12.274958
v -15.954101 0.000682 15.096275
v -15.918546 2.934748 12.094109
v -16.081823 0.000682 15.094763
v -16.046268 2.934748 12.092596
v -15.957878 0.000000 15.415283
v -15.920387 3.093873 12.249602
v -16.085602 0.000000 15.413771
v -16.048111 3.093873 12.248090
v -16.215961 2.919750 12.069019
v -16.216286 3.116916 12.096336
v -13.607317 2.919750 12.099913
v -13.607640 3.116916 12.127231
v -16.246027 2.567956 14.607716
v -16.248140 2.744184 14.786132
v -13.637383 2.567956 14.638610
v -13.639496 2.744184 14.817025
v -13.636658 2.576432 14.577449
v -13.633734 2.610644 14.330555
v -13.630810 2.644857 14.083662
v -13.627887 2.679070 13.836768
v -13.624963 2.713283 13.589874
v -13.622039 2.747495 13.342980
v -13.619115 2.781708 13.096087
v -13.616191 2.815920 12.849194
v -13.613267 2.850133 12.602300
v -13.610343 2.884346 12.355406
v -13.610537 3.083031 12.371758
v -13.613432 3.049146 12.616284
v -13.616328 3.015261 12.860811
v -13.619225 2.981377 13.105338
v -13.622120 2.947492 13.349865
v -13.625016 2.913607 13.594392
v -13.627912 2.879723 13.838919
v -13.630808 2.845838 14.083445
v -13.633703 2.811953 14.327971
v -13.636600 2.778069 14.572498
v -16.218987 2.884346 12.324512
v -16.221912 2.850133 12.571405
v -16.224834 2.815920 12.818299
v -16.227758 2.781708 13.065193
v -16.230682 2.747495 13.312087
v -16.233606 2.713283 13.558980
v -16.236530 2.679070 13.805874
v -16.239454 2.644857 14.052768
v -16.242378 2.610644 14.299662
v -16.245302 2.576432 14.546556
v -16.245245 2.778069 14.541605
v -16.242348 2.811953 14.297078
v -16.239452 2.845838 14.052551
v -16.236557 2.879723 13.808024
v -16.233660 2.913607 13.563498
v -16.230764 2.947492 13.318971
v -16.227869 2.981377 13.074444
v -16.224974 3.015262 12.829917
v -16.222076 3.049146 12.585390
v -16.219181 3.083031 12.340864
v -13.848411 2.919750 12.097057
v -15.974866 2.919750 12.071875
v -15.975189 3.116916 12.099192
v -13.848734 3.116916 12.124375
v -16.004930 2.567956 14.610571
v -13.878475 2.567956 14.635755
v -13.880589 2.744184 14.814170
v -16.007044 2.744184 14.788987
v -13.877693 2.778069 14.569643
v -16.004148 2.778069 14.544460
v -13.874797 2.811953 14.325117
v -16.001253 2.811953 14.299933
v -13.871901 2.845838 14.080589
v -15.998357 2.845838 14.055407
v -13.869005 2.879723 13.836063
v -15.995461 2.879723 13.810880
v -13.866109 2.913607 13.591537
v -15.992565 2.913607 13.566353
v -13.863214 2.947492 13.347010
v -15.989669 2.947492 13.321826
v -13.860317 2.981377 13.102483
v -15.986773 2.981377 13.077299
v -13.857422 3.015261 12.857956
v -15.983877 3.015261 12.832772
v -13.854526 3.049146 12.613429
v -15.980981 3.049146 12.588245
v -13.851629 3.083031 12.368902
v -15.978086 3.083031 12.343719
v -13.851436 2.884346 12.352551
v -15.977892 2.884346 12.327368
v -13.854360 2.850133 12.599444
v -15.980816 2.850133 12.574261
v -13.857284 2.815920 12.846338
v -15.983740 2.815920 12.821155
v -13.860208 2.781708 13.093231
v -15.986664 2.781708 13.068048
v -13.863132 2.747495 13.340125
v -15.989588 2.747495 13.314942
v -13.866055 2.713283 13.587019
v -15.992512 2.713283 13.561835
v -13.868979 2.679070 13.833913
v -15.995436 2.679070 13.808729
v -13.871903 2.644857 14.080807
v -15.998359 2.644857 14.055623
v -13.874827 2.610644 14.327701
v -16.001284 2.610644 14.302517
v -13.877751 2.576432 14.574594
v -16.004208 2.576432 14.549411
v -13.803248 -0.009934 12.915392
v -13.842759 5.009295 16.251610
v -13.677956 -0.009934 12.916876
v -13.717466 5.009295 16.253094
v -13.806433 -0.007284 13.184296
v -13.844954 4.886127 16.436886
v -13.681141 -0.007284 13.185780
v -13.719661 4.886127 16.438370
v -13.822866 2.482213 14.571890
v -13.697574 2.482213 14.573374
v -13.699768 2.359045 14.758650
v -13.825061 2.359045 14.757166
v -13.840702 4.748026 16.077948
v -13.841981 4.910426 16.185894
v -13.716688 4.910426 16.187378
v -13.715410 4.748026 16.079432
v -13.718883 4.787259 16.372652
v -13.717604 4.624859 16.264708
v -13.844175 4.787259 16.371170
v -13.842896 4.624859 16.263224
v -13.713570 4.514229 15.924030
v -13.712144 4.333150 15.803669
v -13.715763 4.391062 16.109306
v -13.714338 4.209982 15.988945
v -13.841056 4.391062 16.107822
v -13.839630 4.209982 15.987461
v -13.837437 4.333150 15.802185
v -13.838861 4.514229 15.922546
v -13.717895 4.985260 16.289248
v -13.719233 4.910161 16.402216
v -13.844525 4.910161 16.400732
v -13.843187 4.985260 16.287764
v -13.824633 2.383079 14.721012
v -13.823295 2.458179 14.608044
v -13.698002 2.458179 14.609528
v -13.699340 2.383079 14.722496
v -13.842468 4.648892 16.227070
v -13.841130 4.723992 16.114101
v -13.843747 4.811293 16.335016
v -13.842409 4.886392 16.222048
v -13.715837 4.723992 16.115585
v -13.717175 4.648892 16.228554
v -13.717116 4.886392 16.223530
v -13.718454 4.811293 16.336498
v -13.712572 4.309115 15.839823
v -13.713910 4.234016 15.952791
v -13.713998 4.490195 15.960184
v -13.715336 4.415095 16.073153
v -13.839203 4.234016 15.951307
v -13.837865 4.309115 15.838339
v -13.840628 4.415096 16.071669
v -13.839291 4.490195 15.958700
v -16.038996 -0.009934 12.888914
v -16.078506 5.009295 16.225132
v -16.164288 -0.009934 12.887430
v -16.203798 5.009295 16.223648
v -16.042181 -0.007285 13.157818
v -16.080700 4.886127 16.410408
v -16.167473 -0.007285 13.156334
v -16.205992 4.886127 16.408924
v -16.058613 2.482213 14.545413
v -16.183907 2.482213 14.543929
v -16.186100 2.359045 14.729204
v -16.060808 2.359045 14.730688
v -16.076450 4.748026 16.051470
v -16.077728 4.910426 16.159416
v -16.203020 4.910426 16.157932
v -16.201742 4.748026 16.049988
v -16.205214 4.787259 16.343208
v -16.203936 4.624859 16.235262
v -16.079922 4.787259 16.344692
v -16.078644 4.624859 16.236746
v -16.199902 4.514230 15.894585
v -16.198475 4.333150 15.774224
v -16.202095 4.391062 16.079861
v -16.200670 4.209982 15.959499
v -16.076803 4.391062 16.081345
v -16.075378 4.209982 15.960983
v -16.073183 4.333150 15.775707
v -16.074610 4.514230 15.896069
v -16.204227 4.985261 16.259802
v -16.205564 4.910161 16.372770
v -16.080273 4.910161 16.374254
v -16.078934 4.985261 16.261286
v -16.060379 2.383079 14.694535
v -16.059042 2.458179 14.581567
v -16.184334 2.458179 14.580083
v -16.185673 2.383079 14.693051
v -16.078215 4.648892 16.200592
v -16.076878 4.723992 16.087624
v -16.079494 4.811293 16.308538
v -16.078156 4.886393 16.195570
v -16.202169 4.723992 16.086140
v -16.203508 4.648892 16.199108
v -16.203447 4.886392 16.194086
v -16.204786 4.811293 16.307055
v -16.198904 4.309116 15.810377
v -16.200241 4.234016 15.923346
v -16.200329 4.490195 15.930738
v -16.201668 4.415096 16.043707
v -16.074949 4.234016 15.924829
v -16.073612 4.309116 15.811861
v -16.076374 4.415096 16.045191
v -16.075037 4.490195 15.932222
vn 0.0083 -0.7152 -0.6989
vn 0.9999 -0.0000 0.0118
vn -0.0083 0.7152 0.6989
vn -0.9999 -0.0000 -0.0118
vn -0.0000 -1.0000 -0.0021
vn 0.0085 0.6989 -0.7151
vn 0.0117 0.1373 -0.9905
vn -0.0083 -0.7115 0.7027
vn 0.0016 -0.9905 -0.1372
vn -0.0016 0.9905 0.1372
vn 0.0117 0.1372 -0.9905
vn 0.0118 0.0701 -0.9975
vn -0.0118 -0.0820 0.9966
vn 0.0118 0.0463 -0.9989
vn -0.0118 -0.0582 0.9982
vn 0.0118 0.0225 -0.9997
vn -0.0118 -0.0344 0.9993
vn 0.0118 -0.0011 -0.9999
vn -0.0118 -0.0107 0.9999
vn 0.0118 -0.0245 -0.9996
vn -0.0118 0.0128 0.9998
vn 0.0099 0.5536 -0.8327
vn -0.0099 -0.5536 0.8327
vn -0.0066 0.8328 0.5536
vn -0.0066 0.8328 0.5535
vn -0.0001 -1.0000 0.0099
vn 0.0066 -0.8328 -0.5535
vt 0.375000 0.000000
vt 0.625000 0.000000
vt 0.625000 0.250000
vt 0.375000 0.250000
vt 0.625000 0.500000
vt 0.375000 0.500000
vt 0.625000 0.750000
vt 0.375000 0.750000
vt 0.625000 1.000000
vt 0.375000 1.000000
vt 0.125000 0.500000
vt 0.125000 0.750000
vt 0.875000 0.500000
vt 0.875000 0.750000
vt 0.375000 0.166667
vt 0.625000 0.166667
vt 0.375000 0.477273
vt 0.625000 0.477273
vt 0.375000 0.666667
vt 0.625000 0.666667
vt 0.375000 0.977273
vt 0.625000 0.977273
vt 0.352273 0.666667
vt 0.352273 0.750000
vt 0.852273 0.666667
vt 0.875000 0.666667
vt 0.852273 0.750000
vt 0.647727 0.666667
vt 0.647727 0.750000
vt 0.670454 0.666667
vt 0.670455 0.750000
vt 0.693182 0.666667
vt 0.693182 0.750000
vt 0.715909 0.666667
vt 0.715909 0.750000
vt 0.738636 0.666667
vt 0.738636 0.750000
vt 0.761364 0.666667
vt 0.761364 0.750000
vt 0.784091 0.666667
vt 0.784091 0.750000
vt 0.806818 0.666667
vt 0.806818 0.750000
vt 0.829545 0.666667
vt 0.829545 0.750000
vt 0.125000 0.666667
vt 0.147727 0.666667
vt 0.147727 0.750000
vt 0.170455 0.666667
vt 0.170455 0.750000
vt 0.193182 0.666667
vt 0.193182 0.750000
vt 0.215909 0.666667
vt 0.215909 0.750000
vt 0.238636 0.666667
vt 0.238636 0.750000
vt 0.261364 0.666667
vt 0.261364 0.750000
vt 0.284091 0.666667
vt 0.284091 0.750000
vt 0.306818 0.666667
vt 0.306818 0.750000
vt 0.329545 0.666667
vt 0.329545 0.750000
vt 0.625000 0.772727
vt 0.375000 0.772727
vt 0.625000 0.795455
vt 0.375000 0.795455
vt 0.625000 0.818182
vt 0.375000 0.818182
vt 0.625000 0.840909
vt 0.375000 0.840909
vt 0.625000 0.863636
vt 0.375000 0.863636
vt 0.625000 0.886364
vt 0.375000 0.886364
vt 0.625000 0.909091
vt 0.375000 0.909091
vt 0.625000 0.931818
vt 0.375000 0.931818
vt 0.625000 0.954545
vt 0.375000 0.954545
vt 0.625000 0.272727
vt 0.375000 0.272727
vt 0.625000 0.295455
vt 0.375000 0.295455
vt 0.625000 0.318182
vt 0.375000 0.318182
vt 0.625000 0.340909
vt 0.375000 0.340909
vt 0.625000 0.363636
vt 0.375000 0.363636
vt 0.625000 0.386364
vt 0.375000 0.386364
vt 0.625000 0.409091
vt 0.375000 0.409091
vt 0.625000 0.431818
vt 0.375000 0.431818
vt 0.625000 0.454545
vt 0.375000 0.454545
vt 0.329545 0.500000
vt 0.352273 0.500000
vt 0.352273 0.583333
vt 0.329545 0.583333
vt 0.306818 0.500000
vt 0.306818 0.583333
vt 0.284091 0.500000
vt 0.284091 0.583333
vt 0.261364 0.500000
vt 0.261364 0.583333
vt 0.238636 0.500000
vt 0.238636 0.583333
vt 0.215909 0.500000
vt 0.215909 0.583333
vt 0.193182 0.500000
vt 0.193182 0.583333
vt 0.170455 0.500000
vt 0.170455 0.583333
vt 0.147727 0.500000
vt 0.147727 0.583333
vt 0.125000 0.583333
vt 0.829545 0.500000
vt 0.852273 0.500000
vt 0.852273 0.583333
vt 0.829545 0.583333
vt 0.806818 0.500000
vt 0.806818 0.583333
vt 0.784091 0.500000
vt 0.784091 0.583333
vt 0.761364 0.500000
vt 0.761364 0.583333
vt 0.738636 0.500000
vt 0.738636 0.583333
vt 0.715909 0.500000
vt 0.715909 0.583333
vt 0.693182 0.500000
vt 0.693182 0.583333
vt 0.670455 0.500000
vt 0.670455 0.583333
vt 0.647727 0.500000
vt 0.647727 0.583333
vt 0.625000 0.583333
vt 0.875000 0.583333
vt 0.375000 0.583333
vt 0.625000 0.083333
vt 0.375000 0.083333
vt 0.000000 0.000000
vt 0.618733 0.000000
vt 0.618733 0.250000
vt 0.618733 0.416667
vt 0.625000 0.416667
vt 0.618733 0.500000
vt 0.618733 0.750000
vt 0.618733 0.916667
vt 0.625000 0.916667
vt 0.618733 1.000000
vt 0.791667 0.500000
vt 0.791667 0.750000
vt 0.492197 0.500000
vt 0.492197 0.750000
vt 0.492197 0.000000
vt 0.492197 0.250000
vt 0.571425 0.916667
vt 0.574465 0.916667
vt 0.574465 1.000000
vt 0.571425 1.000000
vt 0.571425 0.500000
vt 0.574465 0.500000
vt 0.574465 0.750000
vt 0.571425 0.750000
vt 0.571425 0.416667
vt 0.574465 0.416667
vt 0.571425 0.000000
vt 0.574465 0.000000
vt 0.574465 0.250000
vt 0.571425 0.250000
vt 0.544002 0.000000
vt 0.544002 0.250000
vt 0.492197 0.416667
vt 0.544002 0.416667
vt 0.544002 0.500000
vt 0.544002 0.750000
vt 0.492197 0.916667
vt 0.544002 0.916667
vt 0.544002 1.000000
vt 0.492197 1.000000
vt 0.571425 0.833333
vt 0.544002 0.833333
vt 0.492197 0.833333
vt 0.571425 0.333333
vt 0.544002 0.333333
vt 0.492197 0.333333
vt 0.618733 0.333333
vt 0.574465 0.333333
vt 0.618733 0.833333
vt 0.574465 0.833333
vt 0.708333 0.500000
vt 0.708333 0.750000
vt 0.625000 0.833333
vt 0.625000 0.333333
s 0
usemtl Material.003
f 1/1/1 2/2/1 4/3/1 3/4/1
f 3/4/2 4/3/2 8/5/2 7/6/2
f 7/6/3 8/5/3 6/7/3 5/8/3
f 5/8/4 6/7/4 2/9/4 1/10/4
f 3/11/5 7/6/5 5/8/5 1/12/5
f 8/5/6 4/13/6 2/14/6 6/7/6
f 9/1/1 11/4/1 12/3/1 10/2/1
f 11/4/4 15/6/4 16/5/4 12/3/4
f 15/6/3 13/8/3 14/7/3 16/5/3
f 13/8/2 9/10/2 10/9/2 14/7/2
f 11/11/5 9/12/5 13/8/5 15/6/5
f 16/5/6 14/7/6 10/14/6 12/13/6
f 65/15/7 68/16/7 20/3/7 19/4/7
f 25/17/2 44/18/2 24/5/2 23/6/2
f 69/19/8 72/20/8 22/7/8 21/8/8
f 45/21/4 64/22/4 18/9/4 17/10/4
f 112/23/9 69/19/9 21/8/9 54/24/9
f 92/25/10 67/26/10 18/14/10 64/27/10
f 72/20/10 74/28/10 55/29/10 22/7/10
f 74/28/10 76/30/10 56/31/10 55/29/10
f 76/30/10 78/32/10 57/33/10 56/31/10
f 78/32/10 80/34/10 58/35/10 57/33/10
f 80/34/10 82/36/10 59/37/10 58/35/10
f 82/36/10 84/38/10 60/39/10 59/37/10
f 84/38/10 86/40/10 61/41/10 60/39/10
f 86/40/10 88/42/10 62/43/10 61/41/10
f 88/42/10 90/44/10 63/45/10 62/43/10
f 90/44/10 92/25/10 64/27/10 63/45/10
f 66/46/9 94/47/9 45/48/9 17/12/9
f 94/47/9 96/49/9 46/50/9 45/48/9
f 96/49/9 98/51/9 47/52/9 46/50/9
f 98/51/9 100/53/9 48/54/9 47/52/9
f 100/53/9 102/55/9 49/56/9 48/54/9
f 102/55/9 104/57/9 50/58/9 49/56/9
f 104/57/9 106/59/9 51/60/9 50/58/9
f 106/59/9 108/61/9 52/62/9 51/60/9
f 108/61/9 110/63/9 53/64/9 52/62/9
f 110/63/9 112/23/9 54/24/9 53/64/9
f 21/8/4 22/7/4 55/65/4 54/66/4
f 54/66/4 55/65/4 56/67/4 53/68/4
f 53/68/4 56/67/4 57/69/4 52/70/4
f 52/70/4 57/69/4 58/71/4 51/72/4
f 51/72/4 58/71/4 59/73/4 50/74/4
f 50/74/4 59/73/4 60/75/4 49/76/4
f 49/76/4 60/75/4 61/77/4 48/78/4
f 48/78/4 61/77/4 62/79/4 47/80/4
f 47/80/4 62/79/4 63/81/4 46/82/4
f 46/82/4 63/81/4 64/22/4 45/21/4
f 19/4/2 20/3/2 35/83/2 34/84/2
f 34/84/2 35/83/2 36/85/2 33/86/2
f 33/86/2 36/85/2 37/87/2 32/88/2
f 32/88/2 37/87/2 38/89/2 31/90/2
f 31/90/2 38/89/2 39/91/2 30/92/2
f 30/92/2 39/91/2 40/93/2 29/94/2
f 29/94/2 40/93/2 41/95/2 28/96/2
f 28/96/2 41/95/2 42/97/2 27/98/2
f 27/98/2 42/97/2 43/99/2 26/100/2
f 26/100/2 43/99/2 44/18/2 25/17/2
f 26/101/9 25/102/9 111/103/9 109/104/9
f 27/105/9 26/101/9 109/104/9 107/106/9
f 107/106/9 109/104/9 110/63/9 108/61/9
f 28/107/9 27/105/9 107/106/9 105/108/9
f 29/109/9 28/107/9 105/108/9 103/110/9
f 103/110/9 105/108/9 106/59/9 104/57/9
f 30/111/9 29/109/9 103/110/9 101/112/9
f 31/113/9 30/111/9 101/112/9 99/114/9
f 99/114/9 101/112/9 102/55/9 100/53/9
f 32/115/9 31/113/9 99/114/9 97/116/9
f 33/117/9 32/115/9 97/116/9 95/118/9
f 95/118/9 97/116/9 98/51/9 96/49/9
f 34/119/9 33/117/9 95/118/9 93/120/9
f 19/11/9 34/119/9 93/120/9 65/121/9
f 65/121/9 93/120/9 94/47/9 66/46/9
f 36/122/10 35/123/10 91/124/10 89/125/10
f 37/126/10 36/122/10 89/125/10 87/127/10
f 87/127/10 89/125/10 90/44/10 88/42/10
f 38/128/10 37/126/10 87/127/10 85/129/10
f 39/130/10 38/128/10 85/129/10 83/131/10
f 83/131/10 85/129/10 86/40/10 84/38/10
f 40/132/10 39/130/10 83/131/10 81/133/10
f 41/134/10 40/132/10 81/133/10 79/135/10
f 79/135/10 81/133/10 82/36/10 80/34/10
f 42/136/10 41/134/10 79/135/10 77/137/10
f 43/138/10 42/136/10 77/137/10 75/139/10
f 75/139/10 77/137/10 78/32/10 76/30/10
f 44/140/10 43/138/10 75/139/10 73/141/10
f 24/5/10 44/140/10 73/141/10 71/142/10
f 71/142/10 73/141/10 74/28/10 72/20/10
f 35/123/10 20/13/10 68/143/10 91/124/10
f 91/124/10 68/143/10 67/26/10 92/25/10
f 25/102/9 23/6/9 70/144/9 111/103/9
f 111/103/9 70/144/9 69/19/9 112/23/9
f 23/6/8 24/5/8 71/142/8 70/144/8
f 70/144/8 71/142/8 72/20/8 69/19/8
f 17/1/11 18/2/11 67/145/11 66/146/11
f 66/146/7 67/145/7 68/16/7 65/15/7
f 89/147/12 95/147/12 96/147/12 90/147/12
f 90/147/2 96/147/2 94/147/2 92/147/2
f 92/147/13 94/147/13 93/147/13 91/147/13
f 91/147/4 93/147/4 95/147/4 89/147/4
f 85/147/14 99/147/14 100/147/14 86/147/14
f 86/147/2 100/147/2 98/147/2 88/147/2
f 88/147/15 98/147/15 97/147/15 87/147/15
f 87/147/4 97/147/4 99/147/4 85/147/4
f 81/147/16 103/147/16 104/147/16 82/147/16
f 82/147/2 104/147/2 102/147/2 84/147/2
f 84/147/17 102/147/17 101/147/17 83/147/17
f 83/147/4 101/147/4 103/147/4 81/147/4
f 77/147/18 107/147/18 108/147/18 78/147/18
f 78/147/2 108/147/2 106/147/2 80/147/2
f 80/147/19 106/147/19 105/147/19 79/147/19
f 79/147/4 105/147/4 107/147/4 77/147/4
f 73/147/20 111/147/20 112/147/20 74/147/20
f 74/147/2 112/147/2 110/147/2 76/147/2
f 76/147/21 110/147/21 109/147/21 75/147/21
f 75/147/4 109/147/4 111/147/4 73/147/4
f 126/148/22 114/2/22 116/3/22 127/149/22
f 156/150/2 142/151/2 120/5/2 129/152/2
f 129/152/23 120/5/23 118/7/23 131/153/23
f 152/154/4 144/155/4 114/9/4 126/156/4
f 141/157/24 116/13/24 114/14/24 144/158/24
f 119/6/23 123/159/23 124/160/23 117/8/23
f 113/1/22 121/161/22 122/162/22 115/4/22
f 164/163/4 150/164/4 125/165/4 140/166/4
f 150/164/4 152/154/4 126/156/4 125/165/4
f 135/167/23 130/168/23 132/169/23 137/170/23
f 130/168/23 129/152/23 131/153/23 132/169/23
f 160/171/2 154/172/2 130/168/2 135/167/2
f 154/172/2 156/150/2 129/152/2 130/168/2
f 140/173/22 125/174/22 128/175/22 133/176/22
f 125/174/22 126/148/22 127/149/22 128/175/22
f 121/161/22 139/177/22 134/178/22 122/162/22
f 139/177/22 140/173/22 133/176/22 134/178/22
f 148/179/2 158/180/2 136/181/2 123/159/2
f 158/180/2 160/171/2 135/167/2 136/181/2
f 123/159/23 136/181/23 138/182/23 124/160/23
f 136/181/23 135/167/23 137/170/23 138/182/23
f 146/183/4 162/184/4 139/185/4 121/186/4
f 162/184/4 164/163/4 140/166/4 139/185/4
f 138/182/4 137/170/4 163/187/4 161/188/4
f 124/160/4 138/182/4 161/188/4 145/189/4
f 145/189/4 161/188/4 162/184/4 146/183/4
f 134/178/2 133/176/2 159/190/2 157/191/2
f 157/191/2 159/190/2 160/171/2 158/180/2
f 122/162/2 134/178/2 157/191/2 147/192/2
f 147/192/2 157/191/2 158/180/2 148/179/2
f 128/175/2 127/149/2 155/193/2 153/194/2
f 153/194/2 155/193/2 156/150/2 154/172/2
f 133/176/2 128/175/2 153/194/2 159/190/2
f 159/190/2 153/194/2 154/172/2 160/171/2
f 132/169/4 131/153/4 151/195/4 149/196/4
f 137/170/4 132/169/4 149/196/4 163/187/4
f 163/187/4 149/196/4 150/164/4 164/163/4
f 147/192/2 148/179/2 123/159/2 119/6/2 115/4/2 122/162/2
f 145/189/4 146/183/4 121/186/4 113/10/4 117/8/4 124/160/4
f 120/5/25 142/197/25 143/198/25 118/7/25
f 142/197/25 141/157/25 144/158/25 143/198/25
f 115/11/26 119/6/26 117/8/26 113/12/26
f 131/153/4 118/7/4 143/199/4 151/195/4
f 151/195/4 143/199/4 144/155/4 152/154/4
f 127/149/2 116/3/2 141/200/2 155/193/2
f 155/193/2 141/200/2 142/151/2 156/150/2
f 152/147/25 204/147/25 203/147/25 151/147/25
f 161/188/27 213/188/27 214/184/27 162/184/27
f 178/148/22 179/149/22 168/3/22 166/2/22
f 208/150/4 181/152/4 172/5/4 194/151/4
f 181/152/23 183/153/23 170/7/23 172/5/23
f 204/154/2 178/156/2 166/9/2 196/155/2
f 193/157/25 196/158/25 166/14/25 168/13/25
f 171/6/23 169/8/23 176/160/23 175/159/23
f 165/1/22 167/4/22 174/162/22 173/161/22
f 216/163/2 192/166/2 177/165/2 202/164/2
f 202/164/2 177/165/2 178/156/2 204/154/2
f 187/167/23 189/170/23 184/169/23 182/168/23
f 182/168/23 184/169/23 183/153/23 181/152/23
f 212/171/4 187/167/4 182/168/4 206/172/4
f 206/172/4 182/168/4 181/152/4 208/150/4
f 192/173/22 185/176/22 180/175/22 177/174/22
f 177/174/22 180/175/22 179/149/22 178/148/22
f 173/161/22 174/162/22 186/178/22 191/177/22
f 191/177/22 186/178/22 185/176/22 192/173/22
f 200/179/4 175/159/4 188/181/4 210/180/4
f 210/180/4 188/181/4 187/167/4 212/171/4
f 175/159/23 176/160/23 190/182/23 188/181/23
f 188/181/23 190/182/23 189/170/23 187/167/23
f 198/183/2 173/186/2 191/185/2 214/184/2
f 214/184/2 191/185/2 192/166/2 216/163/2
f 190/182/2 213/188/2 215/187/2 189/170/2
f 164/163/25 216/163/25 215/187/25 163/187/25
f 176/160/2 197/189/2 213/188/2 190/182/2
f 197/189/2 198/183/2 214/184/2 213/188/2
f 186/178/4 209/191/4 211/190/4 185/176/4
f 209/191/4 210/180/4 212/171/4 211/190/4
f 174/162/4 199/192/4 209/191/4 186/178/4
f 199/192/4 200/179/4 210/180/4 209/191/4
f 180/175/4 205/194/4 207/193/4 179/149/4
f 205/194/4 206/172/4 208/150/4 207/193/4
f 185/176/4 211/190/4 205/194/4 180/175/4
f 211/190/4 212/171/4 206/172/4 205/194/4
f 184/169/2 201/196/2 203/195/2 183/153/2
f 161/188/23 163/187/23 215/187/23 213/188/23
f 189/170/2 215/187/2 201/196/2 184/169/2
f 215/187/2 216/163/2 202/164/2 201/196/2
f 167/4/4 171/6/4 175/159/4 200/179/4 199/192/4 174/162/4
f 169/8/2 165/10/2 173/186/2 198/183/2 197/189/2 176/160/2
f 172/5/24 170/7/24 195/198/24 194/197/24
f 194/197/25 195/198/25 196/158/25 193/157/25
f 165/12/26 169/8/26 171/6/26 167/11/26
f 183/153/2 203/195/2 195/199/2 170/7/2
f 203/195/2 204/154/2 196/155/2 195/199/2
f 179/149/4 207/193/4 193/200/4 168/3/4
f 207/193/4 208/150/4 194/151/4 193/200/4
f 162/184/22 214/184/22 216/163/22 164/163/22
f 151/147/23 203/147/23 201/147/23 149/147/23
f 150/147/27 149/147/27 201/147/27 202/147/27
f 150/147/22 202/147/22 204/154/22 152/147/22
f 217/1/1 218/2/1 220/3/1 219/4/1
f 219/4/2 220/3/2 224/5/2 223/6/2
f 223/6/3 224/5/3 222/7/3 221/8/3
f 221/8/4 222/7/4 218/9/4 217/10/4
f 219/11/5 223/6/5 221/8/5 217/12/5
f 224/5/6 220/13/6 218/14/6 222/7/6
f 225/1/1 227/4/1 228/3/1 226/2/1
f 227/4/4 231/6/4 232/5/4 228/3/4
f 231/6/3 229/8/3 230/7/3 232/5/3
f 229/8/2 225/10/2 226/9/2 230/7/2
f 227/11/5 225/12/5 229/8/5 231/6/5
f 232/5/6 230/7/6 226/14/6 228/13/6
f 281/15/7 284/16/7 236/3/7 235/4/7
f 241/17/2 260/18/2 240/5/2 239/6/2
f 285/19/8 288/20/8 238/7/8 237/8/8
f 261/21/4 280/22/4 234/9/4 233/10/4
f 328/23/9 285/19/9 237/8/9 270/24/9
f 308/25/10 283/26/10 234/14/10 280/27/10
f 288/20/10 290/28/10 271/29/10 238/7/10
f 290/28/10 292/30/10 272/31/10 271/29/10
f 292/30/10 294/32/10 273/33/10 272/31/10
f 294/32/10 296/34/10 274/35/10 273/33/10
f 296/34/10 298/36/10 275/37/10 274/35/10
f 298/36/10 300/38/10 276/39/10 275/37/10
f 300/38/10 302/40/10 277/41/10 276/39/10
f 302/40/10 304/42/10 278/43/10 277/41/10
f 304/42/10 306/44/10 279/45/10 278/43/10
f 306/44/10 308/25/10 280/27/10 279/45/10
f 282/46/9 310/47/9 261/48/9 233/12/9
f 310/47/9 312/49/9 262/50/9 261/48/9
f 312/49/9 314/51/9 263/52/9 262/50/9
f 314/51/9 316/53/9 264/54/9 263/52/9
f 316/53/9 318/55/9 265/56/9 264/54/9
f 318/55/9 320/57/9 266/58/9 265/56/9
f 320/57/9 322/59/9 267/60/9 266/58/9
f 322/59/9 324/61/9 268/62/9 267/60/9
f 324/61/9 326/63/9 269/64/9 268/62/9
f 326/63/9 328/23/9 270/24/9 269/64/9
f 237/8/4 238/7/4 271/65/4 270/66/4
f 270/66/4 271/65/4 272/67/4 269/68/4
f 269/68/4 272/67/4 273/69/4 268/70/4
f 268/70/4 273/69/4 274/71/4 267/72/4
f 267/72/4 274/71/4 275/73/4 266/74/4
f 266/74/4 275/73/4 276/75/4 265/76/4
f 265/76/4 276/75/4 277/77/4 264/78/4
f 264/78/4 277/77/4 278/79/4 263/80/4
f 263/80/4 278/79/4 279/81/4 262/82/4
f 262/82/4 279/81/4 280/22/4 261/21/4
f 235/4/2 236/3/2 251/83/2 250/84/2
f 250/84/2 251/83/2 252/85/2 249/86/2
f 249/86/2 252/85/2 253/87/2 248/88/2
f 248/88/2 253/87/2 254/89/2 247/90/2
f 247/90/2 254/89/2 255/91/2 246/92/2
f 246/92/2 255/91/2 256/93/2 245/94/2
f 245/94/2 256/93/2 257/95/2 244/96/2
f 244/96/2 257/95/2 258/97/2 243/98/2
f 243/98/2 258/97/2 259/99/2 242/100/2
f 242/100/2 259/99/2 260/18/2 241/17/2
f 242/101/9 241/102/9 327/103/9 325/104/9
f 243/105/9 242/101/9 325/104/9 323/106/9
f 323/106/9 325/104/9 326/63/9 324/61/9
f 244/107/9 243/105/9 323/106/9 321/108/9
f 245/109/9 244/107/9 321/108/9 319/110/9
f 319/110/9 321/108/9 322/59/9 320/57/9
f 246/111/9 245/109/9 319/110/9 317/112/9
f 247/113/9 246/111/9 317/112/9 315/114/9
f 315/114/9 317/112/9 318/55/9 316/53/9
f 248/115/9 247/113/9 315/114/9 313/116/9
f 249/117/9 248/115/9 313/116/9 311/118/9
f 311/118/9 313/116/9 314/51/9 312/49/9
f 250/119/9 249/117/9 311/118/9 309/120/9
f 235/11/9 250/119/9 309/120/9 281/121/9
f 281/121/9 309/120/9 310/47/9 282/46/9
f 252/122/10 251/123/10 307/124/10 305/125/10
f 253/126/10 252/122/10 305/125/10 303/127/10
f 303/127/10 305/125/10 306/44/10 304/42/10
f 254/128/10 253/126/10 303/127/10 301/129/10
f 255/130/10 254/128/10 301/129/10 299/131/10
f 299/131/10 301/129/10 302/40/10 300/38/10
f 256/132/10 255/130/10 299/131/10 297/133/10
f 257/134/10 256/132/10 297/133/10 295/135/10
f 295/135/10 297/133/10 298/36/10 296/34/10
f 258/136/10 257/134/10 295/135/10 293/137/10
f 259/138/10 258/136/10 293/137/10 291/139/10
f 291/139/10 293/137/10 294/32/10 292/30/10
f 260/140/10 259/138/10 291/139/10 289/141/10
f 240/5/10 260/140/10 289/141/10 287/142/10
f 287/142/10 289/141/10 290/28/10 288/20/10
f 251/123/10 236/13/10 284/143/10 307/124/10
f 307/124/10 284/143/10 283/26/10 308/25/10
f 241/102/9 239/6/9 286/144/9 327/103/9
f 327/103/9 286/144/9 285/19/9 328/23/9
f 239/6/8 240/5/8 287/142/8 286/144/8
f 286/144/8 287/142/8 288/20/8 285/19/8
f 233/1/11 234/2/11 283/145/11 282/146/11
f 282/146/7 283/145/7 284/16/7 281/15/7
f 305/147/12 311/147/12 312/147/12 306/147/12
f 306/147/2 312/147/2 310/147/2 308/147/2
f 308/147/13 310/147/13 309/147/13 307/147/13
f 307/147/4 309/147/4 311/147/4 305/147/4
f 301/147/14 315/147/14 316/147/14 302/147/14
f 302/147/2 316/147/2 314/147/2 304/147/2
f 304/147/15 314/147/15 313/147/15 303/147/15
f 303/147/4 313/147/4 315/147/4 301/147/4
f 297/147/16 319/147/16 320/147/16 298/147/16
f 298/147/2 320/147/2 318/147/2 300/147/2
f 300/147/17 318/147/17 317/147/17 299/147/17
f 299/147/4 317/147/4 319/147/4 297/147/4
f 293/147/18 323/147/18 324/147/18 294/147/18
f 294/147/2 324/147/2 322/147/2 296/147/2
f 296/147/19 322/147/19 321/147/19 295/147/19
f 295/147/4 321/147/4 323/147/4 293/147/4
f 289/147/20 327/147/20 328/147/20 290/147/20
f 290/147/2 328/147/2 326/147/2 292/147/2
f 292/147/21 326/147/21 325/147/21 291/147/21
f 291/147/4 325/147/4 327/147/4 289/147/4
f 342/148/22 330/2/22 332/3/22 343/149/22
f 372/150/2 358/151/2 336/5/2 345/152/2
f 345/152/23 336/5/23 334/7/23 347/153/23
f 368/154/4 360/155/4 330/9/4 342/156/4
f 357/157/24 332/13/24 330/14/24 360/158/24
f 335/6/23 339/159/23 340/160/23 333/8/23
f 329/1/22 337/161/22 338/162/22 331/4/22
f 380/163/4 366/164/4 341/165/4 356/166/4
f 366/164/4 368/154/4 342/156/4 341/165/4
f 351/167/23 346/168/23 348/169/23 353/170/23
f 346/168/23 345/152/23 347/153/23 348/169/23
f 376/171/2 370/172/2 346/168/2 351/167/2
f 370/172/2 372/150/2 345/152/2 346/168/2
f 356/173/22 341/174/22 344/175/22 349/176/22
f 341/174/22 342/148/22 343/149/22 344/175/22
f 337/161/22 355/177/22 350/178/22 338/162/22
f 355/177/22 356/173/22 349/176/22 350/178/22
f 364/179/2 374/180/2 352/181/2 339/159/2
f 374/180/2 376/171/2 351/167/2 352/181/2
f 339/159/23 352/181/23 354/182/23 340/160/23
f 352/181/23 351/167/23 353/170/23 354/182/23
f 362/183/4 378/184/4 355/185/4 337/186/4
f 378/184/4 380/163/4 356/166/4 355/185/4
f 354/182/4 353/170/4 379/187/4 377/188/4
f 340/160/4 354/182/4 377/188/4 361/189/4
f 361/189/4 377/188/4 378/184/4 362/183/4
f 350/178/2 349/176/2 375/190/2 373/191/2
f 373/191/2 375/190/2 376/171/2 374/180/2
f 338/162/2 350/178/2 373/191/2 363/192/2
f 363/192/2 373/191/2 374/180/2 364/179/2
f 344/175/2 343/149/2 371/193/2 369/194/2
f 369/194/2 371/193/2 372/150/2 370/172/2
f 349/176/2 344/175/2 369/194/2 375/190/2
f 375/190/2 369/194/2 370/172/2 376/171/2
f 348/169/4 347/153/4 367/195/4 365/196/4
f 353/170/4 348/169/4 365/196/4 379/187/4
f 379/187/4 365/196/4 366/164/4 380/163/4
f 363/192/2 364/179/2 339/159/2 335/6/2 331/4/2 338/162/2
f 361/189/4 362/183/4 337/186/4 329/10/4 333/8/4 340/160/4
f 336/5/25 358/197/25 359/198/25 334/7/25
f 358/197/25 357/157/25 360/158/25 359/198/25
f 331/11/26 335/6/26 333/8/26 329/12/26
f 347/153/4 334/7/4 359/199/4 367/195/4
f 367/195/4 359/199/4 360/155/4 368/154/4
f 343/149/2 332/3/2 357/200/2 371/193/2
f 371/193/2 357/200/2 358/151/2 372/150/2
f 368/147/25 420/147/25 419/147/25 367/147/25
f 377/188/27 429/188/27 430/184/27 378/184/27
f 394/148/22 395/149/22 384/3/22 382/2/22
f 424/150/4 397/152/4 388/5/4 410/151/4
f 397/152/23 399/153/23 386/7/23 388/5/23
f 420/154/2 394/156/2 382/9/2 412/155/2
f 409/157/25 412/158/25 382/14/25 384/13/25
f 387/6/23 385/8/23 392/160/23 391/159/23
f 381/1/22 383/4/22 390/162/22 389/161/22
f 432/163/2 408/166/2 393/165/2 418/164/2
f 418/164/2 393/165/2 394/156/2 420/154/2
f 403/167/23 405/170/23 400/169/23 398/168/23
f 398/168/23 400/169/23 399/153/23 397/152/23
f 428/171/4 403/167/4 398/168/4 422/172/4
f 422/172/4 398/168/4 397/152/4 424/150/4
f 408/173/22 401/176/22 396/175/22 393/174/22
f 393/174/22 396/175/22 395/149/22 394/148/22
f 389/161/22 390/162/22 402/178/22 407/177/22
f 407/177/22 402/178/22 401/176/22 408/173/22
f 416/179/4 391/159/4 404/181/4 426/180/4
f 426/180/4 404/181/4 403/167/4 428/171/4
f 391/159/23 392/160/23 406/182/23 404/181/23
f 404/181/23 406/182/23 405/170/23 403/167/23
f 414/183/2 389/186/2 407/185/2 430/184/2
f 430/184/2 407/185/2 408/166/2 432/163/2
f 406/182/2 429/188/2 431/187/2 405/170/2
f 380/163/25 432/163/25 431/187/25 379/187/25
f 392/160/2 413/189/2 429/188/2 406/182/2
f 413/189/2 414/183/2 430/184/2 429/188/2
f 402/178/4 425/191/4 427/190/4 401/176/4
f 425/191/4 426/180/4 428/171/4 427/190/4
f 390/162/4 415/192/4 425/191/4 402/178/4
f 415/192/4 416/179/4 426/180/4 425/191/4
f 396/175/4 421/194/4 423/193/4 395/149/4
f 421/194/4 422/172/4 424/150/4 423/193/4
f 401/176/4 427/190/4 421/194/4 396/175/4
f 427/190/4 428/171/4 422/172/4 421/194/4
f 400/169/2 417/196/2 419/195/2 399/153/2
f 377/188/23 379/187/23 431/187/23 429/188/23
f 405/170/2 431/187/2 417/196/2 400/169/2
f 431/187/2 432/163/2 418/164/2 417/196/2
f 383/4/4 387/6/4 391/159/4 416/179/4 415/192/4 390/162/4
f 385/8/2 381/10/2 389/186/2 414/183/2 413/189/2 392/160/2
f 388/5/24 386/7/24 411/198/24 410/197/24
f 410/197/25 411/198/25 412/158/25 409/157/25
f 381/12/26 385/8/26 387/6/26 383/11/26
f 399/153/2 419/195/2 411/199/2 386/7/2
f 419/195/2 420/154/2 412/155/2 411/199/2
f 395/149/4 423/193/4 409/200/4 384/3/4
f 423/193/4 424/150/4 410/151/4 409/200/4
f 378/184/22 430/184/22 432/163/22 380/163/22
f 367/147/23 419/147/23 417/147/23 365/147/23
f 366/147/27 365/147/27 417/147/27 418/147/27
f 366/147/22 418/147/22 420/154/22 368/147/22
f 433/1/1 434/2/1 436/3/1 435/4/1
f 435/4/2 436/3/2 440/5/2 439/6/2
f 439/6/3 440/5/3 438/7/3 437/8/3
f 437/8/4 438/7/4 434/9/4 433/10/4
f 435/11/5 439/6/5 437/8/5 433/12/5
f 440/5/6 436/13/6 434/14/6 438/7/6
f 441/1/1 443/4/1 444/3/1 442/2/1
f 443/4/4 447/6/4 448/5/4 444/3/4
f 447/6/3 445/8/3 446/7/3 448/5/3
f 445/8/2 441/10/2 442/9/2 446/7/2
f 443/11/5 441/12/5 445/8/5 447/6/5
f 448/5/6 446/7/6 442/14/6 444/13/6
f 497/15/7 500/16/7 452/3/7 451/4/7
f 457/17/2 476/18/2 456/5/2 455/6/2
f 501/19/8 504/20/8 454/7/8 453/8/8
f 477/21/4 496/22/4 450/9/4 449/10/4
f 544/23/9 501/19/9 453/8/9 486/24/9
f 524/25/10 499/26/10 450/14/10 496/27/10
f 504/20/10 506/28/10 487/29/10 454/7/10
f 506/28/10 508/30/10 488/31/10 487/29/10
f 508/30/10 510/32/10 489/33/10 488/31/10
f 510/32/10 512/34/10 490/35/10 489/33/10
f 512/34/10 514/36/10 491/37/10 490/35/10
f 514/36/10 516/38/10 492/39/10 491/37/10
f 516/38/10 518/40/10 493/41/10 492/39/10
f 518/40/10 520/42/10 494/43/10 493/41/10
f 520/42/10 522/44/10 495/45/10 494/43/10
f 522/44/10 524/25/10 496/27/10 495/45/10
f 498/46/9 526/47/9 477/48/9 449/12/9
f 526/47/9 528/49/9 478/50/9 477/48/9
f 528/49/9 530/51/9 479/52/9 478/50/9
f 530/51/9 532/53/9 480/54/9 479/52/9
f 532/53/9 534/55/9 481/56/9 480/54/9
f 534/55/9 536/57/9 482/58/9 481/56/9
f 536/57/9 538/59/9 483/60/9 482/58/9
f 538/59/9 540/61/9 484/62/9 483/60/9
f 540/61/9 542/63/9 485/64/9 484/62/9
f 542/63/9 544/23/9 486/24/9 485/64/9
f 453/8/4 454/7/4 487/65/4 486/66/4
f 486/66/4 487/65/4 488/67/4 485/68/4
f 485/68/4 488/67/4 489/69/4 484/70/4
f 484/70/4 489/69/4 490/71/4 483/72/4
f 483/72/4 490/71/4 491/73/4 482/74/4
f 482/74/4 491/73/4 492/75/4 481/76/4
f 481/76/4 492/75/4 493/77/4 480/78/4
f 480/78/4 493/77/4 494/79/4 479/80/4
f 479/80/4 494/79/4 495/81/4 478/82/4
f 478/82/4 495/81/4 496/22/4 477/21/4
f 451/4/2 452/3/2 467/83/2 466/84/2
f 466/84/2 467/83/2 468/85/2 465/86/2
f 465/86/2 468/85/2 469/87/2 464/88/2
f 464/88/2 469/87/2 470/89/2 463/90/2
f 463/90/2 470/89/2 471/91/2 462/92/2
f 462/92/2 471/91/2 472/93/2 461/94/2
f 461/94/2 472/93/2 473/95/2 460/96/2
f 460/96/2 473/95/2 474/97/2 459/98/2
f 459/98/2 474/97/2 475/99/2 458/100/2
f 458/100/2 475/99/2 476/18/2 457/17/2
f 458/101/9 457/102/9 543/103/9 541/104/9
f 459/105/9 458/101/9 541/104/9 539/106/9
f 539/106/9 541/104/9 542/63/9 540/61/9
f 460/107/9 459/105/9 539/106/9 537/108/9
f 461/109/9 460/107/9 537/108/9 535/110/9
f 535/110/9 537/108/9 538/59/9 536/57/9
f 462/111/9 461/109/9 535/110/9 533/112/9
f 463/113/9 462/111/9 533/112/9 531/114/9
f 531/114/9 533/112/9 534/55/9 532/53/9
f 464/115/9 463/113/9 531/114/9 529/116/9
f 465/117/9 464/115/9 529/116/9 527/118/9
f 527/118/9 529/116/9 530/51/9 528/49/9
f 466/119/9 465/117/9 527/118/9 525/120/9
f 451/11/9 466/119/9 525/120/9 497/121/9
f 497/121/9 525/120/9 526/47/9 498/46/9
f 468/122/10 467/123/10 523/124/10 521/125/10
f 469/126/10 468/122/10 521/125/10 519/127/10
f 519/127/10 521/125/10 522/44/10 520/42/10
f 470/128/10 469/126/10 519/127/10 517/129/10
f 471/130/10 470/128/10 517/129/10 515/131/10
f 515/131/10 517/129/10 518/40/10 516/38/10
f 472/132/10 471/130/10 515/131/10 513/133/10
f 473/134/10 472/132/10 513/133/10 511/135/10
f 511/135/10 513/133/10 514/36/10 512/34/10
f 474/136/10 473/134/10 511/135/10 509/137/10
f 475/138/10 474/136/10 509/137/10 507/139/10
f 507/139/10 509/137/10 510/32/10 508/30/10
f 476/140/10 475/138/10 507/139/10 505/141/10
f 456/5/10 476/140/10 505/141/10 503/142/10
f 503/142/10 505/141/10 506/28/10 504/20/10
f 467/123/10 452/13/10 500/143/10 523/124/10
f 523/124/10 500/143/10 499/26/10 524/25/10
f 457/102/9 455/6/9 502/144/9 543/103/9
f 543/103/9 502/144/9 501/19/9 544/23/9
f 455/6/8 456/5/8 503/142/8 502/144/8
f 502/144/8 503/142/8 504/20/8 501/19/8
f 449/1/11 450/2/11 499/145/11 498/146/11
f 498/146/7 499/145/7 500/16/7 497/15/7
f 521/147/12 527/147/12 528/147/12 522/147/12
f 522/147/2 528/147/2 526/147/2 524/147/2
f 524/147/13 526/147/13 525/147/13 523/147/13
f 523/147/4 525/147/4 527/147/4 521/147/4
f 517/147/14 531/147/14 532/147/14 518/147/14
f 518/147/2 532/147/2 530/147/2 520/147/2
f 520/147/15 530/147/15 529/147/15 519/147/15
f 519/147/4 529/147/4 531/147/4 517/147/4
f 513/147/16 535/147/16 536/147/16 514/147/16
f 514/147/2 536/147/2 534/147/2 516/147/2
f 516/147/17 534/147/17 533/147/17 515/147/17
f 515/147/4 533/147/4 535/147/4 513/147/4
f 509/147/18 539/147/18 540/147/18 510/147/18
f 510/147/2 540/147/2 538/147/2 512/147/2
f 512/147/19 538/147/19 537/147/19 511/147/19
f 511/147/4 537/147/4 539/147/4 509/147/4
f 505/147/20 543/147/20 544/147/20 506/147/20
f 506/147/2 544/147/2 542/147/2 508/147/2
f 508/147/21 542/147/21 541/147/21 507/147/21
f 507/147/4 541/147/4 543/147/4 505/147/4
f 558/148/22 546/2/22 548/3/22 559/149/22
f 588/150/2 574/151/2 552/5/2 561/152/2
f 561/152/23 552/5/23 550/7/23 563/153/23
f 584/154/4 576/155/4 546/9/4 558/156/4
f 573/157/24 548/13/24 546/14/24 576/158/24
f 551/6/23 555/159/23 556/160/23 549/8/23
f 545/1/22 553/161/22 554/162/22 547/4/22
f 596/163/4 582/164/4 557/165/4 572/166/4
f 582/164/4 584/154/4 558/156/4 557/165/4
f 567/167/23 562/168/23 564/169/23 569/170/23
f 562/168/23 561/152/23 563/153/23 564/169/23
f 592/171/2 586/172/2 562/168/2 567/167/2
f 586/172/2 588/150/2 561/152/2 562/168/2
f 572/173/22 557/174/22 560/175/22 565/176/22
f 557/174/22 558/148/22 559/149/22 560/175/22
f 553/161/22 571/177/22 566/178/22 554/162/22
f 571/177/22 572/173/22 565/176/22 566/178/22
f 580/179/2 590/180/2 568/181/2 555/159/2
f 590/180/2 592/171/2 567/167/2 568/181/2
f 555/159/23 568/181/23 570/182/23 556/160/23
f 568/181/23 567/167/23 569/170/23 570/182/23
f 578/183/4 594/184/4 571/185/4 553/186/4
f 594/184/4 596/163/4 572/166/4 571/185/4
f 570/182/4 569/170/4 595/187/4 593/188/4
f 556/160/4 570/182/4 593/188/4 577/189/4
f 577/189/4 593/188/4 594/184/4 578/183/4
f 566/178/2 565/176/2 591/190/2 589/191/2
f 589/191/2 591/190/2 592/171/2 590/180/2
f 554/162/2 566/178/2 589/191/2 579/192/2
f 579/192/2 589/191/2 590/180/2 580/179/2
f 560/175/2 559/149/2 587/193/2 585/194/2
f 585/194/2 587/193/2 588/150/2 586/172/2
f 565/176/2 560/175/2 585/194/2 591/190/2
f 591/190/2 585/194/2 586/172/2 592/171/2
f 564/169/4 563/153/4 583/195/4 581/196/4
f 569/170/4 564/169/4 581/196/4 595/187/4
f 595/187/4 581/196/4 582/164/4 596/163/4
f 579/192/2 580/179/2 555/159/2 551/6/2 547/4/2 554/162/2
f 577/189/4 578/183/4 553/186/4 545/10/4 549/8/4 556/160/4
f 552/5/25 574/197/25 575/198/25 550/7/25
f 574/197/25 573/157/25 576/158/25 575/198/25
f 547/11/26 551/6/26 549/8/26 545/12/26
f 563/153/4 550/7/4 575/199/4 583/195/4
f 583/195/4 575/199/4 576/155/4 584/154/4
f 559/149/2 548/3/2 573/200/2 587/193/2
f 587/193/2 573/200/2 574/151/2 588/150/2
f 584/147/25 636/147/25 635/147/25 583/147/25
f 593/188/27 645/188/27 646/184/27 594/184/27
f 610/148/22 611/149/22 600/3/22 598/2/22
f 640/150/4 613/152/4 604/5/4 626/151/4
f 613/152/23 615/153/23 602/7/23 604/5/23
f 636/154/2 610/156/2 598/9/2 628/155/2
f 625/157/25 628/158/25 598/14/25 600/13/25
f 603/6/23 601/8/23 608/160/23 607/159/23
f 597/1/22 599/4/22 606/162/22 605/161/22
f 648/163/2 624/166/2 609/165/2 634/164/2
f 634/164/2 609/165/2 610/156/2 636/154/2
f 619/167/23 621/170/23 616/169/23 614/168/23
f 614/168/23 616/169/23 615/153/23 613/152/23
f 644/171/4 619/167/4 614/168/4 638/172/4
f 638/172/4 614/168/4 613/152/4 640/150/4
f 624/173/22 617/176/22 612/175/22 609/174/22
f 609/174/22 612/175/22 611/149/22 610/148/22
f 605/161/22 606/162/22 618/178/22 623/177/22
f 623/177/22 618/178/22 617/176/22 624/173/22
f 632/179/4 607/159/4 620/181/4 642/180/4
f 642/180/4 620/181/4 619/167/4 644/171/4
f 607/159/23 608/160/23 622/182/23 620/181/23
f 620/181/23 622/182/23 621/170/23 619/167/23
f 630/183/2 605/186/2 623/185/2 646/184/2
f 646/184/2 623/185/2 624/166/2 648/163/2
f 622/182/2 645/188/2 647/187/2 621/170/2
f 596/163/25 648/163/25 647/187/25 595/187/25
f 608/160/2 629/189/2 645/188/2 622/182/2
f 629/189/2 630/183/2 646/184/2 645/188/2
f 618/178/4 641/191/4 643/190/4 617/176/4
f 641/191/4 642/180/4 644/171/4 643/190/4
f 606/162/4 631/192/4 641/191/4 618/178/4
f 631/192/4 632/179/4 642/180/4 641/191/4
f 612/175/4 637/194/4 639/193/4 611/149/4
f 637/194/4 638/172/4 640/150/4 639/193/4
f 617/176/4 643/190/4 637/194/4 612/175/4
f 643/190/4 644/171/4 638/172/4 637/194/4
f 616/169/2 633/196/2 635/195/2 615/153/2
f 593/188/23 595/187/23 647/187/23 645/188/23
f 621/170/2 647/187/2 633/196/2 616/169/2
f 647/187/2 648/163/2 634/164/2 633/196/2
f 599/4/4 603/6/4 607/159/4 632/179/4 631/192/4 606/162/4
f 601/8/2 597/10/2 605/186/2 630/183/2 629/189/2 608/160/2
f 604/5/24 602/7/24 627/198/24 626/197/24
f 626/197/25 627/198/25 628/158/25 625/157/25
f 597/12/26 601/8/26 603/6/26 599/11/26
f 615/153/2 635/195/2 627/199/2 602/7/2
f 635/195/2 636/154/2 628/155/2 627/199/2
f 611/149/4 639/193/4 625/200/4 600/3/4
f 639/193/4 640/150/4 626/151/4 625/200/4
f 594/184/22 646/184/22 648/163/22 596/163/22
f 583/147/23 635/147/23 633/147/23 581/147/23
f 582/147/27 581/147/27 633/147/27 634/147/27
f 582/147/22 634/147/22 636/154/22 584/147/22
f 649/1/1 650/2/1 652/3/1 651/4/1
f 651/4/2 652/3/2 656/5/2 655/6/2
f 655/6/3 656/5/3 654/7/3 653/8/3
f 653/8/4 654/7/4 650/9/4 649/10/4
f 651/11/5 655/6/5 653/8/5 649/12/5
f 656/5/6 652/13/6 650/14/6 654/7/6
f 657/1/1 659/4/1 660/3/1 658/2/1
f 659/4/4 663/6/4 664/5/4 660/3/4
f 663/6/3 661/8/3 662/7/3 664/5/3
f 661/8/2 657/10/2 658/9/2 662/7/2
f 659/11/5 657/12/5 661/8/5 663/6/5
f 664/5/6 662/7/6 658/14/6 660/13/6
f 713/15/7 716/16/7 668/3/7 667/4/7
f 673/17/2 692/18/2 672/5/2 671/6/2
f 717/19/8 720/20/8 670/7/8 669/8/8
f 693/21/4 712/22/4 666/9/4 665/10/4
f 760/23/9 717/19/9 669/8/9 702/24/9
f 740/25/10 715/26/10 666/14/10 712/27/10
f 720/20/10 722/28/10 703/29/10 670/7/10
f 722/28/10 724/30/10 704/31/10 703/29/10
f 724/30/10 726/32/10 705/33/10 704/31/10
f 726/32/10 728/34/10 706/35/10 705/33/10
f 728/34/10 730/36/10 707/37/10 706/35/10
f 730/36/10 732/38/10 708/39/10 707/37/10
f 732/38/10 734/40/10 709/41/10 708/39/10
f 734/40/10 736/42/10 710/43/10 709/41/10
f 736/42/10 738/44/10 711/45/10 710/43/10
f 738/44/10 740/25/10 712/27/10 711/45/10
f 714/46/9 742/47/9 693/48/9 665/12/9
f 742/47/9 744/49/9 694/50/9 693/48/9
f 744/49/9 746/51/9 695/52/9 694/50/9
f 746/51/9 748/53/9 696/54/9 695/52/9
f 748/53/9 750/55/9 697/56/9 696/54/9
f 750/55/9 752/57/9 698/58/9 697/56/9
f 752/57/9 754/59/9 699/60/9 698/58/9
f 754/59/9 756/61/9 700/62/9 699/60/9
f 756/61/9 758/63/9 701/64/9 700/62/9
f 758/63/9 760/23/9 702/24/9 701/64/9
f 669/8/4 670/7/4 703/65/4 702/66/4
f 702/66/4 703/65/4 704/67/4 701/68/4
f 701/68/4 704/67/4 705/69/4 700/70/4
f 700/70/4 705/69/4 706/71/4 699/72/4
f 699/72/4 706/71/4 707/73/4 698/74/4
f 698/74/4 707/73/4 708/75/4 697/76/4
f 697/76/4 708/75/4 709/77/4 696/78/4
f 696/78/4 709/77/4 710/79/4 695/80/4
f 695/80/4 710/79/4 711/81/4 694/82/4
f 694/82/4 711/81/4 712/22/4 693/21/4
f 667/4/2 668/3/2 683/83/2 682/84/2
f 682/84/2 683/83/2 684/85/2 681/86/2
f 681/86/2 684/85/2 685/87/2 680/88/2
f 680/88/2 685/87/2 686/89/2 679/90/2
f 679/90/2 686/89/2 687/91/2 678/92/2
f 678/92/2 687/91/2 688/93/2 677/94/2
f 677/94/2 688/93/2 689/95/2 676/96/2
f 676/96/2 689/95/2 690/97/2 675/98/2
f 675/98/2 690/97/2 691/99/2 674/100/2
f 674/100/2 691/99/2 692/18/2 673/17/2
f 674/101/9 673/102/9 759/103/9 757/104/9
f 675/105/9 674/101/9 757/104/9 755/106/9
f 755/106/9 757/104/9 758/63/9 756/61/9
f 676/107/9 675/105/9 755/106/9 753/108/9
f 677/109/9 676/107/9 753/108/9 751/110/9
f 751/110/9 753/108/9 754/59/9 752/57/9
f 678/111/9 677/109/9 751/110/9 749/112/9
f 679/113/9 678/111/9 749/112/9 747/114/9
f 747/114/9 749/112/9 750/55/9 748/53/9
f 680/115/9 679/113/9 747/114/9 745/116/9
f 681/117/9 680/115/9 745/116/9 743/118/9
f 743/118/9 745/116/9 746/51/9 744/49/9
f 682/119/9 681/117/9 743/118/9 741/120/9
f 667/11/9 682/119/9 741/120/9 713/121/9
f 713/121/9 741/120/9 742/47/9 714/46/9
f 684/122/10 683/123/10 739/124/10 737/125/10
f 685/126/10 684/122/10 737/125/10 735/127/10
f 735/127/10 737/125/10 738/44/10 736/42/10
f 686/128/10 685/126/10 735/127/10 733/129/10
f 687/130/10 686/128/10 733/129/10 731/131/10
f 731/131/10 733/129/10 734/40/10 732/38/10
f 688/132/10 687/130/10 731/131/10 729/133/10
f 689/134/10 688/132/10 729/133/10 727/135/10
f 727/135/10 729/133/10 730/36/10 728/34/10
f 690/136/10 689/134/10 727/135/10 725/137/10
f 691/138/10 690/136/10 725/137/10 723/139/10
f 723/139/10 725/137/10 726/32/10 724/30/10
f 692/140/10 691/138/10 723/139/10 721/141/10
f 672/5/10 692/140/10 721/141/10 719/142/10
f 719/142/10 721/141/10 722/28/10 720/20/10
f 683/123/10 668/13/10 716/143/10 739/124/10
f 739/124/10 716/143/10 715/26/10 740/25/10
f 673/102/9 671/6/9 718/144/9 759/103/9
f 759/103/9 718/144/9 717/19/9 760/23/9
f 671/6/8 672/5/8 719/142/8 718/144/8
f 718/144/8 719/142/8 720/20/8 717/19/8
f 665/1/11 666/2/11 715/145/11 714/146/11
f 714/146/7 715/145/7 716/16/7 713/15/7
f 737/147/12 743/147/12 744/147/12 738/147/12
f 738/147/2 744/147/2 742/147/2 740/147/2
f 740/147/13 742/147/13 741/147/13 739/147/13
f 739/147/4 741/147/4 743/147/4 737/147/4
f 733/147/14 747/147/14 748/147/14 734/147/14
f 734/147/2 748/147/2 746/147/2 736/147/2
f 736/147/15 746/147/15 745/147/15 735/147/15
f 735/147/4 745/147/4 747/147/4 733/147/4
f 729/147/16 751/147/16 752/147/16 730/147/16
f 730/147/2 752/147/2 750/147/2 732/147/2
f 732/147/17 750/147/17 749/147/17 731/147/17
f 731/147/4 749/147/4 751/147/4 729/147/4
f 725/147/18 755/147/18 756/147/18 726/147/18
f 726/147/2 756/147/2 754/147/2 728/147/2
f 728/147/19 754/147/19 753/147/19 727/147/19
f 727/147/4 753/147/4 755/147/4 725/147/4
f 721/147/20 759/147/20 760/147/20 722/147/20
f 722/147/2 760/147/2 758/147/2 724/147/2
f 724/147/21 758/147/21 757/147/21 723/147/21
f 723/147/4 757/147/4 759/147/4 721/147/4
f 774/148/22 762/2/22 764/3/22 775/149/22
f 804/150/2 790/151/2 768/5/2 777/152/2
f 777/152/23 768/5/23 766/7/23 779/153/23
f 800/154/4 792/155/4 762/9/4 774/156/4
f 789/157/24 764/13/24 762/14/24 792/158/24
f 767/6/23 771/159/23 772/160/23 765/8/23
f 761/1/22 769/161/22 770/162/22 763/4/22
f 812/163/4 798/164/4 773/165/4 788/166/4
f 798/164/4 800/154/4 774/156/4 773/165/4
f 783/167/23 778/168/23 780/169/23 785/170/23
f 778/168/23 777/152/23 779/153/23 780/169/23
f 808/171/2 802/172/2 778/168/2 783/167/2
f 802/172/2 804/150/2 777/152/2 778/168/2
f 788/173/22 773/174/22 776/175/22 781/176/22
f 773/174/22 774/148/22 775/149/22 776/175/22
f 769/161/22 787/177/22 782/178/22 770/162/22
f 787/177/22 788/173/22 781/176/22 782/178/22
f 796/179/2 806/180/2 784/181/2 771/159/2
f 806/180/2 808/171/2 783/167/2 784/181/2
f 771/159/23 784/181/23 786/182/23 772/160/23
f 784/181/23 783/167/23 785/170/23 786/182/23
f 794/183/4 810/184/4 787/185/4 769/186/4
f 810/184/4 812/163/4 788/166/4 787/185/4
f 786/182/4 785/170/4 811/187/4 809/188/4
f 772/160/4 786/182/4 809/188/4 793/189/4
f 793/189/4 809/188/4 810/184/4 794/183/4
f 782/178/2 781/176/2 807/190/2 805/191/2
f 805/191/2 807/190/2 808/171/2 806/180/2
f 770/162/2 782/178/2 805/191/2 795/192/2
f 795/192/2 805/191/2 806/180/2 796/179/2
f 776/175/2 775/149/2 803/193/2 801/194/2
f 801/194/2 803/193/2 804/150/2 802/172/2
f 781/176/2 776/175/2 801/194/2 807/190/2
f 807/190/2 801/194/2 802/172/2 808/171/2
f 780/169/4 779/153/4 799/195/4 797/196/4
f 785/170/4 780/169/4 797/196/4 811/187/4
f 811/187/4 797/196/4 798/164/4 812/163/4
f 795/192/2 796/179/2 771/159/2 767/6/2 763/4/2 770/162/2
f 793/189/4 794/183/4 769/186/4 761/10/4 765/8/4 772/160/4
f 768/5/25 790/197/25 791/198/25 766/7/25
f 790/197/25 789/157/25 792/158/25 791/198/25
f 763/11/26 767/6/26 765/8/26 761/12/26
f 779/153/4 766/7/4 791/199/4 799/195/4
f 799/195/4 791/199/4 792/155/4 800/154/4
f 775/149/2 764/3/2 789/200/2 803/193/2
f 803/193/2 789/200/2 790/151/2 804/150/2
f 800/147/25 852/147/25 851/147/25 799/147/25
f 809/188/27 861/188/27 862/184/27 810/184/27
f 826/148/22 827/149/22 816/3/22 814/2/22
f 856/150/4 829/152/4 820/5/4 842/151/4
f 829/152/23 831/153/23 818/7/23 820/5/23
f 852/154/2 826/156/2 814/9/2 844/155/2
f 841/157/25 844/158/25 814/14/25 816/13/25
f 819/6/23 817/8/23 824/160/23 823/159/23
f 813/1/22 815/4/22 822/162/22 821/161/22
f 864/163/2 840/166/2 825/165/2 850/164/2
f 850/164/2 825/165/2 826/156/2 852/154/2
f 835/167/23 837/170/23 832/169/23 830/168/23
f 830/168/23 832/169/23 831/153/23 829/152/23
f 860/171/4 835/167/4 830/168/4 854/172/4
f 854/172/4 830/168/4 829/152/4 856/150/4
f 840/173/22 833/176/22 828/175/22 825/174/22
f 825/174/22 828/175/22 827/149/22 826/148/22
f 821/161/22 822/162/22 834/178/22 839/177/22
f 839/177/22 834/178/22 833/176/22 840/173/22
f 848/179/4 823/159/4 836/181/4 858/180/4
f 858/180/4 836/181/4 835/167/4 860/171/4
f 823/159/23 824/160/23 838/182/23 836/181/23
f 836/181/23 838/182/23 837/170/23 835/167/23
f 846/183/2 821/186/2 839/185/2 862/184/2
f 862/184/2 839/185/2 840/166/2 864/163/2
f 838/182/2 861/188/2 863/187/2 837/170/2
f 812/163/25 864/163/25 863/187/25 811/187/25
f 824/160/2 845/189/2 861/188/2 838/182/2
f 845/189/2 846/183/2 862/184/2 861/188/2
f 834/178/4 857/191/4 859/190/4 833/176/4
f 857/191/4 858/180/4 860/171/4 859/190/4
f 822/162/4 847/192/4 857/191/4 834/178/4
f 847/192/4 848/179/4 858/180/4 857/191/4
f 828/175/4 853/194/4 855/193/4 827/149/4
f 853/194/4 854/172/4 856/150/4 855/193/4
f 833/176/4 859/190/4 853/194/4 828/175/4
f 859/190/4 860/171/4 854/172/4 853/194/4
f 832/169/2 849/196/2 851/195/2 831/153/2
f 809/188/23 811/187/23 863/187/23 861/188/23
f 837/170/2 863/187/2 849/196/2 832/169/2
f 863/187/2 864/163/2 850/164/2 849/196/2
f 815/4/4 819/6/4 823/159/4 848/179/4 847/192/4 822/162/4
f 817/8/2 813/10/2 821/186/2 846/183/2 845/189/2 824/160/2
f 820/5/24 818/7/24 843/198/24 842/197/24
f 842/197/25 843/198/25 844/158/25 841/157/25
f 813/12/26 817/8/26 819/6/26 815/11/26
f 831/153/2 851/195/2 843/199/2 818/7/2
f 851/195/2 852/154/2 844/155/2 843/199/2
f 827/149/4 855/193/4 841/200/4 816/3/4
f 855/193/4 856/150/4 842/151/4 841/200/4
f 810/184/22 862/184/22 864/163/22 812/163/22
f 799/147/23 851/147/23 849/147/23 797/147/23
f 798/147/27 797/147/27 849/147/27 850/147/27
f 798/147/22 850/147/22 852/154/22 800/147/22
f 865/1/1 866/2/1 868/3/1 867/4/1
f 867/4/2 868/3/2 872/5/2 871/6/2
f 871/6/3 872/5/3 870/7/3 869/8/3
f 869/8/4 870/7/4 866/9/4 865/10/4
f 867/11/5 871/6/5 869/8/5 865/12/5
f 872/5/6 868/13/6 866/14/6 870/7/6
f 873/1/1 875/4/1 876/3/1 874/2/1
f 875/4/4 879/6/4 880/5/4 876/3/4
f 879/6/3 877/8/3 878/7/3 880/5/3
f 877/8/2 873/10/2 874/9/2 878/7/2
f 875/11/5 873/12/5 877/8/5 879/6/5
f 880/5/6 878/7/6 874/14/6 876/13/6
f 929/15/7 932/16/7 884/3/7 883/4/7
f 889/17/2 908/18/2 888/5/2 887/6/2
f 933/19/8 936/20/8 886/7/8 885/8/8
f 909/21/4 928/22/4 882/9/4 881/10/4
f 976/23/9 933/19/9 885/8/9 918/24/9
f 956/25/10 931/26/10 882/14/10 928/27/10
f 936/20/10 938/28/10 919/29/10 886/7/10
f 938/28/10 940/30/10 920/31/10 919/29/10
f 940/30/10 942/32/10 921/33/10 920/31/10
f 942/32/10 944/34/10 922/35/10 921/33/10
f 944/34/10 946/36/10 923/37/10 922/35/10
f 946/36/10 948/38/10 924/39/10 923/37/10
f 948/38/10 950/40/10 925/41/10 924/39/10
f 950/40/10 952/42/10 926/43/10 925/41/10
f 952/42/10 954/44/10 927/45/10 926/43/10
f 954/44/10 956/25/10 928/27/10 927/45/10
f 930/46/9 958/47/9 909/48/9 881/12/9
f 958/47/9 960/49/9 910/50/9 909/48/9
f 960/49/9 962/51/9 911/52/9 910/50/9
f 962/51/9 964/53/9 912/54/9 911/52/9
f 964/53/9 966/55/9 913/56/9 912/54/9
f 966/55/9 968/57/9 914/58/9 913/56/9
f 968/57/9 970/59/9 915/60/9 914/58/9
f 970/59/9 972/61/9 916/62/9 915/60/9
f 972/61/9 974/63/9 917/64/9 916/62/9
f 974/63/9 976/23/9 918/24/9 917/64/9
f 885/8/4 886/7/4 919/65/4 918/66/4
f 918/66/4 919/65/4 920/67/4 917/68/4
f 917/68/4 920/67/4 921/69/4 916/70/4
f 916/70/4 921/69/4 922/71/4 915/72/4
f 915/72/4 922/71/4 923/73/4 914/74/4
f 914/74/4 923/73/4 924/75/4 913/76/4
f 913/76/4 924/75/4 925/77/4 912/78/4
f 912/78/4 925/77/4 926/79/4 911/80/4
f 911/80/4 926/79/4 927/81/4 910/82/4
f 910/82/4 927/81/4 928/22/4 909/21/4
f 883/4/2 884/3/2 899/83/2 898/84/2
f 898/84/2 899/83/2 900/85/2 897/86/2
f 897/86/2 900/85/2 901/87/2 896/88/2
f 896/88/2 901/87/2 902/89/2 895/90/2
f 895/90/2 902/89/2 903/91/2 894/92/2
f 894/92/2 903/91/2 904/93/2 893/94/2
f 893/94/2 904/93/2 905/95/2 892/96/2
f 892/96/2 905/95/2 906/97/2 891/98/2
f 891/98/2 906/97/2 907/99/2 890/100/2
f 890/100/2 907/99/2 908/18/2 889/17/2
f 890/101/9 889/102/9 975/103/9 973/104/9
f 891/105/9 890/101/9 973/104/9 971/106/9
f 971/106/9 973/104/9 974/63/9 972/61/9
f 892/107/9 891/105/9 971/106/9 969/108/9
f 893/109/9 892/107/9 969/108/9 967/110/9
f 967/110/9 969/108/9 970/59/9 968/57/9
f 894/111/9 893/109/9 967/110/9 965/112/9
f 895/113/9 894/111/9 965/112/9 963/114/9
f 963/114/9 965/112/9 966/55/9 964/53/9
f 896/115/9 895/113/9 963/114/9 961/116/9
f 897/117/9 896/115/9 961/116/9 959/118/9
f 959/118/9 961/116/9 962/51/9 960/49/9
f 898/119/9 897/117/9 959/118/9 957/120/9
f 883/11/9 898/119/9 957/120/9 929/121/9
f 929/121/9 957/120/9 958/47/9 930/46/9
f 900/122/10 899/123/10 955/124/10 953/125/10
f 901/126/10 900/122/10 953/125/10 951/127/10
f 951/127/10 953/125/10 954/44/10 952/42/10
f 902/128/10 901/126/10 951/127/10 949/129/10
f 903/130/10 902/128/10 949/129/10 947/131/10
f 947/131/10 949/129/10 950/40/10 948/38/10
f 904/132/10 903/130/10 947/131/10 945/133/10
f 905/134/10 904/132/10 945/133/10 943/135/10
f 943/135/10 945/133/10 946/36/10 944/34/10
f 906/136/10 905/134/10 943/135/10 941/137/10
f 907/138/10 906/136/10 941/137/10 939/139/10
f 939/139/10 941/137/10 942/32/10 940/30/10
f 908/140/10 907/138/10 939/139/10 937/141/10
f 888/5/10 908/140/10 937/141/10 935/142/10
f 935/142/10 937/141/10 938/28/10 936/20/10
f 899/123/10 884/13/10 932/143/10 955/124/10
f 955/124/10 932/143/10 931/26/10 956/25/10
f 889/102/9 887/6/9 934/144/9 975/103/9
f 975/103/9 934/144/9 933/19/9 976/23/9
f 887/6/8 888/5/8 935/142/8 934/144/8
f 934/144/8 935/142/8 936/20/8 933/19/8
f 881/1/11 882/2/11 931/145/11 930/146/11
f 930/146/7 931/145/7 932/16/7 929/15/7
f 953/147/12 959/147/12 960/147/12 954/147/12
f 954/147/2 960/147/2 958/147/2 956/147/2
f 956/147/13 958/147/13 957/147/13 955/147/13
f 955/147/4 957/147/4 959/147/4 953/147/4
f 949/147/14 963/147/14 964/147/14 950/147/14
f 950/147/2 964/147/2 962/147/2 952/147/2
f 952/147/15 962/147/15 961/147/15 951/147/15
f 951/147/4 961/147/4 963/147/4 949/147/4
f 945/147/16 967/147/16 968/147/16 946/147/16
f 946/147/2 968/147/2 966/147/2 948/147/2
f 948/147/17 966/147/17 965/147/17 947/147/17
f 947/147/4 965/147/4 967/147/4 945/147/4
f 941/147/18 971/147/18 972/147/18 942/147/18
f 942/147/2 972/147/2 970/147/2 944/147/2
f 944/147/19 970/147/19 969/147/19 943/147/19
f 943/147/4 969/147/4 971/147/4 941/147/4
f 937/147/20 975/147/20 976/147/20 938/147/20
f 938/147/2 976/147/2 974/147/2 940/147/2
f 940/147/21 974/147/21 973/147/21 939/147/21
f 939/147/4 973/147/4 975/147/4 937/147/4
f 990/148/22 978/2/22 980/3/22 991/149/22
f 1020/150/2 1006/151/2 984/5/2 993/152/2
f 993/152/23 984/5/23 982/7/23 995/153/23
f 1016/154/4 1008/155/4 978/9/4 990/156/4
f 1005/157/24 980/13/24 978/14/24 1008/158/24
f 983/6/23 987/159/23 988/160/23 981/8/23
f 977/1/22 985/161/22 986/162/22 979/4/22
f 1028/163/4 1014/164/4 989/165/4 1004/166/4
f 1014/164/4 1016/154/4 990/156/4 989/165/4
f 999/167/23 994/168/23 996/169/23 1001/170/23
f 994/168/23 993/152/23 995/153/23 996/169/23
f 1024/171/2 1018/172/2 994/168/2 999/167/2
f 1018/172/2 1020/150/2 993/152/2 994/168/2
f 1004/173/22 989/174/22 992/175/22 997/176/22
f 989/174/22 990/148/22 991/149/22 992/175/22
f 985/161/22 1003/177/22 998/178/22 986/162/22
f 1003/177/22 1004/173/22 997/176/22 998/178/22
f 1012/179/2 1022/180/2 1000/181/2 987/159/2
f 1022/180/2 1024/171/2 999/167/2 1000/181/2
f 987/159/23 1000/181/23 1002/182/23 988/160/23
f 1000/181/23 999/167/23 1001/170/23 1002/182/23
f 1010/183/4 1026/184/4 1003/185/4 985/186/4
f 1026/184/4 1028/163/4 1004/166/4 1003/185/4
f 1002/182/4 1001/170/4 1027/187/4 1025/188/4
f 988/160/4 1002/182/4 1025/188/4 1009/189/4
f 1009/189/4 1025/188/4 1026/184/4 1010/183/4
f 998/178/2 997/176/2 1023/190/2 1021/191/2
f 1021/191/2 1023/190/2 1024/171/2 1022/180/2
f 986/162/2 998/178/2 1021/191/2 1011/192/2
f 1011/192/2 1021/191/2 1022/180/2 1012/179/2
f 992/175/2 991/149/2 1019/193/2 1017/194/2
f 1017/194/2 1019/193/2 1020/150/2 1018/172/2
f 997/176/2 992/175/2 1017/194/2 1023/190/2
f 1023/190/2 1017/194/2 1018/172/2 1024/171/2
f 996/169/4 995/153/4 1015/195/4 1013/196/4
f 1001/170/4 996/169/4 1013/196/4 1027/187/4
f 1027/187/4 1013/196/4 1014/164/4 1028/163/4
f 1011/192/2 1012/179/2 987/159/2 983/6/2 979/4/2 986/162/2
f 1009/189/4 1010/183/4 985/186/4 977/10/4 981/8/4 988/160/4
f 984/5/25 1006/197/25 1007/198/25 982/7/25
f 1006/197/25 1005/157/25 1008/158/25 1007/198/25
f 979/11/26 983/6/26 981/8/26 977/12/26
f 995/153/4 982/7/4 1007/199/4 1015/195/4
f 1015/195/4 1007/199/4 1008/155/4 1016/154/4
f 991/149/2 980/3/2 1005/200/2 1019/193/2
f 1019/193/2 1005/200/2 1006/151/2 1020/150/2
f 1016/147/25 1068/147/25 1067/147/25 1015/147/25
f 1025/188/27 1077/188/27 1078/184/27 1026/184/27
f 1042/148/22 1043/149/22 1032/3/22 1030/2/22
f 1072/150/4 1045/152/4 1036/5/4 1058/151/4
f 1045/152/23 1047/153/23 1034/7/23 1036/5/23
f 1068/154/2 1042/156/2 1030/9/2 1060/155/2
f 1057/157/25 1060/158/25 1030/14/25 1032/13/25
f 1035/6/23 1033/8/23 1040/160/23 1039/159/23
f 1029/1/22 1031/4/22 1038/162/22 1037/161/22
f 1080/163/2 1056/166/2 1041/165/2 1066/164/2
f 1066/164/2 1041/165/2 1042/156/2 1068/154/2
f 1051/167/23 1053/170/23 1048/169/23 1046/168/23
f 1046/168/23 1048/169/23 1047/153/23 1045/152/23
f 1076/171/4 1051/167/4 1046/168/4 1070/172/4
f 1070/172/4 1046/168/4 1045/152/4 1072/150/4
f 1056/173/22 1049/176/22 1044/175/22 1041/174/22
f 1041/174/22 1044/175/22 1043/149/22 1042/148/22
f 1037/161/22 1038/162/22 1050/178/22 1055/177/22
f 1055/177/22 1050/178/22 1049/176/22 1056/173/22
f 1064/179/4 1039/159/4 1052/181/4 1074/180/4
f 1074/180/4 1052/181/4 1051/167/4 1076/171/4
f 1039/159/23 1040/160/23 1054/182/23 1052/181/23
f 1052/181/23 1054/182/23 1053/170/23 1051/167/23
f 1062/183/2 1037/186/2 1055/185/2 1078/184/2
f 1078/184/2 1055/185/2 1056/166/2 1080/163/2
f 1054/182/2 1077/188/2 1079/187/2 1053/170/2
f 1028/163/25 1080/163/25 1079/187/25 1027/187/25
f 1040/160/2 1061/189/2 1077/188/2 1054/182/2
f 1061/189/2 1062/183/2 1078/184/2 1077/188/2
f 1050/178/4 1073/191/4 1075/190/4 1049/176/4
f 1073/191/4 1074/180/4 1076/171/4 1075/190/4
f 1038/162/4 1063/192/4 1073/191/4 1050/178/4
f 1063/192/4 1064/179/4 1074/180/4 1073/191/4
f 1044/175/4 1069/194/4 1071/193/4 1043/149/4
f 1069/194/4 1070/172/4 1072/150/4 1071/193/4
f 1049/176/4 1075/190/4 1069/194/4 1044/175/4
f 1075/190/4 1076/171/4 1070/172/4 1069/194/4
f 1048/169/2 1065/196/2 1067/195/2 1047/153/2
f 1025/188/23 1027/187/23 1079/187/23 1077/188/23
f 1053/170/2 1079/187/2 1065/196/2 1048/169/2
f 1079/187/2 1080/163/2 1066/164/2 1065/196/2
f 1031/4/4 1035/6/4 1039/159/4 1064/179/4 1063/192/4 1038/162/4
f 1033/8/2 1029/10/2 1037/186/2 1062/183/2 1061/189/2 1040/160/2
f 1036/5/24 1034/7/24 1059/198/24 1058/197/24
f 1058/197/25 1059/198/25 1060/158/25 1057/157/25
f 1029/12/26 1033/8/26 1035/6/26 1031/11/26
f 1047/153/2 1067/195/2 1059/199/2 1034/7/2
f 1067/195/2 1068/154/2 1060/155/2 1059/199/2
f 1043/149/4 1071/193/4 1057/200/4 1032/3/4
f 1071/193/4 1072/150/4 1058/151/4 1057/200/4
f 1026/184/22 1078/184/22 1080/163/22 1028/163/22
f 1015/147/23 1067/147/23 1065/147/23 1013/147/23
f 1014/147/27 1013/147/27 1065/147/27 1066/147/27
f 1014/147/22 1066/147/22 1068/154/22 1016/147/22
f 1081/1/1 1082/2/1 1084/3/1 1083/4/1
f 1083/4/2 1084/3/2 1088/5/2 1087/6/2
f 1087/6/3 1088/5/3 1086/7/3 1085/8/3
f 1085/8/4 1086/7/4 1082/9/4 1081/10/4
f 1083/11/5 1087/6/5 1085/8/5 1081/12/5
f 1088/5/6 1084/13/6 1082/14/6 1086/7/6
f 1089/1/1 1091/4/1 1092/3/1 1090/2/1
f 1091/4/4 1095/6/4 1096/5/4 1092/3/4
f 1095/6/3 1093/8/3 1094/7/3 1096/5/3
f 1093/8/2 1089/10/2 1090/9/2 1094/7/2
f 1091/11/5 1089/12/5 1093/8/5 1095/6/5
f 1096/5/6 1094/7/6 1090/14/6 1092/13/6
f 1145/15/7 1148/16/7 1100/3/7 1099/4/7
f 1105/17/2 1124/18/2 1104/5/2 1103/6/2
f 1149/19/8 1152/20/8 1102/7/8 1101/8/8
f 1125/21/4 1144/22/4 1098/9/4 1097/10/4
f 1192/23/9 1149/19/9 1101/8/9 1134/24/9
f 1172/25/10 1147/26/10 1098/14/10 1144/27/10
f 1152/20/10 1154/28/10 1135/29/10 1102/7/10
f 1154/28/10 1156/30/10 1136/31/10 1135/29/10
f 1156/30/10 1158/32/10 1137/33/10 1136/31/10
f 1158/32/10 1160/34/10 1138/35/10 1137/33/10
f 1160/34/10 1162/36/10 1139/37/10 1138/35/10
f 1162/36/10 1164/38/10 1140/39/10 1139/37/10
f 1164/38/10 1166/40/10 1141/41/10 1140/39/10
f 1166/40/10 1168/42/10 1142/43/10 1141/41/10
f 1168/42/10 1170/44/10 1143/45/10 1142/43/10
f 1170/44/10 1172/25/10 1144/27/10 1143/45/10
f 1146/46/9 1174/47/9 1125/48/9 1097/12/9
f 1174/47/9 1176/49/9 1126/50/9 1125/48/9
f 1176/49/9 1178/51/9 1127/52/9 1126/50/9
f 1178/51/9 1180/53/9 1128/54/9 1127/52/9
f 1180/53/9 1182/55/9 1129/56/9 1128/54/9
f 1182/55/9 1184/57/9 1130/58/9 1129/56/9
f 1184/57/9 1186/59/9 1131/60/9 1130/58/9
f 1186/59/9 1188/61/9 1132/62/9 1131/60/9
f 1188/61/9 1190/63/9 1133/64/9 1132/62/9
f 1190/63/9 1192/23/9 1134/24/9 1133/64/9
f 1101/8/4 1102/7/4 1135/65/4 1134/66/4
f 1134/66/4 1135/65/4 1136/67/4 1133/68/4
f 1133/68/4 1136/67/4 1137/69/4 1132/70/4
f 1132/70/4 1137/69/4 1138/71/4 1131/72/4
f 1131/72/4 1138/71/4 1139/73/4 1130/74/4
f 1130/74/4 1139/73/4 1140/75/4 1129/76/4
f 1129/76/4 1140/75/4 1141/77/4 1128/78/4
f 1128/78/4 1141/77/4 1142/79/4 1127/80/4
f 1127/80/4 1142/79/4 1143/81/4 1126/82/4
f 1126/82/4 1143/81/4 1144/22/4 1125/21/4
f 1099/4/2 1100/3/2 1115/83/2 1114/84/2
f 1114/84/2 1115/83/2 1116/85/2 1113/86/2
f 1113/86/2 1116/85/2 1117/87/2 1112/88/2
f 1112/88/2 1117/87/2 1118/89/2 1111/90/2
f 1111/90/2 1118/89/2 1119/91/2 1110/92/2
f 1110/92/2 1119/91/2 1120/93/2 1109/94/2
f 1109/94/2 1120/93/2 1121/95/2 1108/96/2
f 1108/96/2 1121/95/2 1122/97/2 1107/98/2
f 1107/98/2 1122/97/2 1123/99/2 1106/100/2
f 1106/100/2 1123/99/2 1124/18/2 1105/17/2
f 1106/101/9 1105/102/9 1191/103/9 1189/104/9
f 1107/105/9 1106/101/9 1189/104/9 1187/106/9
f 1187/106/9 1189/104/9 1190/63/9 1188/61/9
f 1108/107/9 1107/105/9 1187/106/9 1185/108/9
f 1109/109/9 1108/107/9 1185/108/9 1183/110/9
f 1183/110/9 1185/108/9 1186/59/9 1184/57/9
f 1110/111/9 1109/109/9 1183/110/9 1181/112/9
f 1111/113/9 1110/111/9 1181/112/9 1179/114/9
f 1179/114/9 1181/112/9 1182/55/9 1180/53/9
f 1112/115/9 1111/113/9 1179/114/9 1177/116/9
f 1113/117/9 1112/115/9 1177/116/9 1175/118/9
f 1175/118/9 1177/116/9 1178/51/9 1176/49/9
f 1114/119/9 1113/117/9 1175/118/9 1173/120/9
f 1099/11/9 1114/119/9 1173/120/9 1145/121/9
f 1145/121/9 1173/120/9 1174/47/9 1146/46/9
f 1116/122/10 1115/123/10 1171/124/10 1169/125/10
f 1117/126/10 1116/122/10 1169/125/10 1167/127/10
f 1167/127/10 1169/125/10 1170/44/10 1168/42/10
f 1118/128/10 1117/126/10 1167/127/10 1165/129/10
f 1119/130/10 1118/128/10 1165/129/10 1163/131/10
f 1163/131/10 1165/129/10 1166/40/10 1164/38/10
f 1120/132/10 1119/130/10 1163/131/10 1161/133/10
f 1121/134/10 1120/132/10 1161/133/10 1159/135/10
f 1159/135/10 1161/133/10 1162/36/10 1160/34/10
f 1122/136/10 1121/134/10 1159/135/10 1157/137/10
f 1123/138/10 1122/136/10 1157/137/10 1155/139/10
f 1155/139/10 1157/137/10 1158/32/10 1156/30/10
f 1124/140/10 1123/138/10 1155/139/10 1153/141/10
f 1104/5/10 1124/140/10 1153/141/10 1151/142/10
f 1151/142/10 1153/141/10 1154/28/10 1152/20/10
f 1115/123/10 1100/13/10 1148/143/10 1171/124/10
f 1171/124/10 1148/143/10 1147/26/10 1172/25/10
f 1105/102/9 1103/6/9 1150/144/9 1191/103/9
f 1191/103/9 1150/144/9 1149/19/9 1192/23/9
f 1103/6/8 1104/5/8 1151/142/8 1150/144/8
f 1150/144/8 1151/142/8 1152/20/8 1149/19/8
f 1097/1/11 1098/2/11 1147/145/11 1146/146/11
f 1146/146/7 1147/145/7 1148/16/7 1145/15/7
f 1169/147/12 1175/147/12 1176/147/12 1170/147/12
f 1170/147/2 1176/147/2 1174/147/2 1172/147/2
f 1172/147/13 1174/147/13 1173/147/13 1171/147/13
f 1171/147/4 1173/147/4 1175/147/4 1169/147/4
f 1165/147/14 1179/147/14 1180/147/14 1166/147/14
f 1166/147/2 1180/147/2 1178/147/2 1168/147/2
f 1168/147/15 1178/147/15 1177/147/15 1167/147/15
f 1167/147/4 1177/147/4 1179/147/4 1165/147/4
f 1161/147/16 1183/147/16 1184/147/16 1162/147/16
f 1162/147/2 1184/147/2 1182/147/2 1164/147/2
f 1164/147/17 1182/147/17 1181/147/17 1163/147/17
f 1163/147/4 1181/147/4 1183/147/4 1161/147/4
f 1157/147/18 1187/147/18 1188/147/18 1158/147/18
f 1158/147/2 1188/147/2 1186/147/2 1160/147/2
f 1160/147/19 1186/147/19 1185/147/19 1159/147/19
f 1159/147/4 1185/147/4 1187/147/4 1157/147/4
f 1153/147/20 1191/147/20 1192/147/20 1154/147/20
f 1154/147/2 1192/147/2 1190/147/2 1156/147/2
f 1156/147/21 1190/147/21 1189/147/21 1155/147/21
f 1155/147/4 1189/147/4 1191/147/4 1153/147/4
f 1206/148/22 1194/2/22 1196/3/22 1207/149/22
f 1236/150/2 1222/151/2 1200/5/2 1209/152/2
f 1209/152/23 1200/5/23 1198/7/23 1211/153/23
f 1232/154/4 1224/155/4 1194/9/4 1206/156/4
f 1221/157/24 1196/13/24 1194/14/24 1224/158/24
f 1199/6/23 1203/159/23 1204/160/23 1197/8/23
f 1193/1/22 1201/161/22 1202/162/22 1195/4/22
f 1244/163/4 1230/164/4 1205/165/4 1220/166/4
f 1230/164/4 1232/154/4 1206/156/4 1205/165/4
f 1215/167/23 1210/168/23 1212/169/23 1217/170/23
f 1210/168/23 1209/152/23 1211/153/23 1212/169/23
f 1240/171/2 1234/172/2 1210/168/2 1215/167/2
f 1234/172/2 1236/150/2 1209/152/2 1210/168/2
f 1220/173/22 1205/174/22 1208/175/22 1213/176/22
f 1205/174/22 1206/148/22 1207/149/22 1208/175/22
f 1201/161/22 1219/177/22 1214/178/22 1202/162/22
f 1219/177/22 1220/173/22 1213/176/22 1214/178/22
f 1228/179/2 1238/180/2 1216/181/2 1203/159/2
f 1238/180/2 1240/171/2 1215/167/2 1216/181/2
f 1203/159/23 1216/181/23 1218/182/23 1204/160/23
f 1216/181/23 1215/167/23 1217/170/23 1218/182/23
f 1226/183/4 1242/184/4 1219/185/4 1201/186/4
f 1242/184/4 1244/163/4 1220/166/4 1219/185/4
f 1218/182/4 1217/170/4 1243/187/4 1241/188/4
f 1204/160/4 1218/182/4 1241/188/4 1225/189/4
f 1225/189/4 1241/188/4 1242/184/4 1226/183/4
f 1214/178/2 1213/176/2 1239/190/2 1237/191/2
f 1237/191/2 1239/190/2 1240/171/2 1238/180/2
f 1202/162/2 1214/178/2 1237/191/2 1227/192/2
f 1227/192/2 1237/191/2 1238/180/2 1228/179/2
f 1208/175/2 1207/149/2 1235/193/2 1233/194/2
f 1233/194/2 1235/193/2 1236/150/2 1234/172/2
f 1213/176/2 1208/175/2 1233/194/2 1239/190/2
f 1239/190/2 1233/194/2 1234/172/2 1240/171/2
f 1212/169/4 1211/153/4 1231/195/4 1229/196/4
f 1217/170/4 1212/169/4 1229/196/4 1243/187/4
f 1243/187/4 1229/196/4 1230/164/4 1244/163/4
f 1227/192/2 1228/179/2 1203/159/2 1199/6/2 1195/4/2 1202/162/2
f 1225/189/4 1226/183/4 1201/186/4 1193/10/4 1197/8/4 1204/160/4
f 1200/5/25 1222/197/25 1223/198/25 1198/7/25
f 1222/197/25 1221/157/25 1224/158/25 1223/198/25
f 1195/11/26 1199/6/26 1197/8/26 1193/12/26
f 1211/153/4 1198/7/4 1223/199/4 1231/195/4
f 1231/195/4 1223/199/4 1224/155/4 1232/154/4
f 1207/149/2 1196/3/2 1221/200/2 1235/193/2
f 1235/193/2 1221/200/2 1222/151/2 1236/150/2
f 1232/147/25 1284/147/25 1283/147/25 1231/147/25
f 1241/188/27 1293/188/27 1294/184/27 1242/184/27
f 1258/148/22 1259/149/22 1248/3/22 1246/2/22
f 1288/150/4 1261/152/4 1252/5/4 1274/151/4
f 1261/152/23 1263/153/23 1250/7/23 1252/5/23
f 1284/154/2 1258/156/2 1246/9/2 1276/155/2
f 1273/157/25 1276/158/25 1246/14/25 1248/13/25
f 1251/6/23 1249/8/23 1256/160/23 1255/159/23
f 1245/1/22 1247/4/22 1254/162/22 1253/161/22
f 1296/163/2 1272/166/2 1257/165/2 1282/164/2
f 1282/164/2 1257/165/2 1258/156/2 1284/154/2
f 1267/167/23 1269/170/23 1264/169/23 1262/168/23
f 1262/168/23 1264/169/23 1263/153/23 1261/152/23
f 1292/171/4 1267/167/4 1262/168/4 1286/172/4
f 1286/172/4 1262/168/4 1261/152/4 1288/150/4
f 1272/173/22 1265/176/22 1260/175/22 1257/174/22
f 1257/174/22 1260/175/22 1259/149/22 1258/148/22
f 1253/161/22 1254/162/22 1266/178/22 1271/177/22
f 1271/177/22 1266/178/22 1265/176/22 1272/173/22
f 1280/179/4 1255/159/4 1268/181/4 1290/180/4
f 1290/180/4 1268/181/4 1267/167/4 1292/171/4
f 1255/159/23 1256/160/23 1270/182/23 1268/181/23
f 1268/181/23 1270/182/23 1269/170/23 1267/167/23
f 1278/183/2 1253/186/2 1271/185/2 1294/184/2
f 1294/184/2 1271/185/2 1272/166/2 1296/163/2
f 1270/182/2 1293/188/2 1295/187/2 1269/170/2
f 1244/163/25 1296/163/25 1295/187/25 1243/187/25
f 1256/160/2 1277/189/2 1293/188/2 1270/182/2
f 1277/189/2 1278/183/2 1294/184/2 1293/188/2
f 1266/178/4 1289/191/4 1291/190/4 1265/176/4
f 1289/191/4 1290/180/4 1292/171/4 1291/190/4
f 1254/162/4 1279/192/4 1289/191/4 1266/178/4
f 1279/192/4 1280/179/4 1290/180/4 1289/191/4
f 1260/175/4 1285/194/4 1287/193/4 1259/149/4
f 1285/194/4 1286/172/4 1288/150/4 1287/193/4
f 1265/176/4 1291/190/4 1285/194/4 1260/175/4
f 1291/190/4 1292/171/4 1286/172/4 1285/194/4
f 1264/169/2 1281/196/2 1283/195/2 1263/153/2
f 1241/188/23 1243/187/23 1295/187/23 1293/188/23
f 1269/170/2 1295/187/2 1281/196/2 1264/169/2
f 1295/187/2 1296/163/2 1282/164/2 1281/196/2
f 1247/4/4 1251/6/4 1255/159/4 1280/179/4 1279/192/4 1254/162/4
f 1249/8/2 1245/10/2 1253/186/2 1278/183/2 1277/189/2 1256/160/2
f 1252/5/24 1250/7/24 1275/198/24 1274/197/24
f 1274/197/25 1275/198/25 1276/158/25 1273/157/25
f 1245/12/26 1249/8/26 1251/6/26 1247/11/26
f 1263/153/2 1283/195/2 1275/199/2 1250/7/2
f 1283/195/2 1284/154/2 1276/155/2 1275/199/2
f 1259/149/4 1287/193/4 1273/200/4 1248/3/4
f 1287/193/4 1288/150/4 1274/151/4 1273/200/4
f 1242/184/22 1294/184/22 1296/163/22 1244/163/22
f 1231/147/23 1283/147/23 1281/147/23 1229/147/23
f 1230/147/27 1229/147/27 1281/147/27 1282/147/27
f 1230/147/22 1282/147/22 1284/154/22 1232/147/22
f 1297/1/1 1298/2/1 1300/3/1 1299/4/1
f 1299/4/2 1300/3/2 1304/5/2 1303/6/2
f 1303/6/3 1304/5/3 1302/7/3 1301/8/3
f 1301/8/4 1302/7/4 1298/9/4 1297/10/4
f 1299/11/5 1303/6/5 1301/8/5 1297/12/5
f 1304/5/6 1300/13/6 1298/14/6 1302/7/6
f 1305/1/1 1307/4/1 1308/3/1 1306/2/1
f 1307/4/4 1311/6/4 1312/5/4 1308/3/4
f 1311/6/3 1309/8/3 1310/7/3 1312/5/3
f 1309/8/2 1305/10/2 1306/9/2 1310/7/2
f 1307/11/5 1305/12/5 1309/8/5 1311/6/5
f 1312/5/6 1310/7/6 1306/14/6 1308/13/6
f 1361/15/7 1364/16/7 1316/3/7 1315/4/7
f 1321/17/2 1340/18/2 1320/5/2 1319/6/2
f 1365/19/8 1368/20/8 1318/7/8 1317/8/8
f 1341/21/4 1360/22/4 1314/9/4 1313/10/4
f 1408/23/9 1365/19/9 1317/8/9 1350/24/9
f 1388/25/10 1363/26/10 1314/14/10 1360/27/10
f 1368/20/10 1370/28/10 1351/29/10 1318/7/10
f 1370/28/10 1372/30/10 1352/31/10 1351/29/10
f 1372/30/10 1374/32/10 1353/33/10 1352/31/10
f 1374/32/10 1376/34/10 1354/35/10 1353/33/10
f 1376/34/10 1378/36/10 1355/37/10 1354/35/10
f 1378/36/10 1380/38/10 1356/39/10 1355/37/10
f 1380/38/10 1382/40/10 1357/41/10 1356/39/10
f 1382/40/10 1384/42/10 1358/43/10 1357/41/10
f 1384/42/10 1386/44/10 1359/45/10 1358/43/10
f 1386/44/10 1388/25/10 1360/27/10 1359/45/10
f 1362/46/9 1390/47/9 1341/48/9 1313/12/9
f 1390/47/9 1392/49/9 1342/50/9 1341/48/9
f 1392/49/9 1394/51/9 1343/52/9 1342/50/9
f 1394/51/9 1396/53/9 1344/54/9 1343/52/9
f 1396/53/9 1398/55/9 1345/56/9 1344/54/9
f 1398/55/9 1400/57/9 1346/58/9 1345/56/9
f 1400/57/9 1402/59/9 1347/60/9 1346/58/9
f 1402/59/9 1404/61/9 1348/62/9 1347/60/9
f 1404/61/9 1406/63/9 1349/64/9 1348/62/9
f 1406/63/9 1408/23/9 1350/24/9 1349/64/9
f 1317/8/4 1318/7/4 1351/65/4 1350/66/4
f 1350/66/4 1351/65/4 1352/67/4 1349/68/4
f 1349/68/4 1352/67/4 1353/69/4 1348/70/4
f 1348/70/4 1353/69/4 1354/71/4 1347/72/4
f 1347/72/4 1354/71/4 1355/73/4 1346/74/4
f 1346/74/4 1355/73/4 1356/75/4 1345/76/4
f 1345/76/4 1356/75/4 1357/77/4 1344/78/4
f 1344/78/4 1357/77/4 1358/79/4 1343/80/4
f 1343/80/4 1358/79/4 1359/81/4 1342/82/4
f 1342/82/4 1359/81/4 1360/22/4 1341/21/4
f 1315/4/2 1316/3/2 1331/83/2 1330/84/2
f 1330/84/2 1331/83/2 1332/85/2 1329/86/2
f 1329/86/2 1332/85/2 1333/87/2 1328/88/2
f 1328/88/2 1333/87/2 1334/89/2 1327/90/2
f 1327/90/2 1334/89/2 1335/91/2 1326/92/2
f 1326/92/2 1335/91/2 1336/93/2 1325/94/2
f 1325/94/2 1336/93/2 1337/95/2 1324/96/2
f 1324/96/2 1337/95/2 1338/97/2 1323/98/2
f 1323/98/2 1338/97/2 1339/99/2 1322/100/2
f 1322/100/2 1339/99/2 1340/18/2 1321/17/2
f 1322/101/9 1321/102/9 1407/103/9 1405/104/9
f 1323/105/9 1322/101/9 1405/104/9 1403/106/9
f 1403/106/9 1405/104/9 1406/63/9 1404/61/9
f 1324/107/9 1323/105/9 1403/106/9 1401/108/9
f 1325/109/9 1324/107/9 1401/108/9 1399/110/9
f 1399/110/9 1401/108/9 1402/59/9 1400/57/9
f 1326/111/9 1325/109/9 1399/110/9 1397/112/9
f 1327/113/9 1326/111/9 1397/112/9 1395/114/9
f 1395/114/9 1397/112/9 1398/55/9 1396/53/9
f 1328/115/9 1327/113/9 1395/114/9 1393/116/9
f 1329/117/9 1328/115/9 1393/116/9 1391/118/9
f 1391/118/9 1393/116/9 1394/51/9 1392/49/9
f 1330/119/9 1329/117/9 1391/118/9 1389/120/9
f 1315/11/9 1330/119/9 1389/120/9 1361/121/9
f 1361/121/9 1389/120/9 1390/47/9 1362/46/9
f 1332/122/10 1331/123/10 1387/124/10 1385/125/10
f 1333/126/10 1332/122/10 1385/125/10 1383/127/10
f 1383/127/10 1385/125/10 1386/44/10 1384/42/10
f 1334/128/10 1333/126/10 1383/127/10 1381/129/10
f 1335/130/10 1334/128/10 1381/129/10 1379/131/10
f 1379/131/10 1381/129/10 1382/40/10 1380/38/10
f 1336/132/10 1335/130/10 1379/131/10 1377/133/10
f 1337/134/10 1336/132/10 1377/133/10 1375/135/10
f 1375/135/10 1377/133/10 1378/36/10 1376/34/10
f 1338/136/10 1337/134/10 1375/135/10 1373/137/10
f 1339/138/10 1338/136/10 1373/137/10 1371/139/10
f 1371/139/10 1373/137/10 1374/32/10 1372/30/10
f 1340/140/10 1339/138/10 1371/139/10 1369/141/10
f 1320/5/10 1340/140/10 1369/141/10 1367/142/10
f 1367/142/10 1369/141/10 1370/28/10 1368/20/10
f 1331/123/10 1316/13/10 1364/143/10 1387/124/10
f 1387/124/10 1364/143/10 1363/26/10 1388/25/10
f 1321/102/9 1319/6/9 1366/144/9 1407/103/9
f 1407/103/9 1366/144/9 1365/19/9 1408/23/9
f 1319/6/8 1320/5/8 1367/142/8 1366/144/8
f 1366/144/8 1367/142/8 1368/20/8 1365/19/8
f 1313/1/11 1314/2/11 1363/145/11 1362/146/11
f 1362/146/7 1363/145/7 1364/16/7 1361/15/7
f 1385/147/12 1391/147/12 1392/147/12 1386/147/12
f 1386/147/2 1392/147/2 1390/147/2 1388/147/2
f 1388/147/13 1390/147/13 1389/147/13 1387/147/13
f 1387/147/4 1389/147/4 1391/147/4 1385/147/4
f 1381/147/14 1395/147/14 1396/147/14 1382/147/14
f 1382/147/2 1396/147/2 1394/147/2 1384/147/2
f 1384/147/15 1394/147/15 1393/147/15 1383/147/15
f 1383/147/4 1393/147/4 1395/147/4 1381/147/4
f 1377/147/16 1399/147/16 1400/147/16 1378/147/16
f 1378/147/2 1400/147/2 1398/147/2 1380/147/2
f 1380/147/17 1398/147/17 1397/147/17 1379/147/17
f 1379/147/4 1397/147/4 1399/147/4 1377/147/4
f 1373/147/18 1403/147/18 1404/147/18 1374/147/18
f 1374/147/2 1404/147/2 1402/147/2 1376/147/2
f 1376/147/19 1402/147/19 1401/147/19 1375/147/19
f 1375/147/4 1401/147/4 1403/147/4 1373/147/4
f 1369/147/20 1407/147/20 1408/147/20 1370/147/20
f 1370/147/2 1408/147/2 1406/147/2 1372/147/2
f 1372/147/21 1406/147/21 1405/147/21 1371/147/21
f 1371/147/4 1405/147/4 1407/147/4 1369/147/4
f 1422/148/22 1410/2/22 1412/3/22 1423/149/22
f 1452/150/2 1438/151/2 1416/5/2 1425/152/2
f 1425/152/23 1416/5/23 1414/7/23 1427/153/23
f 1448/154/4 1440/155/4 1410/9/4 1422/156/4
f 1437/157/24 1412/13/24 1410/14/24 1440/158/24
f 1415/6/23 1419/159/23 1420/160/23 1413/8/23
f 1409/1/22 1417/161/22 1418/162/22 1411/4/22
f 1460/163/4 1446/164/4 1421/165/4 1436/166/4
f 1446/164/4 1448/154/4 1422/156/4 1421/165/4
f 1431/167/23 1426/168/23 1428/169/23 1433/170/23
f 1426/168/23 1425/152/23 1427/153/23 1428/169/23
f 1456/171/2 1450/172/2 1426/168/2 1431/167/2
f 1450/172/2 1452/150/2 1425/152/2 1426/168/2
f 1436/173/22 1421/174/22 1424/175/22 1429/176/22
f 1421/174/22 1422/148/22 1423/149/22 1424/175/22
f 1417/161/22 1435/177/22 1430/178/22 1418/162/22
f 1435/177/22 1436/173/22 1429/176/22 1430/178/22
f 1444/179/2 1454/180/2 1432/181/2 1419/159/2
f 1454/180/2 1456/171/2 1431/167/2 1432/181/2
f 1419/159/23 1432/181/23 1434/182/23 1420/160/23
f 1432/181/23 1431/167/23 1433/170/23 1434/182/23
f 1442/183/4 1458/184/4 1435/185/4 1417/186/4
f 1458/184/4 1460/163/4 1436/166/4 1435/185/4
f 1434/182/4 1433/170/4 1459/187/4 1457/188/4
f 1420/160/4 1434/182/4 1457/188/4 1441/189/4
f 1441/189/4 1457/188/4 1458/184/4 1442/183/4
f 1430/178/2 1429/176/2 1455/190/2 1453/191/2
f 1453/191/2 1455/190/2 1456/171/2 1454/180/2
f 1418/162/2 1430/178/2 1453/191/2 1443/192/2
f 1443/192/2 1453/191/2 1454/180/2 1444/179/2
f 1424/175/2 1423/149/2 1451/193/2 1449/194/2
f 1449/194/2 1451/193/2 1452/150/2 1450/172/2
f 1429/176/2 1424/175/2 1449/194/2 1455/190/2
f 1455/190/2 1449/194/2 1450/172/2 1456/171/2
f 1428/169/4 1427/153/4 1447/195/4 1445/196/4
f 1433/170/4 1428/169/4 1445/196/4 1459/187/4
f 1459/187/4 1445/196/4 1446/164/4 1460/163/4
f 1443/192/2 1444/179/2 1419/159/2 1415/6/2 1411/4/2 1418/162/2
f 1441/189/4 1442/183/4 1417/186/4 1409/10/4 1413/8/4 1420/160/4
f 1416/5/25 1438/197/25 1439/198/25 1414/7/25
f 1438/197/25 1437/157/25 1440/158/25 1439/198/25
f 1411/11/26 1415/6/26 1413/8/26 1409/12/26
f 1427/153/4 1414/7/4 1439/199/4 1447/195/4
f 1447/195/4 1439/199/4 1440/155/4 1448/154/4
f 1423/149/2 1412/3/2 1437/200/2 1451/193/2
f 1451/193/2 1437/200/2 1438/151/2 1452/150/2
f 1448/147/25 1500/147/25 1499/147/25 1447/147/25
f 1457/188/27 1509/188/27 1510/184/27 1458/184/27
f 1474/148/22 1475/149/22 1464/3/22 1462/2/22
f 1504/150/4 1477/152/4 1468/5/4 1490/151/4
f 1477/152/23 1479/153/23 1466/7/23 1468/5/23
f 1500/154/2 1474/156/2 1462/9/2 1492/155/2
f 1489/157/25 1492/158/25 1462/14/25 1464/13/25
f 1467/6/23 1465/8/23 1472/160/23 1471/159/23
f 1461/1/22 1463/4/22 1470/162/22 1469/161/22
f 1512/163/2 1488/166/2 1473/165/2 1498/164/2
f 1498/164/2 1473/165/2 1474/156/2 1500/154/2
f 1483/167/23 1485/170/23 1480/169/23 1478/168/23
f 1478/168/23 1480/169/23 1479/153/23 1477/152/23
f 1508/171/4 1483/167/4 1478/168/4 1502/172/4
f 1502/172/4 1478/168/4 1477/152/4 1504/150/4
f 1488/173/22 1481/176/22 1476/175/22 1473/174/22
f 1473/174/22 1476/175/22 1475/149/22 1474/148/22
f 1469/161/22 1470/162/22 1482/178/22 1487/177/22
f 1487/177/22 1482/178/22 1481/176/22 1488/173/22
f 1496/179/4 1471/159/4 1484/181/4 1506/180/4
f 1506/180/4 1484/181/4 1483/167/4 1508/171/4
f 1471/159/23 1472/160/23 1486/182/23 1484/181/23
f 1484/181/23 1486/182/23 1485/170/23 1483/167/23
f 1494/183/2 1469/186/2 1487/185/2 1510/184/2
f 1510/184/2 1487/185/2 1488/166/2 1512/163/2
f 1486/182/2 1509/188/2 1511/187/2 1485/170/2
f 1460/163/25 1512/163/25 1511/187/25 1459/187/25
f 1472/160/2 1493/189/2 1509/188/2 1486/182/2
f 1493/189/2 1494/183/2 1510/184/2 1509/188/2
f 1482/178/4 1505/191/4 1507/190/4 1481/176/4
f 1505/191/4 1506/180/4 1508/171/4 1507/190/4
f 1470/162/4 1495/192/4 1505/191/4 1482/178/4
f 1495/192/4 1496/179/4 1506/180/4 1505/191/4
f 1476/175/4 1501/194/4 1503/193/4 1475/149/4
f 1501/194/4 1502/172/4 1504/150/4 1503/193/4
f 1481/176/4 1507/190/4 1501/194/4 1476/175/4
f 1507/190/4 1508/171/4 1502/172/4 1501/194/4
f 1480/169/2 1497/196/2 1499/195/2 1479/153/2
f 1457/188/23 1459/187/23 1511/187/23 1509/188/23
f 1485/170/2 1511/187/2 1497/196/2 1480/169/2
f 1511/187/2 1512/163/2 1498/164/2 1497/196/2
f 1463/4/4 1467/6/4 1471/159/4 1496/179/4 1495/192/4 1470/162/4
f 1465/8/2 1461/10/2 1469/186/2 1494/183/2 1493/189/2 1472/160/2
f 1468/5/24 1466/7/24 1491/198/24 1490/197/24
f 1490/197/25 1491/198/25 1492/158/25 1489/157/25
f 1461/12/26 1465/8/26 1467/6/26 1463/11/26
f 1479/153/2 1499/195/2 1491/199/2 1466/7/2
f 1499/195/2 1500/154/2 1492/155/2 1491/199/2
f 1475/149/4 1503/193/4 1489/200/4 1464/3/4
f 1503/193/4 1504/150/4 1490/151/4 1489/200/4
f 1458/184/22 1510/184/22 1512/163/22 1460/163/22
f 1447/147/23 1499/147/23 1497/147/23 1445/147/23
f 1446/147/27 1445/147/27 1497/147/27 1498/147/27
f 1446/147/22 1498/147/22 1500/154/22 1448/147/22
f 1513/1/1 1514/2/1 1516/3/1 1515/4/1
f 1515/4/2 1516/3/2 1520/5/2 1519/6/2
f 1519/6/3 1520/5/3 1518/7/3 1517/8/3
f 1517/8/4 1518/7/4 1514/9/4 1513/10/4
f 1515/11/5 1519/6/5 1517/8/5 1513/12/5
f 1520/5/6 1516/13/6 1514/14/6 1518/7/6
f 1521/1/1 1523/4/1 1524/3/1 1522/2/1
f 1523/4/4 1527/6/4 1528/5/4 1524/3/4
f 1527/6/3 1525/8/3 1526/7/3 1528/5/3
f 1525/8/2 1521/10/2 1522/9/2 1526/7/2
f 1523/11/5 1521/12/5 1525/8/5 1527/6/5
f 1528/5/6 1526/7/6 1522/14/6 1524/13/6
f 1577/15/7 1580/16/7 1532/3/7 1531/4/7
f 1537/17/2 1556/18/2 1536/5/2 1535/6/2
f 1581/19/8 1584/20/8 1534/7/8 1533/8/8
f 1557/21/4 1576/22/4 1530/9/4 1529/10/4
f 1624/23/9 1581/19/9 1533/8/9 1566/24/9
f 1604/25/10 1579/26/10 1530/14/10 1576/27/10
f 1584/20/10 1586/28/10 1567/29/10 1534/7/10
f 1586/28/10 1588/30/10 1568/31/10 1567/29/10
f 1588/30/10 1590/32/10 1569/33/10 1568/31/10
f 1590/32/10 1592/34/10 1570/35/10 1569/33/10
f 1592/34/10 1594/36/10 1571/37/10 1570/35/10
f 1594/36/10 1596/38/10 1572/39/10 1571/37/10
f 1596/38/10 1598/40/10 1573/41/10 1572/39/10
f 1598/40/10 1600/42/10 1574/43/10 1573/41/10
f 1600/42/10 1602/44/10 1575/45/10 1574/43/10
f 1602/44/10 1604/25/10 1576/27/10 1575/45/10
f 1578/46/9 1606/47/9 1557/48/9 1529/12/9
f 1606/47/9 1608/49/9 1558/50/9 1557/48/9
f 1608/49/9 1610/51/9 1559/52/9 1558/50/9
f 1610/51/9 1612/53/9 1560/54/9 1559/52/9
f 1612/53/9 1614/55/9 1561/56/9 1560/54/9
f 1614/55/9 1616/57/9 1562/58/9 1561/56/9
f 1616/57/9 1618/59/9 1563/60/9 1562/58/9
f 1618/59/9 1620/61/9 1564/62/9 1563/60/9
f 1620/61/9 1622/63/9 1565/64/9 1564/62/9
f 1622/63/9 1624/23/9 1566/24/9 1565/64/9
f 1533/8/4 1534/7/4 1567/65/4 1566/66/4
f 1566/66/4 1567/65/4 1568/67/4 1565/68/4
f 1565/68/4 1568/67/4 1569/69/4 1564/70/4
f 1564/70/4 1569/69/4 1570/71/4 1563/72/4
f 1563/72/4 1570/71/4 1571/73/4 1562/74/4
f 1562/74/4 1571/73/4 1572/75/4 1561/76/4
f 1561/76/4 1572/75/4 1573/77/4 1560/78/4
f 1560/78/4 1573/77/4 1574/79/4 1559/80/4
f 1559/80/4 1574/79/4 1575/81/4 1558/82/4
f 1558/82/4 1575/81/4 1576/22/4 1557/21/4
f 1531/4/2 1532/3/2 1547/83/2 1546/84/2
f 1546/84/2 1547/83/2 1548/85/2 1545/86/2
f 1545/86/2 1548/85/2 1549/87/2 1544/88/2
f 1544/88/2 1549/87/2 1550/89/2 1543/90/2
f 1543/90/2 1550/89/2 1551/91/2 1542/92/2
f 1542/92/2 1551/91/2 1552/93/2 1541/94/2
f 1541/94/2 1552/93/2 1553/95/2 1540/96/2
f 1540/96/2 1553/95/2 1554/97/2 1539/98/2
f 1539/98/2 1554/97/2 1555/99/2 1538/100/2
f 1538/100/2 1555/99/2 1556/18/2 1537/17/2
f 1538/101/9 1537/102/9 1623/103/9 1621/104/9
f 1539/105/9 1538/101/9 1621/104/9 1619/106/9
f 1619/106/9 1621/104/9 1622/63/9 1620/61/9
f 1540/107/9 1539/105/9 1619/106/9 1617/108/9
f 1541/109/9 1540/107/9 1617/108/9 1615/110/9
f 1615/110/9 1617/108/9 1618/59/9 1616/57/9
f 1542/111/9 1541/109/9 1615/110/9 1613/112/9
f 1543/113/9 1542/111/9 1613/112/9 1611/114/9
f 1611/114/9 1613/112/9 1614/55/9 1612/53/9
f 1544/115/9 1543/113/9 1611/114/9 1609/116/9
f 1545/117/9 1544/115/9 1609/116/9 1607/118/9
f 1607/118/9 1609/116/9 1610/51/9 1608/49/9
f 1546/119/9 1545/117/9 1607/118/9 1605/120/9
f 1531/11/9 1546/119/9 1605/120/9 1577/121/9
f 1577/121/9 1605/120/9 1606/47/9 1578/46/9
f 1548/122/10 1547/123/10 1603/124/10 1601/125/10
f 1549/126/10 1548/122/10 1601/125/10 1599/127/10
f 1599/127/10 1601/125/10 1602/44/10 1600/42/10
f 1550/128/10 1549/126/10 1599/127/10 1597/129/10
f 1551/130/10 1550/128/10 1597/129/10 1595/131/10
f 1595/131/10 1597/129/10 1598/40/10 1596/38/10
f 1552/132/10 1551/130/10 1595/131/10 1593/133/10
f 1553/134/10 1552/132/10 1593/133/10 1591/135/10
f 1591/135/10 1593/133/10 1594/36/10 1592/34/10
f 1554/136/10 1553/134/10 1591/135/10 1589/137/10
f 1555/138/10 1554/136/10 1589/137/10 1587/139/10
f 1587/139/10 1589/137/10 1590/32/10 1588/30/10
f 1556/140/10 1555/138/10 1587/139/10 1585/141/10
f 1536/5/10 1556/140/10 1585/141/10 1583/142/10
f 1583/142/10 1585/141/10 1586/28/10 1584/20/10
f 1547/123/10 1532/13/10 1580/143/10 1603/124/10
f 1603/124/10 1580/143/10 1579/26/10 1604/25/10
f 1537/102/9 1535/6/9 1582/144/9 1623/103/9
f 1623/103/9 1582/144/9 1581/19/9 1624/23/9
f 1535/6/8 1536/5/8 1583/142/8 1582/144/8
f 1582/144/8 1583/142/8 1584/20/8 1581/19/8
f 1529/1/11 1530/2/11 1579/145/11 1578/146/11
f 1578/146/7 1579/145/7 1580/16/7 1577/15/7
f 1601/147/12 1607/147/12 1608/147/12 1602/147/12
f 1602/147/2 1608/147/2 1606/147/2 1604/147/2
f 1604/147/13 1606/147/13 1605/147/13 1603/147/13
f 1603/147/4 1605/147/4 1607/147/4 1601/147/4
f 1597/147/14 1611/147/14 1612/147/14 1598/147/14
f 1598/147/2 1612/147/2 1610/147/2 1600/147/2
f 1600/147/15 1610/147/15 1609/147/15 1599/147/15
f 1599/147/4 1609/147/4 1611/147/4 1597/147/4
f 1593/147/16 1615/147/16 1616/147/16 1594/147/16
f 1594/147/2 1616/147/2 1614/147/2 1596/147/2
f 1596/147/17 1614/147/17 1613/147/17 1595/147/17
f 1595/147/4 1613/147/4 1615/147/4 1593/147/4
f 1589/147/18 1619/147/18 1620/147/18 1590/147/18
f 1590/147/2 1620/147/2 1618/147/2 1592/147/2
f 1592/147/19 1618/147/19 1617/147/19 1591/147/19
f 1591/147/4 1617/147/4 1619/147/4 1589/147/4
f 1585/147/20 1623/147/20 1624/147/20 1586/147/20
f 1586/147/2 1624/147/2 1622/147/2 1588/147/2
f 1588/147/21 1622/147/21 1621/147/21 1587/147/21
f 1587/147/4 1621/147/4 1623/147/4 1585/147/4
f 1638/148/22 1626/2/22 1628/3/22 1639/149/22
f 1668/150/2 1654/151/2 1632/5/2 1641/152/2
f 1641/152/23 1632/5/23 1630/7/23 1643/153/23
f 1664/154/4 1656/155/4 1626/9/4 1638/156/4
f 1653/157/24 1628/13/24 1626/14/24 1656/158/24
f 1631/6/23 1635/159/23 1636/160/23 1629/8/23
f 1625/1/22 1633/161/22 1634/162/22 1627/4/22
f 1676/163/4 1662/164/4 1637/165/4 1652/166/4
f 1662/164/4 1664/154/4 1638/156/4 1637/165/4
f 1647/167/23 1642/168/23 1644/169/23 1649/170/23
f 1642/168/23 1641/152/23 1643/153/23 1644/169/23
f 1672/171/2 1666/172/2 1642/168/2 1647/167/2
f 1666/172/2 1668/150/2 1641/152/2 1642/168/2
f 1652/173/22 1637/174/22 1640/175/22 1645/176/22
f 1637/174/22 1638/148/22 1639/149/22 1640/175/22
f 1633/161/22 1651/177/22 1646/178/22 1634/162/22
f 1651/177/22 1652/173/22 1645/176/22 1646/178/22
f 1660/179/2 1670/180/2 1648/181/2 1635/159/2
f 1670/180/2 1672/171/2 1647/167/2 1648/181/2
f 1635/159/23 1648/181/23 1650/182/23 1636/160/23
f 1648/181/23 1647/167/23 1649/170/23 1650/182/23
f 1658/183/4 1674/184/4 1651/185/4 1633/186/4
f 1674/184/4 1676/163/4 1652/166/4 1651/185/4
f 1650/182/4 1649/170/4 1675/187/4 1673/188/4
f 1636/160/4 1650/182/4 1673/188/4 1657/189/4
f 1657/189/4 1673/188/4 1674/184/4 1658/183/4
f 1646/178/2 1645/176/2 1671/190/2 1669/191/2
f 1669/191/2 1671/190/2 1672/171/2 1670/180/2
f 1634/162/2 1646/178/2 1669/191/2 1659/192/2
f 1659/192/2 1669/191/2 1670/180/2 1660/179/2
f 1640/175/2 1639/149/2 1667/193/2 1665/194/2
f 1665/194/2 1667/193/2 1668/150/2 1666/172/2
f 1645/176/2 1640/175/2 1665/194/2 1671/190/2
f 1671/190/2 1665/194/2 1666/172/2 1672/171/2
f 1644/169/4 1643/153/4 1663/195/4 1661/196/4
f 1649/170/4 1644/169/4 1661/196/4 1675/187/4
f 1675/187/4 1661/196/4 1662/164/4 1676/163/4
f 1659/192/2 1660/179/2 1635/159/2 1631/6/2 1627/4/2 1634/162/2
f 1657/189/4 1658/183/4 1633/186/4 1625/10/4 1629/8/4 1636/160/4
f 1632/5/25 1654/197/25 1655/198/25 1630/7/25
f 1654/197/25 1653/157/25 1656/158/25 1655/198/25
f 1627/11/26 1631/6/26 1629/8/26 1625/12/26
f 1643/153/4 1630/7/4 1655/199/4 1663/195/4
f 1663/195/4 1655/199/4 1656/155/4 1664/154/4
f 1639/149/2 1628/3/2 1653/200/2 1667/193/2
f 1667/193/2 1653/200/2 1654/151/2 1668/150/2
f 1664/147/25 1716/147/25 1715/147/25 1663/147/25
f 1673/188/27 1725/188/27 1726/184/27 1674/184/27
f 1690/148/22 1691/149/22 1680/3/22 1678/2/22
f 1720/150/4 1693/152/4 1684/5/4 1706/151/4
f 1693/152/23 1695/153/23 1682/7/23 1684/5/23
f 1716/154/2 1690/156/2 1678/9/2 1708/155/2
f 1705/157/25 1708/158/25 1678/14/25 1680/13/25
f 1683/6/23 1681/8/23 1688/160/23 1687/159/23
f 1677/1/22 1679/4/22 1686/162/22 1685/161/22
f 1728/163/2 1704/166/2 1689/165/2 1714/164/2
f 1714/164/2 1689/165/2 1690/156/2 1716/154/2
f 1699/167/23 1701/170/23 1696/169/23 1694/168/23
f 1694/168/23 1696/169/23 1695/153/23 1693/152/23
f 1724/171/4 1699/167/4 1694/168/4 1718/172/4
f 1718/172/4 1694/168/4 1693/152/4 1720/150/4
f 1704/173/22 1697/176/22 1692/175/22 1689/174/22
f 1689/174/22 1692/175/22 1691/149/22 1690/148/22
f 1685/161/22 1686/162/22 1698/178/22 1703/177/22
f 1703/177/22 1698/178/22 1697/176/22 1704/173/22
f 1712/179/4 1687/159/4 1700/181/4 1722/180/4
f 1722/180/4 1700/181/4 1699/167/4 1724/171/4
f 1687/159/23 1688/160/23 1702/182/23 1700/181/23
f 1700/181/23 1702/182/23 1701/170/23 1699/167/23
f 1710/183/2 1685/186/2 1703/185/2 1726/184/2
f 1726/184/2 1703/185/2 1704/166/2 1728/163/2
f 1702/182/2 1725/188/2 1727/187/2 1701/170/2
f 1676/163/25 1728/163/25 1727/187/25 1675/187/25
f 1688/160/2 1709/189/2 1725/188/2 1702/182/2
f 1709/189/2 1710/183/2 1726/184/2 1725/188/2
f 1698/178/4 1721/191/4 1723/190/4 1697/176/4
f 1721/191/4 1722/180/4 1724/171/4 1723/190/4
f 1686/162/4 1711/192/4 1721/191/4 1698/178/4
f 1711/192/4 1712/179/4 1722/180/4 1721/191/4
f 1692/175/4 1717/194/4 1719/193/4 1691/149/4
f 1717/194/4 1718/172/4 1720/150/4 1719/193/4
f 1697/176/4 1723/190/4 1717/194/4 1692/175/4
f 1723/190/4 1724/171/4 1718/172/4 1717/194/4
f 1696/169/2 1713/196/2 1715/195/2 1695/153/2
f 1673/188/23 1675/187/23 1727/187/23 1725/188/23
f 1701/170/2 1727/187/2 1713/196/2 1696/169/2
f 1727/187/2 1728/163/2 1714/164/2 1713/196/2
f 1679/4/4 1683/6/4 1687/159/4 1712/179/4 1711/192/4 1686/162/4
f 1681/8/2 1677/10/2 1685/186/2 1710/183/2 1709/189/2 1688/160/2
f 1684/5/24 1682/7/24 1707/198/24 1706/197/24
f 1706/197/25 1707/198/25 1708/158/25 1705/157/25
f 1677/12/26 1681/8/26 1683/6/26 1679/11/26
f 1695/153/2 1715/195/2 1707/199/2 1682/7/2
f 1715/195/2 1716/154/2 1708/155/2 1707/199/2
f 1691/149/4 1719/193/4 1705/200/4 1680/3/4
f 1719/193/4 1720/150/4 1706/151/4 1705/200/4
f 1674/184/22 1726/184/22 1728/163/22 1676/163/22
f 1663/147/23 1715/147/23 1713/147/23 1661/147/23
f 1662/147/27 1661/147/27 1713/147/27 1714/147/27
f 1662/147/22 1714/147/22 1716/154/22 1664/147/22
f 1729/1/1 1730/2/1 1732/3/1 1731/4/1
f 1731/4/2 1732/3/2 1736/5/2 1735/6/2
f 1735/6/3 1736/5/3 1734/7/3 1733/8/3
f 1733/8/4 1734/7/4 1730/9/4 1729/10/4
f 1731/11/5 1735/6/5 1733/8/5 1729/12/5
f 1736/5/6 1732/13/6 1730/14/6 1734/7/6
f 1737/1/1 1739/4/1 1740/3/1 1738/2/1
f 1739/4/4 1743/6/4 1744/5/4 1740/3/4
f 1743/6/3 1741/8/3 1742/7/3 1744/5/3
f 1741/8/2 1737/10/2 1738/9/2 1742/7/2
f 1739/11/5 1737/12/5 1741/8/5 1743/6/5
f 1744/5/6 1742/7/6 1738/14/6 1740/13/6
f 1793/15/7 1796/16/7 1748/3/7 1747/4/7
f 1753/17/2 1772/18/2 1752/5/2 1751/6/2
f 1797/19/8 1800/20/8 1750/7/8 1749/8/8
f 1773/21/4 1792/22/4 1746/9/4 1745/10/4
f 1840/23/9 1797/19/9 1749/8/9 1782/24/9
f 1820/25/10 1795/26/10 1746/14/10 1792/27/10
f 1800/20/10 1802/28/10 1783/29/10 1750/7/10
f 1802/28/10 1804/30/10 1784/31/10 1783/29/10
f 1804/30/10 1806/32/10 1785/33/10 1784/31/10
f 1806/32/10 1808/34/10 1786/35/10 1785/33/10
f 1808/34/10 1810/36/10 1787/37/10 1786/35/10
f 1810/36/10 1812/38/10 1788/39/10 1787/37/10
f 1812/38/10 1814/40/10 1789/41/10 1788/39/10
f 1814/40/10 1816/42/10 1790/43/10 1789/41/10
f 1816/42/10 1818/44/10 1791/45/10 1790/43/10
f 1818/44/10 1820/25/10 1792/27/10 1791/45/10
f 1794/46/9 1822/47/9 1773/48/9 1745/12/9
f 1822/47/9 1824/49/9 1774/50/9 1773/48/9
f 1824/49/9 1826/51/9 1775/52/9 1774/50/9
f 1826/51/9 1828/53/9 1776/54/9 1775/52/9
f 1828/53/9 1830/55/9 1777/56/9 1776/54/9
f 1830/55/9 1832/57/9 1778/58/9 1777/56/9
f 1832/57/9 1834/59/9 1779/60/9 1778/58/9
f 1834/59/9 1836/61/9 1780/62/9 1779/60/9
f 1836/61/9 1838/63/9 1781/64/9 1780/62/9
f 1838/63/9 1840/23/9 1782/24/9 1781/64/9
f 1749/8/4 1750/7/4 1783/65/4 1782/66/4
f 1782/66/4 1783/65/4 1784/67/4 1781/68/4
f 1781/68/4 1784/67/4 1785/69/4 1780/70/4
f 1780/70/4 1785/69/4 1786/71/4 1779/72/4
f 1779/72/4 1786/71/4 1787/73/4 1778/74/4
f 1778/74/4 1787/73/4 1788/75/4 1777/76/4
f 1777/76/4 1788/75/4 1789/77/4 1776/78/4
f 1776/78/4 1789/77/4 1790/79/4 1775/80/4
f 1775/80/4 1790/79/4 1791/81/4 1774/82/4
f 1774/82/4 1791/81/4 1792/22/4 1773/21/4
f 1747/4/2 1748/3/2 1763/83/2 1762/84/2
f 1762/84/2 1763/83/2 1764/85/2 1761/86/2
f 1761/86/2 1764/85/2 1765/87/2 1760/88/2
f 1760/88/2 1765/87/2 1766/89/2 1759/90/2
f 1759/90/2 1766/89/2 1767/91/2 1758/92/2
f 1758/92/2 1767/91/2 1768/93/2 1757/94/2
f 1757/94/2 1768/93/2 1769/95/2 1756/96/2
f 1756/96/2 1769/95/2 1770/97/2 1755/98/2
f 1755/98/2 1770/97/2 1771/99/2 1754/100/2
f 1754/100/2 1771/99/2 1772/18/2 1753/17/2
f 1754/101/9 1753/102/9 1839/103/9 1837/104/9
f 1755/105/9 1754/101/9 1837/104/9 1835/106/9
f 1835/106/9 1837/104/9 1838/63/9 1836/61/9
f 1756/107/9 1755/105/9 1835/106/9 1833/108/9
f 1757/109/9 1756/107/9 1833/108/9 1831/110/9
f 1831/110/9 1833/108/9 1834/59/9 1832/57/9
f 1758/111/9 1757/109/9 1831/110/9 1829/112/9
f 1759/113/9 1758/111/9 1829/112/9 1827/114/9
f 1827/114/9 1829/112/9 1830/55/9 1828/53/9
f 1760/115/9 1759/113/9 1827/114/9 1825/116/9
f 1761/117/9 1760/115/9 1825/116/9 1823/118/9
f 1823/118/9 1825/116/9 1826/51/9 1824/49/9
f 1762/119/9 1761/117/9 1823/118/9 1821/120/9
f 1747/11/9 1762/119/9 1821/120/9 1793/121/9
f 1793/121/9 1821/120/9 1822/47/9 1794/46/9
f 1764/122/10 1763/123/10 1819/124/10 1817/125/10
f 1765/126/10 1764/122/10 1817/125/10 1815/127/10
f 1815/127/10 1817/125/10 1818/44/10 1816/42/10
f 1766/128/10 1765/126/10 1815/127/10 1813/129/10
f 1767/130/10 1766/128/10 1813/129/10 1811/131/10
f 1811/131/10 1813/129/10 1814/40/10 1812/38/10
f 1768/132/10 1767/130/10 1811/131/10 1809/133/10
f 1769/134/10 1768/132/10 1809/133/10 1807/135/10
f 1807/135/10 1809/133/10 1810/36/10 1808/34/10
f 1770/136/10 1769/134/10 1807/135/10 1805/137/10
f 1771/138/10 1770/136/10 1805/137/10 1803/139/10
f 1803/139/10 1805/137/10 1806/32/10 1804/30/10
f 1772/140/10 1771/138/10 1803/139/10 1801/141/10
f 1752/5/10 1772/140/10 1801/141/10 1799/142/10
f 1799/142/10 1801/141/10 1802/28/10 1800/20/10
f 1763/123/10 1748/13/10 1796/143/10 1819/124/10
f 1819/124/10 1796/143/10 1795/26/10 1820/25/10
f 1753/102/9 1751/6/9 1798/144/9 1839/103/9
f 1839/103/9 1798/144/9 1797/19/9 1840/23/9
f 1751/6/8 1752/5/8 1799/142/8 1798/144/8
f 1798/144/8 1799/142/8 1800/20/8 1797/19/8
f 1745/1/11 1746/2/11 1795/145/11 1794/146/11
f 1794/146/7 1795/145/7 1796/16/7 1793/15/7
f 1817/147/12 1823/147/12 1824/147/12 1818/147/12
f 1818/147/2 1824/147/2 1822/147/2 1820/147/2
f 1820/147/13 1822/147/13 1821/147/13 1819/147/13
f 1819/147/4 1821/147/4 1823/147/4 1817/147/4
f 1813/147/14 1827/147/14 1828/147/14 1814/147/14
f 1814/147/2 1828/147/2 1826/147/2 1816/147/2
f 1816/147/15 1826/147/15 1825/147/15 1815/147/15
f 1815/147/4 1825/147/4 1827/147/4 1813/147/4
f 1809/147/16 1831/147/16 1832/147/16 1810/147/16
f 1810/147/2 1832/147/2 1830/147/2 1812/147/2
f 1812/147/17 1830/147/17 1829/147/17 1811/147/17
f 1811/147/4 1829/147/4 1831/147/4 1809/147/4
f 1805/147/18 1835/147/18 1836/147/18 1806/147/18
f 1806/147/2 1836/147/2 1834/147/2 1808/147/2
f 1808/147/19 1834/147/19 1833/147/19 1807/147/19
f 1807/147/4 1833/147/4 1835/147/4 1805/147/4
f 1801/147/20 1839/147/20 1840/147/20 1802/147/20
f 1802/147/2 1840/147/2 1838/147/2 1804/147/2
f 1804/147/21 1838/147/21 1837/147/21 1803/147/21
f 1803/147/4 1837/147/4 1839/147/4 1801/147/4
f 1854/148/22 1842/2/22 1844/3/22 1855/149/22
f 1884/150/2 1870/151/2 1848/5/2 1857/152/2
f 1857/152/23 1848/5/23 1846/7/23 1859/153/23
f 1880/154/4 1872/155/4 1842/9/4 1854/156/4
f 1869/157/24 1844/13/24 1842/14/24 1872/158/24
f 1847/6/23 1851/159/23 1852/160/23 1845/8/23
f 1841/1/22 1849/161/22 1850/162/22 1843/4/22
f 1892/163/4 1878/164/4 1853/165/4 1868/166/4
f 1878/164/4 1880/154/4 1854/156/4 1853/165/4
f 1863/167/23 1858/168/23 1860/169/23 1865/170/23
f 1858/168/23 1857/152/23 1859/153/23 1860/169/23
f 1888/171/2 1882/172/2 1858/168/2 1863/167/2
f 1882/172/2 1884/150/2 1857/152/2 1858/168/2
f 1868/173/22 1853/174/22 1856/175/22 1861/176/22
f 1853/174/22 1854/148/22 1855/149/22 1856/175/22
f 1849/161/22 1867/177/22 1862/178/22 1850/162/22
f 1867/177/22 1868/173/22 1861/176/22 1862/178/22
f 1876/179/2 1886/180/2 1864/181/2 1851/159/2
f 1886/180/2 1888/171/2 1863/167/2 1864/181/2
f 1851/159/23 1864/181/23 1866/182/23 1852/160/23
f 1864/181/23 1863/167/23 1865/170/23 1866/182/23
f 1874/183/4 1890/184/4 1867/185/4 1849/186/4
f 1890/184/4 1892/163/4 1868/166/4 1867/185/4
f 1866/182/4 1865/170/4 1891/187/4 1889/188/4
f 1852/160/4 1866/182/4 1889/188/4 1873/189/4
f 1873/189/4 1889/188/4 1890/184/4 1874/183/4
f 1862/178/2 1861/176/2 1887/190/2 1885/191/2
f 1885/191/2 1887/190/2 1888/171/2 1886/180/2
f 1850/162/2 1862/178/2 1885/191/2 1875/192/2
f 1875/192/2 1885/191/2 1886/180/2 1876/179/2
f 1856/175/2 1855/149/2 1883/193/2 1881/194/2
f 1881/194/2 1883/193/2 1884/150/2 1882/172/2
f 1861/176/2 1856/175/2 1881/194/2 1887/190/2
f 1887/190/2 1881/194/2 1882/172/2 1888/171/2
f 1860/169/4 1859/153/4 1879/195/4 1877/196/4
f 1865/170/4 1860/169/4 1877/196/4 1891/187/4
f 1891/187/4 1877/196/4 1878/164/4 1892/163/4
f 1875/192/2 1876/179/2 1851/159/2 1847/6/2 1843/4/2 1850/162/2
f 1873/189/4 1874/183/4 1849/186/4 1841/10/4 1845/8/4 1852/160/4
f 1848/5/25 1870/197/25 1871/198/25 1846/7/25
f 1870/197/25 1869/157/25 1872/158/25 1871/198/25
f 1843/11/26 1847/6/26 1845/8/26 1841/12/26
f 1859/153/4 1846/7/4 1871/199/4 1879/195/4
f 1879/195/4 1871/199/4 1872/155/4 1880/154/4
f 1855/149/2 1844/3/2 1869/200/2 1883/193/2
f 1883/193/2 1869/200/2 1870/151/2 1884/150/2
f 1880/147/25 1932/147/25 1931/147/25 1879/147/25
f 1889/188/27 1941/188/27 1942/184/27 1890/184/27
f 1906/148/22 1907/149/22 1896/3/22 1894/2/22
f 1936/150/4 1909/152/4 1900/5/4 1922/151/4
f 1909/152/23 1911/153/23 1898/7/23 1900/5/23
f 1932/154/2 1906/156/2 1894/9/2 1924/155/2
f 1921/157/25 1924/158/25 1894/14/25 1896/13/25
f 1899/6/23 1897/8/23 1904/160/23 1903/159/23
f 1893/1/22 1895/4/22 1902/162/22 1901/161/22
f 1944/163/2 1920/166/2 1905/165/2 1930/164/2
f 1930/164/2 1905/165/2 1906/156/2 1932/154/2
f 1915/167/23 1917/170/23 1912/169/23 1910/168/23
f 1910/168/23 1912/169/23 1911/153/23 1909/152/23
f 1940/171/4 1915/167/4 1910/168/4 1934/172/4
f 1934/172/4 1910/168/4 1909/152/4 1936/150/4
f 1920/173/22 1913/176/22 1908/175/22 1905/174/22
f 1905/174/22 1908/175/22 1907/149/22 1906/148/22
f 1901/161/22 1902/162/22 1914/178/22 1919/177/22
f 1919/177/22 1914/178/22 1913/176/22 1920/173/22
f 1928/179/4 1903/159/4 1916/181/4 1938/180/4
f 1938/180/4 1916/181/4 1915/167/4 1940/171/4
f 1903/159/23 1904/160/23 1918/182/23 1916/181/23
f 1916/181/23 1918/182/23 1917/170/23 1915/167/23
f 1926/183/2 1901/186/2 1919/185/2 1942/184/2
f 1942/184/2 1919/185/2 1920/166/2 1944/163/2
f 1918/182/2 1941/188/2 1943/187/2 1917/170/2
f 1892/163/25 1944/163/25 1943/187/25 1891/187/25
f 1904/160/2 1925/189/2 1941/188/2 1918/182/2
f 1925/189/2 1926/183/2 1942/184/2 1941/188/2
f 1914/178/4 1937/191/4 1939/190/4 1913/176/4
f 1937/191/4 1938/180/4 1940/171/4 1939/190/4
f 1902/162/4 1927/192/4 1937/191/4 1914/178/4
f 1927/192/4 1928/179/4 1938/180/4 1937/191/4
f 1908/175/4 1933/194/4 1935/193/4 1907/149/4
f 1933/194/4 1934/172/4 1936/150/4 1935/193/4
f 1913/176/4 1939/190/4 1933/194/4 1908/175/4
f 1939/190/4 1940/171/4 1934/172/4 1933/194/4
f 1912/169/2 1929/196/2 1931/195/2 1911/153/2
f 1889/188/23 1891/187/23 1943/187/23 1941/188/23
f 1917/170/2 1943/187/2 1929/196/2 1912/169/2
f 1943/187/2 1944/163/2 1930/164/2 1929/196/2
f 1895/4/4 1899/6/4 1903/159/4 1928/179/4 1927/192/4 1902/162/4
f 1897/8/2 1893/10/2 1901/186/2 1926/183/2 1925/189/2 1904/160/2
f 1900/5/24 1898/7/24 1923/198/24 1922/197/24
f 1922/197/25 1923/198/25 1924/158/25 1921/157/25
f 1893/12/26 1897/8/26 1899/6/26 1895/11/26
f 1911/153/2 1931/195/2 1923/199/2 1898/7/2
f 1931/195/2 1932/154/2 1924/155/2 1923/199/2
f 1907/149/4 1935/193/4 1921/200/4 1896/3/4
f 1935/193/4 1936/150/4 1922/151/4 1921/200/4
f 1890/184/22 1942/184/22 1944/163/22 1892/163/22
f 1879/147/23 1931/147/23 1929/147/23 1877/147/23
f 1878/147/27 1877/147/27 1929/147/27 1930/147/27
f 1878/147/22 1930/147/22 1932/154/22 1880/147/22
