# This file uses centimeters as units for non-parametric coordinates.

mtllib Rodolfito.mtl
g default
v 7.833417 14.805193 0.346904
v 7.835620 14.801319 0.342277
v 7.881914 14.834487 0.309350
v 7.879711 14.838361 0.313982
v 7.808222 14.742594 0.358273
v 7.809059 14.741981 0.358097
v 7.992368 14.813108 0.422670
v 7.999447 14.805556 0.416875
v 7.972663 14.760572 0.445747
v 7.965221 14.767400 0.451926
v 7.935873 14.709093 0.460801
v 7.929267 14.717342 0.466196
v 7.914105 14.829553 0.278806
v 7.913214 14.834291 0.281585
v 7.950088 14.817707 0.309044
v 7.950088 14.823699 0.310933
v 7.834365 14.678768 0.384402
v 7.838155 14.677515 0.378346
v 7.811817 14.695910 0.347058
v 7.806048 14.698028 0.351851
v 8.018289 14.818710 0.376690
v 8.009537 14.826513 0.383140
v 7.908447 14.698196 0.460848
v 7.914997 14.689947 0.455427
v 7.883029 14.837802 0.317993
v 7.837626 14.805305 0.350739
v 7.811985 14.743374 0.361762
v 7.961348 14.768431 0.447188
v 7.986766 14.811853 0.418776
v 7.926592 14.719628 0.460316
v 7.911291 14.832729 0.287789
v 7.946910 14.821692 0.318679
v 7.811177 14.703213 0.354845
v 7.835063 14.683729 0.385411
v 8.004158 14.824202 0.380665
v 7.907751 14.701763 0.454984
v 7.898999 14.832230 0.331213
v 7.853709 14.801487 0.361994
v 7.839048 14.746078 0.379726
v 7.839828 14.801458 0.346126
v 7.885202 14.833985 0.313364
v 7.815273 14.737383 0.353847
v 7.993873 14.804274 0.412959
v 7.968789 14.761602 0.441009
v 7.933169 14.711378 0.454920
v 7.914440 14.827379 0.280484
v 7.950394 14.815201 0.310462
v 7.842002 14.680887 0.377072
v 7.817336 14.698751 0.347453
v 8.011098 14.816370 0.375316
v 7.914300 14.693485 0.449563
v 7.905493 14.811354 0.314941
v 7.864466 14.784039 0.343930
v 7.850670 14.729328 0.363273
v 8.587645 15.330240 -0.186958
v 8.588537 15.325425 -0.187139
v 8.594166 15.318299 -0.221343
v 8.592997 15.324479 -0.221262
v 8.596954 15.319784 -0.147425
v 8.597846 15.314824 -0.148613
v 8.746707 15.325079 -0.215607
v 8.747627 15.318025 -0.215624
v 8.761730 15.315964 -0.186231
v 8.760921 15.324436 -0.186264
v 8.756601 15.313939 -0.145564
v 8.755765 15.322426 -0.145631
v 8.616047 15.299393 -0.249267
v 8.615517 15.302691 -0.250653
v 8.657965 15.293127 -0.247732
v 8.657101 15.297907 -0.249463
v 8.666410 15.279938 -0.114936
v 8.667301 15.273193 -0.118793
v 8.610973 15.281059 -0.127486
v 8.609524 15.287836 -0.123743
v 8.733858 15.309631 -0.247885
v 8.733022 15.314183 -0.247932
v 8.737955 15.303993 -0.117475
v 8.738791 15.299444 -0.117425
v 8.597177 15.325519 -0.221031
v 8.590376 15.330751 -0.186757
v 8.599072 15.321123 -0.150856
v 8.757912 15.323908 -0.186214
v 8.743947 15.324631 -0.214141
v 8.752838 15.321913 -0.147180
v 8.617049 15.305626 -0.246731
v 8.658104 15.300659 -0.245984
v 8.612033 15.291416 -0.126578
v 8.666883 15.282658 -0.119434
v 8.731071 15.313887 -0.244833
v 8.735725 15.303600 -0.121084
v 8.659442 15.323941 -0.225777
v 8.654899 15.321831 -0.187320
v 8.648376 15.313325 -0.142645
v 8.591241 15.325903 -0.186958
v 8.598709 15.320590 -0.221145
v 8.599964 15.316127 -0.151531
v 8.744783 15.317184 -0.214091
v 8.758747 15.315454 -0.186181
v 8.753675 15.313428 -0.147113
v 8.617635 15.302018 -0.245212
v 8.659246 15.294660 -0.243857
v 8.667553 15.277479 -0.121678
v 8.613287 15.283882 -0.130733
v 8.731936 15.309301 -0.244786
v 8.736589 15.299015 -0.121034
v 8.660250 15.319391 -0.225911
v 8.655706 15.317249 -0.187287
v 8.649213 15.308760 -0.142612
v 8.712230 15.363358 -0.394954
v 8.713205 15.358132 -0.395169
v 8.720480 15.349741 -0.431566
v 8.719171 15.356449 -0.431485
v 8.723685 15.350443 -0.351238
v 8.724689 15.345037 -0.352522
v 8.896181 15.357604 -0.426605
v 8.897324 15.351175 -0.426426
v 8.905407 15.349039 -0.393438
v 8.904514 15.356846 -0.393471
v 8.900947 15.342283 -0.351499
v 8.900028 15.350124 -0.351567
v 8.745174 15.329548 -0.461898
v 8.744561 15.333158 -0.463398
v 8.792527 15.327932 -0.461486
v 8.791580 15.333158 -0.463381
v 8.801948 15.312532 -0.318458
v 8.802952 15.305231 -0.322630
v 8.744115 15.313872 -0.330086
v 8.742471 15.321190 -0.326031
v 8.882274 15.340153 -0.461302
v 8.881243 15.345720 -0.461371
v 8.882022 15.330913 -0.323414
v 8.882942 15.323103 -0.323347
v 8.723881 15.357604 -0.431220
v 8.715324 15.363903 -0.394756
v 8.726055 15.351892 -0.354947
v 8.901114 15.356286 -0.393404
v 8.893227 15.357094 -0.424957
v 8.896878 15.349546 -0.353281
v 8.746317 15.336355 -0.459128
v 8.792695 15.336123 -0.459590
v 8.745341 15.325096 -0.329080
v 8.802533 15.315501 -0.323338
v 8.879041 15.345373 -0.457977
v 8.879515 15.330467 -0.327369
v 8.794283 15.356337 -0.436346
v 8.789155 15.354011 -0.394541
v 8.781797 15.344778 -0.345995
v 8.716271 15.358660 -0.394954
v 8.725609 15.352230 -0.431354
v 8.727086 15.346418 -0.355689
v 8.894453 15.349651 -0.424567
v 8.902006 15.348476 -0.393388
v 8.897770 15.341740 -0.353214
v 8.746985 15.332417 -0.457480
v 8.793977 15.329646 -0.457283
v 8.803258 15.309847 -0.325761
v 8.746735 15.316919 -0.333598
v 8.880405 15.337311 -0.457514
v 8.880461 15.322643 -0.327304
v 8.795176 15.351374 -0.436479
v 8.790075 15.349051 -0.394508
v 8.782717 15.339815 -0.345962
v 8.613370 15.336101 -0.609385
v 8.614262 15.331041 -0.609566
v 8.620031 15.317638 -0.643096
v 8.618834 15.324117 -0.643031
v 8.623264 15.318083 -0.564844
v 8.624156 15.312840 -0.566031
v 8.787789 15.330711 -0.636964
v 8.789155 15.322865 -0.636880
v 8.791914 15.321987 -0.609212
v 8.790521 15.330002 -0.608560
v 8.781685 15.313776 -0.575159
v 8.780180 15.322344 -0.573598
v 8.642525 15.304005 -0.670460
v 8.641967 15.307516 -0.671811
v 8.685612 15.302374 -0.670064
v 8.684721 15.307403 -0.671778
v 8.695675 15.289766 -0.538335
v 8.696455 15.282728 -0.542129
v 8.642830 15.290464 -0.549751
v 8.641465 15.297519 -0.546042
v 8.770481 15.311100 -0.668425
v 8.769004 15.319336 -0.668400
v 8.763541 15.310850 -0.551767
v 8.765018 15.302779 -0.553372
v 8.623125 15.325219 -0.642783
v 8.616158 15.336612 -0.609187
v 8.625327 15.319485 -0.568289
v 8.787427 15.329441 -0.608510
v 8.784973 15.330231 -0.635545
v 8.777142 15.321815 -0.574967
v 8.643555 15.310564 -0.667971
v 8.685752 15.310267 -0.668383
v 8.643973 15.301310 -0.548926
v 8.696064 15.292633 -0.542770
v 8.767025 15.319004 -0.665384
v 8.761200 15.310454 -0.555178
v 8.687118 15.329721 -0.647416
v 8.682491 15.327398 -0.609664
v 8.676276 15.318546 -0.562090
v 8.617049 15.331550 -0.609385
v 8.624714 15.320011 -0.642898
v 8.626247 15.314209 -0.568980
v 8.786341 15.322386 -0.635462
v 8.788820 15.321460 -0.609162
v 8.778676 15.313267 -0.576541
v 8.644168 15.306792 -0.666471
v 8.686923 15.304005 -0.666273
v 8.696678 15.287196 -0.544980
v 8.645087 15.293381 -0.553015
v 8.768531 15.310755 -0.665423
v 8.762761 15.301809 -0.557157
v 8.687954 15.324908 -0.647530
v 8.683355 15.322584 -0.609630
v 8.677113 15.313748 -0.562073
v 8.335297 15.320067 -0.795078
v 8.335995 15.315005 -0.795242
v 8.340621 15.301605 -0.825742
v 8.339672 15.308083 -0.825684
v 8.343212 15.302051 -0.754562
v 8.343938 15.296805 -0.755640
v 8.465401 15.314676 -0.820165
v 8.466488 15.306828 -0.820087
v 8.478417 15.305956 -0.794922
v 8.477303 15.313969 -0.794329
v 8.474961 15.297745 -0.763943
v 8.473735 15.306309 -0.762524
v 8.358654 15.287971 -0.850634
v 8.358209 15.291483 -0.851863
v 8.393215 15.286339 -0.850275
v 8.392489 15.291367 -0.851835
v 8.401270 15.273730 -0.730447
v 8.401910 15.266693 -0.733898
v 8.358904 15.274429 -0.740832
v 8.357789 15.281483 -0.737460
v 8.455395 15.295069 -0.848781
v 8.454226 15.303302 -0.848761
v 8.460412 15.294815 -0.742663
v 8.461583 15.286743 -0.744126
v 8.343102 15.309186 -0.825458
v 8.337527 15.320578 -0.794897
v 8.344857 15.303451 -0.757694
v 8.474821 15.313406 -0.794281
v 8.463172 15.314198 -0.818875
v 8.471310 15.305783 -0.763770
v 8.359462 15.294531 -0.848371
v 8.393297 15.294236 -0.848745
v 8.359797 15.285278 -0.740082
v 8.401576 15.276602 -0.734483
v 8.452636 15.302975 -0.846016
v 8.458517 15.294420 -0.745768
v 8.394413 15.313688 -0.829672
v 8.390706 15.311363 -0.795332
v 8.385716 15.302510 -0.752056
v 8.338224 15.315516 -0.795078
v 8.344356 15.303978 -0.825564
v 8.345610 15.298174 -0.758324
v 8.464258 15.306351 -0.818799
v 8.475937 15.305427 -0.794875
v 8.472536 15.297234 -0.765203
v 8.359964 15.290756 -0.847005
v 8.394246 15.287971 -0.846824
v 8.402050 15.271160 -0.736493
v 8.360716 15.277349 -0.743800
v 8.453835 15.294720 -0.846052
v 8.459772 15.285774 -0.747569
v 8.395082 15.308874 -0.829775
v 8.391376 15.306549 -0.795301
v 8.386386 15.297715 -0.752042
v -7.833417 14.805193 0.346904
v -7.835620 14.801319 0.342277
v -7.881914 14.834487 0.309350
v -7.879711 14.838361 0.313982
v -7.808222 14.742594 0.358273
v -7.809059 14.741981 0.358097
v -7.992368 14.813108 0.422670
v -7.999447 14.805556 0.416875
v -7.972663 14.760572 0.445747
v -7.965221 14.767400 0.451926
v -7.935873 14.709093 0.460801
v -7.929267 14.717342 0.466196
v -7.914105 14.829553 0.278806
v -7.913214 14.834291 0.281585
v -7.950088 14.817707 0.309044
v -7.950088 14.823699 0.310933
v -7.834365 14.678768 0.384402
v -7.838155 14.677515 0.378346
v -7.811817 14.695910 0.347058
v -7.806048 14.698028 0.351851
v -8.018289 14.818710 0.376690
v -8.009537 14.826513 0.383140
v -7.908447 14.698196 0.460848
v -7.914997 14.689947 0.455427
v -7.883029 14.837802 0.317993
v -7.837626 14.805305 0.350739
v -7.811985 14.743374 0.361762
v -7.961348 14.768431 0.447188
v -7.986766 14.811853 0.418776
v -7.926592 14.719628 0.460316
v -7.911291 14.832729 0.287789
v -7.946910 14.821692 0.318679
v -7.811177 14.703213 0.354845
v -7.835063 14.683729 0.385411
v -8.004158 14.824202 0.380665
v -7.907751 14.701763 0.454984
v -7.898999 14.832230 0.331213
v -7.853709 14.801487 0.361994
v -7.839048 14.746078 0.379726
v -7.839828 14.801458 0.346126
v -7.885202 14.833985 0.313364
v -7.815273 14.737383 0.353847
v -7.993873 14.804274 0.412959
v -7.968789 14.761602 0.441009
v -7.933169 14.711378 0.454920
v -7.914440 14.827379 0.280484
v -7.950394 14.815201 0.310462
v -7.842002 14.680887 0.377072
v -7.817336 14.698751 0.347453
v -8.011098 14.816370 0.375316
v -7.914300 14.693485 0.449563
v -7.905493 14.811354 0.314941
v -7.864466 14.784039 0.343930
v -7.850670 14.729328 0.363273
v -8.587645 15.330240 -0.186958
v -8.588537 15.325425 -0.187139
v -8.594166 15.318299 -0.221343
v -8.592997 15.324479 -0.221262
v -8.596954 15.319784 -0.147425
v -8.597846 15.314824 -0.148613
v -8.746707 15.325079 -0.215607
v -8.747627 15.318025 -0.215624
v -8.761730 15.315964 -0.186231
v -8.760921 15.324436 -0.186264
v -8.756601 15.313939 -0.145564
v -8.755765 15.322426 -0.145631
v -8.616047 15.299393 -0.249267
v -8.615517 15.302691 -0.250653
v -8.657965 15.293127 -0.247732
v -8.657101 15.297907 -0.249463
v -8.666410 15.279938 -0.114936
v -8.667301 15.273193 -0.118793
v -8.610973 15.281059 -0.127486
v -8.609524 15.287836 -0.123743
v -8.733858 15.309631 -0.247885
v -8.733022 15.314183 -0.247932
v -8.737955 15.303993 -0.117475
v -8.738791 15.299444 -0.117425
v -8.597177 15.325519 -0.221031
v -8.590376 15.330751 -0.186757
v -8.599072 15.321123 -0.150856
v -8.757912 15.323908 -0.186214
v -8.743947 15.324631 -0.214141
v -8.752838 15.321913 -0.147180
v -8.617049 15.305626 -0.246731
v -8.658104 15.300659 -0.245984
v -8.612033 15.291416 -0.126578
v -8.666883 15.282658 -0.119434
v -8.731071 15.313887 -0.244833
v -8.735725 15.303600 -0.121084
v -8.659442 15.323941 -0.225777
v -8.654899 15.321831 -0.187320
v -8.648376 15.313325 -0.142645
v -8.591241 15.325903 -0.186958
v -8.598709 15.320590 -0.221145
v -8.599964 15.316127 -0.151531
v -8.744783 15.317184 -0.214091
v -8.758747 15.315454 -0.186181
v -8.753675 15.313428 -0.147113
v -8.617635 15.302018 -0.245212
v -8.659246 15.294660 -0.243857
v -8.667553 15.277479 -0.121678
v -8.613287 15.283882 -0.130733
v -8.731936 15.309301 -0.244786
v -8.736589 15.299015 -0.121034
v -8.660250 15.319391 -0.225911
v -8.655706 15.317249 -0.187287
v -8.649213 15.308760 -0.142612
v -8.712230 15.363358 -0.394954
v -8.713205 15.358132 -0.395169
v -8.720480 15.349741 -0.431566
v -8.719171 15.356449 -0.431485
v -8.723685 15.350443 -0.351238
v -8.724689 15.345037 -0.352522
v -8.896181 15.357604 -0.426605
v -8.897324 15.351175 -0.426426
v -8.905407 15.349039 -0.393438
v -8.904514 15.356846 -0.393471
v -8.900947 15.342283 -0.351499
v -8.900028 15.350124 -0.351567
v -8.745174 15.329548 -0.461898
v -8.744561 15.333158 -0.463398
v -8.792527 15.327932 -0.461486
v -8.791580 15.333158 -0.463381
v -8.801948 15.312532 -0.318458
v -8.802952 15.305231 -0.322630
v -8.744115 15.313872 -0.330086
v -8.742471 15.321190 -0.326031
v -8.882274 15.340153 -0.461302
v -8.881243 15.345720 -0.461371
v -8.882022 15.330913 -0.323414
v -8.882942 15.323103 -0.323347
v -8.723881 15.357604 -0.431220
v -8.715324 15.363903 -0.394756
v -8.726055 15.351892 -0.354947
v -8.901114 15.356286 -0.393404
v -8.893227 15.357094 -0.424957
v -8.896878 15.349546 -0.353281
v -8.746317 15.336355 -0.459128
v -8.792695 15.336123 -0.459590
v -8.745341 15.325096 -0.329080
v -8.802533 15.315501 -0.323338
v -8.879041 15.345373 -0.457977
v -8.879515 15.330467 -0.327369
v -8.794283 15.356337 -0.436346
v -8.789155 15.354011 -0.394541
v -8.781797 15.344778 -0.345995
v -8.716271 15.358660 -0.394954
v -8.725609 15.352230 -0.431354
v -8.727086 15.346418 -0.355689
v -8.894453 15.349651 -0.424567
v -8.902006 15.348476 -0.393388
v -8.897770 15.341740 -0.353214
v -8.746985 15.332417 -0.457480
v -8.793977 15.329646 -0.457283
v -8.803258 15.309847 -0.325761
v -8.746735 15.316919 -0.333598
v -8.880405 15.337311 -0.457514
v -8.880461 15.322643 -0.327304
v -8.795176 15.351374 -0.436479
v -8.790075 15.349051 -0.394508
v -8.782717 15.339815 -0.345962
v -8.613370 15.336101 -0.609385
v -8.614262 15.331041 -0.609566
v -8.620031 15.317638 -0.643096
v -8.618834 15.324117 -0.643031
v -8.623264 15.318083 -0.564844
v -8.624156 15.312840 -0.566031
v -8.787789 15.330711 -0.636964
v -8.789155 15.322865 -0.636880
v -8.791914 15.321987 -0.609212
v -8.790521 15.330002 -0.608560
v -8.781685 15.313776 -0.575159
v -8.780180 15.322344 -0.573598
v -8.642525 15.304005 -0.670460
v -8.641967 15.307516 -0.671811
v -8.685612 15.302374 -0.670064
v -8.684721 15.307403 -0.671778
v -8.695675 15.289766 -0.538335
v -8.696455 15.282728 -0.542129
v -8.642830 15.290464 -0.549751
v -8.641465 15.297519 -0.546042
v -8.770481 15.311100 -0.668425
v -8.769004 15.319336 -0.668400
v -8.763541 15.310850 -0.551767
v -8.765018 15.302779 -0.553372
v -8.623125 15.325219 -0.642783
v -8.616158 15.336612 -0.609187
v -8.625327 15.319485 -0.568289
v -8.787427 15.329441 -0.608510
v -8.784973 15.330231 -0.635545
v -8.777142 15.321815 -0.574967
v -8.643555 15.310564 -0.667971
v -8.685752 15.310267 -0.668383
v -8.643973 15.301310 -0.548926
v -8.696064 15.292633 -0.542770
v -8.767025 15.319004 -0.665384
v -8.761200 15.310454 -0.555178
v -8.687118 15.329721 -0.647416
v -8.682491 15.327398 -0.609664
v -8.676276 15.318546 -0.562090
v -8.617049 15.331550 -0.609385
v -8.624714 15.320011 -0.642898
v -8.626247 15.314209 -0.568980
v -8.786341 15.322386 -0.635462
v -8.788820 15.321460 -0.609162
v -8.778676 15.313267 -0.576541
v -8.644168 15.306792 -0.666471
v -8.686923 15.304005 -0.666273
v -8.696678 15.287196 -0.544980
v -8.645087 15.293381 -0.553015
v -8.768531 15.310755 -0.665423
v -8.762761 15.301809 -0.557157
v -8.687954 15.324908 -0.647530
v -8.683355 15.322584 -0.609630
v -8.677113 15.313748 -0.562073
v -8.335297 15.320067 -0.795078
v -8.335995 15.315005 -0.795242
v -8.340621 15.301605 -0.825742
v -8.339672 15.308083 -0.825684
v -8.343212 15.302051 -0.754562
v -8.343938 15.296805 -0.755640
v -8.465401 15.314676 -0.820165
v -8.466488 15.306828 -0.820087
v -8.478417 15.305956 -0.794922
v -8.477303 15.313969 -0.794329
v -8.474961 15.297745 -0.763943
v -8.473735 15.306309 -0.762524
v -8.358654 15.287971 -0.850634
v -8.358209 15.291483 -0.851863
v -8.393215 15.286339 -0.850275
v -8.392489 15.291367 -0.851835
v -8.401270 15.273730 -0.730447
v -8.401910 15.266693 -0.733898
v -8.358904 15.274429 -0.740832
v -8.357789 15.281483 -0.737460
v -8.455395 15.295069 -0.848781
v -8.454226 15.303302 -0.848761
v -8.460412 15.294815 -0.742663
v -8.461583 15.286743 -0.744126
v -8.343102 15.309186 -0.825458
v -8.337527 15.320578 -0.794897
v -8.344857 15.303451 -0.757694
v -8.474821 15.313406 -0.794281
v -8.463172 15.314198 -0.818875
v -8.471310 15.305783 -0.763770
v -8.359462 15.294531 -0.848371
v -8.393297 15.294236 -0.848745
v -8.359797 15.285278 -0.740082
v -8.401576 15.276602 -0.734483
v -8.452636 15.302975 -0.846016
v -8.458517 15.294420 -0.745768
v -8.394413 15.313688 -0.829672
v -8.390706 15.311363 -0.795332
v -8.385716 15.302510 -0.752056
v -8.338224 15.315516 -0.795078
v -8.344356 15.303978 -0.825564
v -8.345610 15.298174 -0.758324
v -8.464258 15.306351 -0.818799
v -8.475937 15.305427 -0.794875
v -8.472536 15.297234 -0.765203
v -8.359964 15.290756 -0.847005
v -8.394246 15.287971 -0.846824
v -8.402050 15.271160 -0.736493
v -8.360716 15.277349 -0.743800
v -8.453835 15.294720 -0.846052
v -8.459772 15.285774 -0.747569
v -8.395082 15.308874 -0.829775
v -8.391376 15.306549 -0.795301
v -8.386386 15.297715 -0.752042
v 0.461082 17.201332 1.135926
v 0.460078 17.294830 1.113312
v 0.377535 17.315063 1.123687
v 0.372242 17.247677 1.146717
v 0.570290 17.226795 1.099159
v 0.545524 17.306013 1.084115
v 0.452829 17.361582 1.075731
v 0.380171 17.372362 1.083872
v 0.321482 17.341593 1.120149
v 0.306237 17.290201 1.146190
v 0.342955 17.195145 1.159058
v 0.404673 17.141188 1.149642
v 0.516995 17.111000 1.117872
v 0.607727 17.136477 1.078019
v 0.677071 17.252295 1.046904
v 0.634888 17.326937 1.046708
v 0.524311 17.368931 1.054827
v 0.445223 17.400772 1.034760
v 0.380319 17.407566 1.040961
v 0.326404 17.389124 1.081130
v 0.264838 17.374302 1.111131
v 0.248385 17.331810 1.140559
v 0.285459 17.243874 1.164124
v 0.313012 17.151476 1.172522
v 0.359636 17.100201 1.160005
v 0.451363 17.071648 1.133966
v 0.558133 17.018299 1.084282
v 0.633882 17.043961 1.041463
v 0.697626 17.168289 1.026248
v 0.760557 17.290552 0.991013
v 0.701091 17.362881 1.004467
v 0.595034 17.388432 1.025328
v 0.512287 17.407890 1.017430
v 0.442859 17.419123 1.024322
v 0.382624 17.423197 1.031951
v 0.328905 17.421898 1.044136
v 0.273317 17.411932 1.073172
v 0.208298 17.416084 1.101074
v 0.192134 17.372974 1.138147
v 0.230716 17.290436 1.164520
v 0.263805 17.204206 1.177856
v 0.288683 17.120075 1.182792
v 0.324693 17.072868 1.172493
v 0.398825 17.042660 1.144596
v 0.489530 16.997274 1.112424
v 0.580168 16.940155 1.044643
v 0.652709 16.965179 0.997582
v 0.722833 17.077847 0.985283
v 0.783317 17.206968 0.959424
v 0.832641 17.330914 0.932060
v 0.768378 17.404406 0.956723
v 0.660368 17.414986 0.988870
v 0.574298 17.424980 0.995595
v 0.507379 17.424257 1.008288
v 0.442851 17.444477 1.029671
v 0.386866 17.450035 1.036134
v 0.331956 17.440035 1.034504
v 0.277859 17.442184 1.041240
v 0.218466 17.448475 1.061569
v 0.163326 17.459293 1.091057
v 0.134767 17.425318 1.138041
v 0.177177 17.333401 1.168612
v 0.212139 17.253389 1.183154
v 0.246316 17.173372 1.191113
v 0.272367 17.103004 1.192344
v 0.292672 17.056129 1.186724
v 0.354429 17.021149 1.161283
v 0.431703 16.975151 1.130826
v 0.516540 16.922150 1.080932
v 0.597002 16.859760 0.996925
v 0.663640 16.875120 0.943331
v 0.734999 16.989744 0.936580
v 0.803231 17.115072 0.909578
v 0.858444 17.243620 0.881278
v 0.891622 17.387047 0.862030
v 0.821782 17.453638 0.912226
v 0.715483 17.452007 0.949488
v 0.631022 17.448984 0.966138
v 0.567662 17.439516 0.986286
v 0.503084 17.450554 1.013974
v 0.444679 17.502747 1.045786
v 0.395631 17.507610 1.052706
v 0.336775 17.464565 1.038548
v 0.281200 17.458973 1.031530
v 0.227165 17.475197 1.032372
v 0.179025 17.488375 1.048955
v 0.138266 17.504175 1.076771
v 0.108614 17.486988 1.114376
v 0.126136 17.373642 1.177975
v 0.161226 17.298763 1.192915
v 0.197066 17.225952 1.200165
v 0.236881 17.159159 1.197835
v 0.249582 17.085051 1.204425
v 0.257483 17.040573 1.203445
v 0.312681 17.007465 1.179867
v 0.380879 16.963188 1.149908
v 0.458635 16.907753 1.109962
v 0.538946 16.847708 1.046550
v 0.602328 16.767885 0.950625
v 0.657884 16.780083 0.892237
v 0.733171 16.893314 0.879622
v 0.807389 17.017929 0.859469
v 0.862940 17.151018 0.823905
v 0.925706 17.282974 0.766069
v 0.910839 17.468531 0.816265
v 0.847981 17.503216 0.877758
v 0.756485 17.496292 0.915172
v 0.680845 17.482929 0.933799
v 0.618366 17.465364 0.959733
v 0.559487 17.465725 0.994316
v 0.496671 17.507713 1.035097
v 0.445516 17.566189 1.054387
v 0.401808 17.569082 1.061678
v 0.348922 17.515944 1.052843
v 0.292259 17.485363 1.034091
v 0.234652 17.489811 1.023704
v 0.189366 17.510725 1.022421
v 0.154265 17.528477 1.037542
v 0.116054 17.550251 1.061673
v 0.091585 17.541082 1.096305
v 0.071656 17.489380 1.144650
v 0.080392 17.441017 1.168177
v 0.078326 17.399805 1.197713
v 0.116587 17.338879 1.207494
v 0.145485 17.275406 1.217406
v 0.189108 17.213772 1.213301
v 0.244404 17.096951 1.208596
v 0.215653 17.051413 1.223520
v 0.218329 17.023899 1.222387
v 0.269312 16.997009 1.200288
v 0.332650 16.955746 1.171275
v 0.406944 16.897381 1.129541
v 0.479209 16.832825 1.083513
v 0.549493 16.758398 1.005147
v 0.591046 16.671944 0.901579
v 0.645501 16.682657 0.841344
v 0.718087 16.797026 0.822584
v 0.798412 16.913244 0.797165
v 0.864701 17.053627 0.762942
v 0.924282 17.188381 0.706577
v 0.977677 17.312395 0.629460
v 0.970424 17.402645 0.690556
v 0.974938 17.470335 0.675056
v 0.925093 17.537313 0.781671
v 0.859472 17.554485 0.846425
v 0.779599 17.534740 0.892008
v 0.709781 17.521725 0.909977
v 0.658656 17.496492 0.931285
v 0.608215 17.486849 0.967281
v 0.551179 17.518518 1.015083
v 0.492278 17.569534 1.043880
v 0.446700 17.632017 1.059814
v 0.404316 17.632017 1.064504
v 0.357991 17.574455 1.061823
v 0.307789 17.530926 1.049412
v 0.247651 17.513653 1.026697
v 0.196237 17.526381 1.013620
v 0.163167 17.546040 1.011423
v 0.134243 17.570122 1.028536
v 0.104773 17.602009 1.052024
v 0.081206 17.604670 1.079393
v 0.063763 17.542934 1.123244
v 0.036129 17.496487 1.166868
v 0.038908 17.454102 1.191812
v 0.036185 17.419333 1.217379
v 0.073840 17.372005 1.224784
v 0.107311 17.313009 1.235052
v 0.137119 17.255440 1.246259
v 0.211200 17.198086 1.225433
v 0.235795 17.158300 1.203305
v 0.238533 17.108513 1.215814
v 0.215232 17.063354 1.227266
v 0.164292 17.032490 1.245198
v 0.168028 17.010860 1.243827
v 0.223184 16.987810 1.221666
v 0.283725 16.952053 1.196243
v 0.352052 16.901352 1.161624
v 0.435599 16.816767 1.106621
v 0.496275 16.746368 1.047857
v 0.542422 16.664644 0.958529
v 0.574262 16.577572 0.854786
v 0.621258 16.587870 0.791446
v 0.698061 16.699718 0.768318
v 0.779610 16.814156 0.741132
v 0.847624 16.946461 0.706491
v 0.918478 17.089220 0.647499
v 0.974891 17.219893 0.573710
v 1.020107 17.341925 0.484855
v 1.018084 17.422493 0.524387
v 1.018578 17.490120 0.522990
v 0.980763 17.546627 0.655663
v 0.928457 17.608192 0.770138
v 0.862513 17.603432 0.827124
v 0.791252 17.580017 0.868758
v 0.726253 17.556545 0.891805
v 0.684181 17.536243 0.909155
v 0.645108 17.517942 0.941285
v 0.593920 17.535000 0.991523
v 0.541301 17.574738 1.025181
v 0.490455 17.632441 1.049833
v 0.446282 17.642469 1.059892
v 0.404082 17.642469 1.064549
v 0.362548 17.632004 1.065327
v 0.316636 17.583944 1.057879
v 0.265463 17.551699 1.037776
v 0.209966 17.546375 1.015735
v 0.170680 17.564436 1.002895
v 0.143162 17.594292 1.005690
v 0.123343 17.610226 1.022773
v 0.096421 17.660809 1.046084
v 0.075230 17.667076 1.068253
v 0.054831 17.608599 1.104190
v 0.033596 17.545593 1.142230
v 0.000000 17.500145 1.176302
v 0.000000 17.460560 1.199852
v 0.000000 17.427502 1.225411
v 0.034108 17.395992 1.238503
v 0.070636 17.346394 1.254416
v 0.110386 17.286798 1.268327
v 0.168745 17.237892 1.274211
v 0.239190 17.139568 1.260779
v 0.216572 17.072222 1.238041
v 0.162537 17.041775 1.247645
v 0.109732 17.025991 1.266267
v 0.116088 17.005478 1.264924
v 0.172043 16.980865 1.243266
v 0.232590 16.949200 1.220874
v 0.298622 16.905745 1.192724
v 0.369987 16.846535 1.152956
v 0.463236 16.744129 1.074443
v 0.488752 16.657997 1.010389
v 0.525983 16.568790 0.917614
v 0.549356 16.485138 0.808288
v 0.591899 16.497280 0.742506
v 0.671056 16.606146 0.718258
v 0.752299 16.716827 0.690359
v 0.827741 16.840199 0.654045
v 0.898922 16.983751 0.596636
v 0.965441 17.124075 0.525005
v 1.015141 17.252155 0.443019
v 1.056401 17.374065 0.338946
v 1.054313 17.452301 0.355997
v 1.052504 17.521208 0.368879
v 1.019560 17.564478 0.518805
v 0.982523 17.620758 0.653158
v 0.927701 17.678076 0.763686
v 0.860077 17.661655 0.818233
v 0.796400 17.615776 0.854499
v 0.732357 17.603394 0.877111
v 0.697504 17.575157 0.894116
v 0.670295 17.549492 0.920599
v 0.631880 17.556583 0.961628
v 0.583041 17.584064 1.004701
v 0.536086 17.633137 1.034217
v 0.490040 17.642469 1.049911
v 0.445290 17.642469 1.054524
v 0.404182 17.642469 1.059727
v 0.362713 17.642878 1.065296
v 0.319105 17.633959 1.060519
v 0.275214 17.594328 1.045577
v 0.226030 17.577080 1.025289
v 0.182105 17.582153 1.005381
v 0.151234 17.612951 0.994149
v 0.136345 17.621166 1.003017
v 0.117370 17.652393 1.021228
v 0.096573 17.705757 1.045532
v 0.076469 17.722061 1.067986
v 0.054107 17.676104 1.092086
v 0.030606 17.611395 1.121730
v 0.000000 17.550062 1.150196
v -0.036129 17.496487 1.166868
v -0.038908 17.454102 1.191812
v -0.036185 17.419333 1.217379
v 0.000000 17.403135 1.247500
v 0.032470 17.368774 1.268775
v 0.078682 17.320425 1.288586
v 0.129419 17.254177 1.314805
v 0.202387 17.186361 1.308634
v 0.212289 17.093323 1.289883
v 0.170831 17.060013 1.261435
v 0.109216 17.036413 1.264813
v 0.058627 17.023630 1.289401
v 0.060564 17.002748 1.285253
v 0.117943 16.977428 1.263538
v 0.178235 16.946926 1.244273
v 0.243712 16.909151 1.221685
v 0.312550 16.860760 1.191376
v 0.376729 16.806538 1.150746
v 0.431828 16.773338 1.100055
v 0.437564 16.741890 1.087830
v 0.430231 16.648546 1.057445
v 0.475837 16.560312 0.972055
v 0.505107 16.474976 0.866478
v 0.509910 16.392288 0.757808
v 0.554158 16.405296 0.687115
v 0.638748 16.515369 0.673171
v 0.720361 16.626291 0.643164
v 0.800243 16.740686 0.605443
v 0.880814 16.877157 0.548757
v 0.945324 17.023157 0.484289
v 1.005958 17.159113 0.405185
v 1.051503 17.286877 0.311671
v 1.090002 17.409306 0.204157
v 1.089216 17.489794 0.212251
v 1.089216 17.553896 0.223881
v 1.050177 17.587030 0.379705
v 1.019621 17.638443 0.522695
v 0.980888 17.696489 0.658879
v 0.924020 17.743423 0.777697
v 0.855768 17.716263 0.827032
v 0.797456 17.651585 0.850291
v 0.734012 17.628868 0.871311
v 0.706668 17.622406 0.882895
v 0.688599 17.584690 0.903748
v 0.658687 17.576019 0.937274
v 0.623084 17.596184 0.978050
v 0.577609 17.634380 1.013199
v 0.536513 17.642742 1.034139
v 0.486857 17.642469 1.045089
v 0.439403 17.643560 1.031580
v 0.400935 17.643559 1.037135
v 0.363362 17.642878 1.059928
v 0.319501 17.643560 1.060446
v 0.280063 17.634808 1.048746
v 0.239077 17.605263 1.032553
v 0.194673 17.598351 1.011122
v 0.161604 17.623699 0.996905
v 0.147196 17.639917 0.991353
v 0.134137 17.648476 1.002984
v 0.115306 17.684639 1.023478
v 0.095883 17.748360 1.053891
v 0.078352 17.768602 1.075029
v 0.053629 17.733591 1.085446
v 0.026614 17.679852 1.107679
v 0.000000 17.612637 1.128409
v -0.033596 17.545593 1.142230
v -0.071656 17.489380 1.144650
v -0.080392 17.441017 1.168177
v -0.078326 17.399805 1.197713
v -0.034108 17.395992 1.238503
v 0.000000 17.379059 1.277103
v 0.034309 17.344858 1.302644
v 0.106765 17.286425 1.341667
v 0.131453 17.215309 1.379208
v 0.187707 17.120228 1.348266
v 0.173029 17.073332 1.293577
v 0.116872 17.056637 1.272938
v 0.057150 17.036247 1.284672
v 0.000000 17.021332 1.293988
v 0.000000 17.003044 1.293484
v 0.061119 16.976662 1.281115
v 0.121587 16.946165 1.264902
v 0.186448 16.911327 1.248113
v 0.254217 16.869368 1.225664
v 0.322112 16.820004 1.193853
v 0.379656 16.777346 1.144853
v 0.415362 16.753792 1.094317
v 0.417343 16.741634 1.084775
v 0.421028 16.708485 1.087210
v 0.423929 16.549166 1.022346
v 0.458584 16.466379 0.934420
v 0.472852 16.384781 0.819086
v 0.459674 16.318899 0.724298
v 0.495274 16.326534 0.652880
v 0.596551 16.422421 0.618752
v 0.684150 16.537378 0.599183
v 0.767110 16.648420 0.560994
v 0.854940 16.777449 0.505362
v 0.929371 16.921164 0.443786
v 0.988493 17.064823 0.373376
v 1.043947 17.197384 0.285519
v 1.084185 17.319296 0.198992
v 1.120778 17.452038 0.094349
v 1.125789 17.542683 0.064964
v 1.117954 17.585934 0.078727
v 1.086192 17.611124 0.236398
v 1.048967 17.657108 0.389540
v 1.018524 17.713055 0.531615
v 0.977647 17.768511 0.676765
v 0.919937 17.810658 0.804222
v 0.854573 17.767254 0.847994
v 0.795385 17.688448 0.858591
v 0.735531 17.645956 0.871464
v 0.705882 17.640852 0.881936
v 0.699783 17.624193 0.891919
v 0.682082 17.601044 0.914746
v 0.650638 17.605520 0.950800
v 0.615486 17.635365 0.985865
v 0.577648 17.643560 1.013190
v 0.532781 17.642742 1.029317
v 0.480533 17.643559 1.022851
v 0.368170 17.643560 1.038319
v 0.321243 17.643560 1.055625
v 0.280339 17.643560 1.048732
v 0.242855 17.635233 1.035674
v 0.198498 17.615858 1.014846
v 0.159889 17.638584 0.994898
v 0.146025 17.646158 0.991267
v 0.133370 17.666142 1.003725
v 0.116015 17.724779 1.030011
v 0.106821 17.808760 1.071472
v 0.084924 17.832857 1.097525
v 0.055708 17.786602 1.091272
v 0.026837 17.740791 1.099434
v 0.000000 17.681408 1.112570
v -0.030606 17.611395 1.121730
v -0.063763 17.542934 1.123244
v -0.108614 17.486988 1.114376
v -0.134767 17.425318 1.138041
v -0.126136 17.373642 1.177975
v -0.073840 17.372005 1.224784
v -0.032470 17.368774 1.268775
v 0.000000 17.358505 1.312735
v 0.059790 17.313442 1.373535
v 0.126800 17.239258 1.414142
v 0.140924 17.148754 1.389700
v 0.151775 17.092247 1.343127
v 0.079780 17.061222 1.293251
v 0.000000 17.029718 1.296372
v -0.058627 17.023630 1.289401
v -0.060564 17.002748 1.285253
v 0.000000 16.977901 1.291078
v 0.062010 16.946508 1.281260
v 0.126221 16.912832 1.270699
v 0.194162 16.875061 1.256123
v 0.264098 16.831898 1.233377
v 0.322887 16.793713 1.195844
v 0.376135 16.757843 1.135876
v 0.405464 16.746922 1.090259
v 0.407700 16.742077 1.080399
v 0.409378 16.733034 1.086018
v 0.374544 16.679701 1.110333
v 0.377810 16.620831 1.092232
v 0.373716 16.531986 1.066489
v 0.414492 16.457066 0.991256
v 0.428757 16.377174 0.890403
v 0.423754 16.309999 0.796315
v 0.389673 16.271851 0.712026
v 0.422586 16.283737 0.638616
v 0.526998 16.346966 0.581663
v 0.642168 16.449863 0.547928
v 0.730746 16.562670 0.519482
v 0.821997 16.679951 0.463784
v 0.904847 16.822971 0.406631
v 0.972033 16.967472 0.340461
v 1.029633 17.109081 0.262676
v 1.076599 17.234093 0.184622
v 1.110830 17.356625 0.103304
v 1.160497 17.461702 0.065332
v 1.158028 17.605501 0.005166
v 1.133607 17.575573 -0.016874
v 1.132891 17.619232 -0.035456
v 1.116410 17.633507 0.093067
v 1.086058 17.674122 0.250546
v 1.045977 17.727993 0.400374
v 1.015443 17.788322 0.548266
v 0.971246 17.840363 0.701958
v 0.910168 17.877392 0.837489
v 0.846875 17.816830 0.879812
v 0.795820 17.725937 0.876531
v 0.736195 17.661678 0.875692
v 0.708095 17.646738 0.883471
v 0.697902 17.639057 0.895141
v 0.678584 17.618557 0.920959
v 0.643815 17.636517 0.961475
v 0.615439 17.643560 0.985849
v 0.573373 17.643560 1.008918
v 0.521671 17.643559 1.006064
v 0.326575 17.643560 1.032511
v 0.283184 17.643560 1.043481
v 0.243634 17.643560 1.035529
v 0.198337 17.636505 1.014380
v 0.161400 17.643078 0.994274
v 0.149265 17.645121 0.990116
v 0.147777 17.645666 0.990099
v 0.147528 17.650047 0.991768
v 0.136574 17.694307 1.007753
v 0.129035 17.775818 1.041597
v 0.123789 17.845604 1.094064
v 0.086017 17.899517 1.145486
v 0.061393 17.840816 1.106888
v 0.025565 17.794462 1.102808
v 0.000000 17.743504 1.103253
v -0.026614 17.679852 1.107679
v -0.054831 17.608599 1.104190
v -0.091585 17.541082 1.096305
v -0.138266 17.504175 1.076771
v -0.163326 17.459293 1.091057
v -0.192134 17.372974 1.138147
v -0.177177 17.333401 1.168612
v -0.116587 17.338879 1.207494
v -0.070636 17.346394 1.254416
v -0.034309 17.344858 1.302644
v 0.000000 17.327120 1.398598
v 0.090996 17.269623 1.469868
v 0.115342 17.160851 1.425308
v 0.112245 17.105383 1.372344
v 0.055609 17.061378 1.313014
v 0.037161 17.044445 1.313911
v 0.000000 17.041162 1.322174
v -0.057150 17.036247 1.284672
v -0.109732 17.025991 1.266267
v -0.116088 17.005478 1.264924
v -0.061119 16.976662 1.281115
v 0.000000 16.948074 1.290736
v 0.063850 16.914402 1.287546
v 0.131516 16.878889 1.282059
v 0.203634 16.840446 1.268610
v 0.265424 16.804316 1.240156
v 0.321201 16.768911 1.191901
v 0.374193 16.753679 1.133061
v 0.398377 16.744781 1.085857
v 0.400668 16.742500 1.074641
v 0.400774 16.739107 1.083482
v 0.374555 16.722523 1.110978
v 0.326215 16.659660 1.145440
v 0.321608 16.602262 1.131086
v 0.318726 16.519194 1.109634
v 0.368942 16.445911 1.039164
v 0.389408 16.370895 0.951157
v 0.385645 16.305208 0.869014
v 0.352997 16.263863 0.789776
v 0.300504 16.245453 0.703704
v 0.334760 16.253284 0.621048
v 0.452977 16.303106 0.564394
v 0.569212 16.374636 0.511893
v 0.687183 16.481789 0.468882
v 0.785000 16.597540 0.428484
v 0.872291 16.722984 0.369965
v 0.948138 16.872438 0.308214
v 1.012247 17.016714 0.237438
v 1.064536 17.149492 0.166444
v 1.100067 17.271435 0.099603
v 1.134357 17.379803 0.055449
v 1.267256 17.674704 -0.053932
v 1.237322 17.708755 -0.087771
v 1.159087 17.627972 -0.048637
v 1.139178 17.593481 -0.119031
v 1.134273 17.616974 -0.142990
v 1.128835 17.656824 -0.029160
v 1.109716 17.690033 0.107582
v 1.079269 17.745365 0.260764
v 1.041520 17.803810 0.414680
v 1.009456 17.866095 0.571566
v 0.963145 17.902792 0.718461
v 0.868308 17.911177 0.915627
v 0.830221 17.853138 0.923160
v 0.786525 17.772190 0.903391
v 0.734430 17.687199 0.884341
v 0.706709 17.651083 0.881872
v 0.705316 17.646639 0.884196
v 0.704666 17.645588 0.884500
v 0.696718 17.643240 0.895359
v 0.675728 17.638630 0.926039
v 0.643664 17.643560 0.961503
v 0.611710 17.643560 0.982122
v 0.560095 17.643559 0.987992
v 0.294277 17.643560 1.019907
v 0.245378 17.643560 1.031257
v 0.198399 17.643560 1.014369
v 0.163868 17.643108 0.990489
v 0.151857 17.645166 0.986526
v 0.150290 17.645782 0.986582
v 0.149415 17.646532 0.990099
v 0.149916 17.675533 0.995478
v 0.152958 17.741203 1.017257
v 0.153470 17.811962 1.056522
v 0.147397 17.874729 1.115768
v 0.109189 17.931223 1.167031
v 0.064796 17.904169 1.147809
v 0.029749 17.844761 1.116272
v 0.000000 17.794626 1.104136
v -0.026837 17.740791 1.099434
v -0.054107 17.676104 1.092086
v -0.081206 17.604670 1.079393
v -0.116054 17.550251 1.061673
v -0.154265 17.528477 1.037542
v -0.179025 17.488375 1.048955
v -0.208298 17.416084 1.101074
v -0.248385 17.331810 1.140559
v -0.230716 17.290436 1.164520
v -0.161226 17.298763 1.192915
v -0.107311 17.313009 1.235052
v -0.078682 17.320425 1.288586
v -0.059790 17.313442 1.373535
v 0.000000 17.294939 1.512733
v 0.075458 17.181791 1.477162
v 0.091413 17.106977 1.396486
v 0.044962 17.112526 1.432840
v 0.000000 17.115694 1.444822
v -0.037161 17.044445 1.313911
v -0.109216 17.036413 1.264813
v -0.164292 17.032490 1.245198
v -0.168028 17.010860 1.243827
v -0.117943 16.977428 1.263538
v -0.062010 16.946508 1.281260
v 0.000000 16.916325 1.296471
v 0.066294 16.881462 1.300483
v 0.138687 16.846027 1.300610
v 0.206867 16.813564 1.277109
v 0.264983 16.780548 1.238146
v 0.321923 16.762602 1.189516
v 0.366718 16.742458 1.120856
v 0.390406 16.742086 1.080302
v 0.394675 16.742262 1.066709
v 0.393600 16.742651 1.079449
v 0.372554 16.734520 1.107459
v 0.324264 16.699852 1.158590
v 0.266027 16.644680 1.188427
v 0.263355 16.587399 1.168040
v 0.260117 16.511110 1.150298
v 0.314771 16.438051 1.094102
v 0.347486 16.365139 1.014498
v 0.350954 16.301025 0.936444
v 0.320069 16.259819 0.859287
v 0.271372 16.242998 0.779492
v 0.205983 16.228905 0.692441
v 0.230988 16.230083 0.613598
v 0.358964 16.269512 0.541493
v 0.480422 16.330009 0.489225
v 0.617476 16.413889 0.435782
v 0.734839 16.520498 0.387518
v 0.835826 16.642820 0.338968
v 0.919238 16.776636 0.276014
v 0.989401 16.928139 0.212370
v 1.045676 17.059164 0.153395
v 1.084381 17.179201 0.100275
v 1.126188 17.308243 0.045390
v 1.153855 17.393467 0.010311
v 1.210356 17.451769 0.018096
v 1.283279 17.580200 -0.072049
v 1.350474 17.728216 -0.231774
v 1.299252 17.769913 -0.271206
v 1.202881 17.700235 -0.112992
v 1.159171 17.637094 -0.106264
v 1.137607 17.556906 -0.238023
v 1.120806 17.551294 -0.253508
v 1.128300 17.655531 -0.154762
v 1.121321 17.702003 -0.021632
v 1.097483 17.760670 0.125950
v 1.070894 17.820919 0.280463
v 1.036252 17.886209 0.436052
v 1.000558 17.934038 0.590769
v 0.954789 17.970230 0.723128
v 0.917266 17.962811 0.827837
v 0.875841 17.985874 0.906872
v 0.832766 17.931278 0.967395
v 0.790259 17.882364 0.968749
v 0.768394 17.812431 0.928857
v 0.723694 17.736229 0.903943
v 0.707607 17.671099 0.886643
v 0.704895 17.647434 0.884455
v 0.702077 17.646601 0.882713
v 0.701280 17.645561 0.883039
v 0.693493 17.643240 0.893179
v 0.675190 17.643463 0.926137
v 0.640481 17.643560 0.957777
v 0.595525 17.643560 0.962724
v 0.258830 17.643559 1.004283
v 0.201785 17.643560 1.010094
v 0.182366 17.643145 0.960990
v 0.172584 17.645176 0.956021
v 0.169001 17.646255 0.958582
v 0.151986 17.646503 0.986506
v 0.160862 17.647133 0.995662
v 0.162814 17.651920 0.997730
v 0.167999 17.670013 1.000868
v 0.168353 17.721601 1.008043
v 0.184259 17.781292 1.024712
v 0.181814 17.835835 1.067250
v 0.183821 17.894039 1.125159
v 0.158522 17.940914 1.179306
v 0.100804 17.997316 1.172001
v 0.075210 17.993717 1.154327
v 0.055084 17.990076 1.169876
v 0.030067 17.904732 1.155328
v 0.000000 17.844954 1.117754
v -0.025565 17.794462 1.102808
v -0.053629 17.733591 1.085446
v -0.075230 17.667076 1.068253
v -0.104773 17.602009 1.052024
v -0.134243 17.570122 1.028536
v -0.163167 17.546040 1.011423
v -0.189366 17.510725 1.022421
v -0.218466 17.448475 1.061569
v -0.264838 17.374302 1.111131
v -0.306237 17.290201 1.146190
v -0.285459 17.243874 1.164124
v -0.212139 17.253389 1.183154
v -0.145485 17.275406 1.217406
v -0.110386 17.286798 1.268327
v -0.106765 17.286425 1.341667
v -0.090996 17.269623 1.469868
v 0.000000 17.194101 1.507645
v -0.044962 17.112526 1.432840
v -0.055609 17.061378 1.313014
v -0.079780 17.061222 1.293251
v -0.116872 17.056637 1.272938
v -0.162537 17.041775 1.247645
v -0.215653 17.051413 1.223520
v -0.218329 17.023899 1.222387
v -0.172043 16.980865 1.243266
v -0.121587 16.946165 1.264902
v -0.063850 16.914402 1.287546
v 0.000000 16.883415 1.307884
v 0.069551 16.849018 1.323837
v 0.141813 16.818958 1.311978
v 0.207422 16.791882 1.278966
v 0.266359 16.772673 1.235898
v 0.318319 16.745974 1.174942
v 0.356531 16.737431 1.103798
v 0.379416 16.740852 1.066166
v 0.387652 16.742113 1.052227
v 0.386331 16.745680 1.074112
v 0.370263 16.739780 1.102314
v 0.322909 16.714413 1.161908
v 0.267037 16.676483 1.205001
v 0.205638 16.632992 1.229733
v 0.203769 16.580362 1.200354
v 0.199914 16.506460 1.184106
v 0.257454 16.435486 1.138126
v 0.303210 16.359652 1.074705
v 0.318461 16.295944 0.999609
v 0.289628 16.257416 0.927963
v 0.243057 16.240822 0.844942
v 0.188533 16.225990 0.765453
v 0.107477 16.213507 0.687798
v 0.116542 16.209148 0.604164
v 0.254496 16.232903 0.530352
v 0.397789 16.288046 0.464225
v 0.530838 16.367367 0.410433
v 0.668088 16.457222 0.356786
v 0.782811 16.569290 0.301912
v 0.883189 16.698454 0.253510
v 0.963151 16.842415 0.189051
v 1.025522 16.980244 0.137502
v 1.064957 17.079830 0.100974
v 1.139251 17.202744 0.050769
v 1.142058 17.344933 -0.006963
v 1.136932 17.385719 -0.019887
v 1.175988 17.420685 -0.031880
v 1.253005 17.530479 -0.093211
v 1.346876 17.655884 -0.223515
v 1.364906 17.703785 -0.295393
v 1.306853 17.724096 -0.342930
v 1.255291 17.747658 -0.269378
v 1.184712 17.695677 -0.129631
v 1.173129 17.610672 -0.243006
v 1.139287 17.495815 -0.326729
v 1.104707 17.478020 -0.297528
v 1.118074 17.628641 -0.272157
v 1.121327 17.702442 -0.160030
v 1.111667 17.771820 -0.009179
v 1.090693 17.840633 0.143024
v 1.063784 17.904961 0.301818
v 1.026581 17.970570 0.461019
v 0.982942 18.006197 0.609180
v 0.945744 18.030449 0.727520
v 0.917682 18.017271 0.809933
v 0.878068 18.036564 0.884274
v 0.842449 17.996178 0.958156
v 0.774833 17.944172 1.025638
v 0.738840 17.895903 1.012154
v 0.741593 17.841812 0.957386
v 0.706737 17.774897 0.924573
v 0.698551 17.718317 0.901460
v 0.696224 17.665796 0.899782
v 0.699145 17.652296 0.894921
v 0.698426 17.647690 0.895200
v 0.701506 17.647377 0.882967
v 0.674694 17.646469 0.869146
v 0.673102 17.645384 0.869210
v 0.669002 17.643242 0.875980
v 0.672007 17.643463 0.922410
v 0.621220 17.643560 0.937492
v 0.220882 17.643560 0.982950
v 0.170970 17.646593 0.958214
v 0.163317 17.647232 0.990603
v 0.199109 17.647402 1.016655
v 0.198620 17.653557 1.016800
v 0.200014 17.670496 1.017262
v 0.185500 17.705124 1.009826
v 0.199358 17.765522 1.016139
v 0.215181 17.815208 1.030568
v 0.219946 17.862976 1.080188
v 0.259390 17.913395 1.135150
v 0.244082 17.950008 1.181153
v 0.146561 18.001842 1.177055
v 0.098340 18.054998 1.165351
v 0.071207 18.052919 1.154172
v 0.049421 18.051926 1.164983
v 0.025395 17.986942 1.178569
v 0.000000 17.904692 1.157016
v -0.029749 17.844761 1.116272
v -0.055708 17.786602 1.091272
v -0.076469 17.722061 1.067986
v -0.096421 17.660809 1.046084
v -0.123343 17.610226 1.022773
v -0.143162 17.594292 1.005690
v -0.170680 17.564436 1.002895
v -0.196237 17.526381 1.013620
v -0.227165 17.475197 1.032372
v -0.273317 17.411932 1.073172
v -0.321482 17.341593 1.120149
v -0.372242 17.247677 1.146717
v -0.342955 17.195145 1.159058
v -0.263805 17.204206 1.177856
v -0.197066 17.225952 1.200165
v -0.137119 17.255440 1.246259
v -0.129419 17.254177 1.314805
v -0.126800 17.239258 1.414142
v -0.075458 17.181791 1.477162
v -0.091413 17.106977 1.396486
v -0.112245 17.105383 1.372344
v -0.151775 17.092247 1.343127
v -0.170831 17.060013 1.261435
v -0.215232 17.063354 1.227266
v -0.249582 17.085051 1.204425
v -0.257483 17.040573 1.203445
v -0.223184 16.987810 1.221666
v -0.178235 16.946926 1.244273
v -0.126221 16.912832 1.270699
v -0.066294 16.881462 1.300483
v 0.000000 16.851641 1.325040
v 0.071007 16.822369 1.336982
v 0.143301 16.799381 1.314360
v 0.206760 16.783768 1.279186
v 0.263880 16.752562 1.220737
v 0.313472 16.736237 1.158152
v 0.337453 16.737928 1.054529
v 0.363507 16.739746 1.021630
v 0.373602 16.741606 1.004690
v 0.377543 16.747375 1.062528
v 0.367598 16.744076 1.095024
v 0.323339 16.720633 1.158439
v 0.266938 16.692101 1.207552
v 0.207021 16.657167 1.246218
v 0.140642 16.625252 1.254035
v 0.137954 16.569742 1.226408
v 0.136041 16.504602 1.208972
v 0.198424 16.437487 1.175571
v 0.252180 16.361629 1.121515
v 0.280018 16.294735 1.059148
v 0.264516 16.252432 0.985642
v 0.224102 16.237057 0.915167
v 0.173123 16.226055 0.836135
v 0.096977 16.213232 0.759134
v 0.000000 16.206430 0.687360
v 0.000000 16.196236 0.606458
v 0.137435 16.199760 0.526740
v 0.285729 16.242542 0.445777
v 0.444805 16.319883 0.384298
v 0.585303 16.409788 0.329323
v 0.720806 16.509775 0.275507
v 0.832349 16.627995 0.221452
v 0.927766 16.764294 0.173980
v 0.999969 16.910099 0.123628
v 1.047752 17.016298 0.093156
v 1.080607 17.114952 0.043704
v 1.156021 17.256453 -0.015531
v 1.116488 17.341734 -0.033817
v 1.109646 17.366096 -0.056254
v 1.129359 17.426582 -0.065563
v 1.165904 17.469044 -0.065677
v 1.214936 17.560772 -0.120570
v 1.316895 17.603233 -0.232880
v 1.358749 17.642553 -0.272374
v 1.381110 17.460697 -0.541851
v 1.300922 17.471535 -0.566058
v 1.263142 17.707010 -0.335542
v 1.223779 17.728666 -0.267095
v 1.181891 17.547554 -0.338817
v 1.124814 17.397610 -0.380328
v 1.087067 17.398550 -0.344884
v 1.075897 17.498026 -0.374651
v 1.109183 17.684622 -0.292740
v 1.116789 17.781408 -0.164264
v 1.103695 17.855240 0.004453
v 1.081847 17.926600 0.169878
v 1.047189 18.009119 0.340933
v 1.003397 18.055885 0.496514
v 0.965081 18.084175 0.633860
v 0.929366 18.127758 0.725191
v 0.887137 18.169380 0.795005
v 0.838928 18.054245 0.939100
v 0.783194 18.002998 1.014740
v 0.687835 17.952459 1.080188
v 0.668481 17.909695 1.060792
v 0.696801 17.860388 0.996582
v 0.680095 17.807142 0.946068
v 0.679579 17.756582 0.916783
v 0.683501 17.702988 0.910855
v 0.677860 17.667196 0.925253
v 0.677849 17.653782 0.927907
v 0.677737 17.647263 0.929088
v 0.694945 17.647272 0.893455
v 0.673478 17.647392 0.869148
v 0.649896 17.643463 0.904328
v 0.180528 17.647203 0.963585
v 0.201904 17.647261 1.011630
v 0.246130 17.647259 1.042550
v 0.245867 17.653973 1.042076
v 0.242742 17.682640 1.037597
v 0.199456 17.687531 1.016404
v 0.216119 17.742561 1.020069
v 0.235643 17.800562 1.019400
v 0.260769 17.841068 1.037344
v 0.280478 17.879269 1.084616
v 0.365762 17.918236 1.132355
v 0.354805 17.954872 1.170527
v 0.234943 18.008272 1.178581
v 0.146536 18.058578 1.171170
v 0.098764 18.195415 1.127703
v 0.069317 18.194298 1.126053
v 0.044010 18.193420 1.130669
v 0.025868 18.051600 1.172427
v 0.000000 17.987907 1.179589
v -0.030067 17.904732 1.155328
v -0.061393 17.840816 1.106888
v -0.078352 17.768602 1.075029
v -0.096573 17.705757 1.045532
v -0.117370 17.652393 1.021228
v -0.136345 17.621166 1.003017
v -0.151234 17.612951 0.994149
v -0.182105 17.582153 1.005381
v -0.209966 17.546375 1.015735
v -0.234652 17.489811 1.023704
v -0.277859 17.442184 1.041240
v -0.326404 17.389124 1.081130
v -0.377535 17.315063 1.123687
v -0.461082 17.201332 1.135926
v -0.404673 17.141188 1.149642
v -0.313012 17.151476 1.172522
v -0.246316 17.173372 1.191113
v -0.189108 17.213772 1.213301
v -0.168745 17.237892 1.274211
v -0.131453 17.215309 1.379208
v -0.115342 17.160851 1.425308
v -0.140924 17.148754 1.389700
v -0.187707 17.120228 1.348266
v -0.173029 17.073332 1.293577
v -0.216572 17.072222 1.238041
v -0.244404 17.096951 1.208596
v -0.272367 17.103004 1.192344
v -0.292672 17.056129 1.186724
v -0.269312 16.997009 1.200288
v -0.232590 16.949200 1.220874
v -0.186448 16.911327 1.248113
v -0.131516 16.878889 1.282059
v -0.069551 16.849018 1.323837
v 0.000000 16.825602 1.340503
v 0.070479 16.801464 1.341125
v 0.143991 16.790054 1.314839
v 0.206424 16.758953 1.264463
v 0.260177 16.737291 1.200628
v 0.299779 16.736835 1.103675
v 0.316050 16.746353 1.020504
v 0.348585 16.745338 0.981785
v 0.356021 16.742180 0.962122
v 0.364092 16.746500 1.020311
v 0.361464 16.746994 1.081049
v 0.323213 16.731346 1.149533
v 0.266348 16.698557 1.208954
v 0.207439 16.673723 1.249909
v 0.142182 16.644060 1.268842
v 0.070411 16.616825 1.262525
v 0.069630 16.564331 1.240082
v 0.068772 16.503799 1.225169
v 0.134951 16.442533 1.203025
v 0.193059 16.372570 1.165692
v 0.240707 16.299477 1.108959
v 0.236668 16.252426 1.046681
v 0.207358 16.232447 0.974572
v 0.154402 16.224285 0.904991
v 0.090952 16.213476 0.831636
v 0.000000 16.208708 0.761431
v -0.107477 16.213507 0.687798
v -0.116542 16.209148 0.604164
v 0.000000 16.178787 0.528304
v 0.160995 16.176277 0.428162
v 0.358766 16.266544 0.359802
v 0.505591 16.358965 0.300556
v 0.642580 16.461420 0.246852
v 0.775173 16.575691 0.195333
v 0.881201 16.698835 0.151957
v 0.965322 16.829571 0.110392
v 1.031436 16.962015 0.082272
v 1.071133 17.055435 0.050376
v 1.093695 17.135134 -0.012967
v 1.099796 17.278738 -0.042692
v 1.091217 17.307375 -0.072430
v 1.151668 17.377066 -0.187952
v 1.166197 17.447418 -0.170170
v 1.169324 17.477175 -0.100948
v 1.215474 17.552715 -0.161318
v 1.279597 17.615555 -0.249890
v 1.338885 17.608776 -0.287313
v 1.366734 17.440090 -0.443881
v 1.277331 17.183081 -0.521753
v 1.199347 17.194225 -0.531684
v 1.260667 17.472691 -0.550165
v 1.230142 17.693703 -0.330046
v 1.169394 17.405918 -0.431821
v 1.090746 17.259214 -0.366510
v 1.060924 17.277536 -0.320363
v 1.048357 17.397465 -0.374634
v 1.023429 17.595768 -0.505016
v 1.097469 17.767157 -0.340260
v 1.107307 17.865959 -0.166209
v 1.094127 17.946043 0.022697
v 1.066947 18.040277 0.201565
v 1.022397 18.101881 0.387537
v 0.978249 18.134800 0.543680
v 0.945029 18.221615 0.617096
v 0.898860 18.288704 0.687310
v 0.838764 18.192774 0.867252
v 0.786132 18.062126 0.991222
v 0.692863 18.009054 1.074990
v 0.593251 17.958607 1.119560
v 0.582634 17.917479 1.089127
v 0.636161 17.880686 1.028899
v 0.651627 17.836481 0.969159
v 0.653227 17.791384 0.933868
v 0.663453 17.736116 0.923065
v 0.679872 17.682751 0.918935
v 0.650671 17.678791 0.956776
v 0.647511 17.654541 0.965026
v 0.646814 17.647259 0.966640
v 0.674437 17.647261 0.926519
v 0.668250 17.647272 0.879399
v 0.219529 17.647261 0.983519
v 0.248266 17.647259 1.038007
v 0.280943 17.647263 1.057319
v 0.279815 17.654554 1.057183
v 0.275867 17.691050 1.050112
v 0.234137 17.714140 1.030203
v 0.251242 17.776541 1.025437
v 0.276443 17.826324 1.023333
v 0.308692 17.857649 1.039331
v 0.370157 17.891809 1.080539
v 0.473370 17.919630 1.115863
v 0.477788 17.958475 1.149077
v 0.353704 18.011440 1.164282
v 0.237619 18.062210 1.164129
v 0.149941 18.198259 1.129194
v 0.104594 18.334784 1.084338
v 0.073653 18.334414 1.086658
v 0.045170 18.333874 1.088599
v 0.024400 18.193058 1.134206
v 0.000000 18.051664 1.173982
v -0.025395 17.986942 1.178569
v -0.064796 17.904169 1.147809
v -0.084924 17.832857 1.097525
v -0.095883 17.748360 1.053891
v -0.115306 17.684639 1.023478
v -0.134137 17.648476 1.002984
v -0.147196 17.639917 0.991353
v -0.161604 17.623699 0.996905
v -0.194673 17.598351 1.011122
v -0.226030 17.577080 1.025289
v -0.247651 17.513653 1.026697
v -0.281200 17.458973 1.031530
v -0.328905 17.421898 1.044136
v -0.380171 17.372362 1.083872
v -0.460078 17.294830 1.113312
v -0.516995 17.111000 1.117872
v -0.451363 17.071648 1.133966
v -0.359636 17.100201 1.160005
v -0.288683 17.120075 1.182792
v -0.236881 17.159159 1.197835
v -0.211200 17.198086 1.225433
v -0.202387 17.186361 1.308634
v -0.212289 17.093323 1.289883
v -0.238533 17.108513 1.215814
v -0.324693 17.072868 1.172493
v -0.312681 17.007465 1.179867
v -0.283725 16.952053 1.196243
v -0.243712 16.909151 1.221685
v -0.194162 16.875061 1.256123
v -0.138687 16.846027 1.300610
v -0.071007 16.822369 1.336982
v 0.000000 16.801836 1.347181
v 0.070441 16.790264 1.342686
v 0.143766 16.762650 1.299118
v 0.201661 16.739502 1.245813
v 0.252690 16.738569 1.151607
v 0.288343 16.747299 1.062913
v 0.317026 16.759857 1.019760
v 0.339613 16.758663 0.982356
v 0.356280 16.741804 0.961531
v 0.348415 16.743208 0.981749
v 0.347105 16.747437 1.038679
v 0.319587 16.741013 1.137388
v 0.265900 16.717321 1.207442
v 0.207711 16.680620 1.251122
v 0.142728 16.660732 1.277354
v 0.070564 16.636471 1.284845
v 0.000000 16.617065 1.254004
v 0.000000 16.566212 1.241897
v 0.000000 16.504951 1.234141
v 0.068041 16.449818 1.221684
v 0.133710 16.388885 1.198587
v 0.182369 16.314930 1.157492
v 0.206617 16.252789 1.093632
v 0.187243 16.229851 1.032932
v 0.140780 16.222607 0.965034
v 0.082599 16.213985 0.901245
v 0.000000 16.209171 0.833663
v -0.096977 16.213232 0.759134
v -0.205983 16.228905 0.692441
v -0.230988 16.230083 0.613598
v -0.137435 16.199760 0.526740
v 0.000000 16.159206 0.441314
v 0.275023 16.204134 0.335481
v 0.430720 16.297266 0.276584
v 0.568810 16.408527 0.216622
v 0.704556 16.530199 0.163728
v 0.828741 16.652611 0.125574
v 0.930447 16.787800 0.093572
v 0.987837 16.894197 0.073853
v 1.058552 16.995726 0.044574
v 1.084378 17.072090 -0.007696
v 1.081356 17.135038 -0.054113
v 1.077669 17.234859 -0.075627
v 1.139382 17.306570 -0.207063
v 1.237004 17.397812 -0.237560
v 1.243331 17.479620 -0.215444
v 1.176501 17.483725 -0.161231
v 1.228239 17.524982 -0.188997
v 1.269463 17.587616 -0.241526
v 1.298998 17.598318 -0.321846
v 1.345223 17.428856 -0.419582
v 1.284909 17.188211 -0.473332
v 1.223804 16.997496 -0.464419
v 1.150463 17.013466 -0.487025
v 1.174282 17.207556 -0.522567
v 1.240388 17.473274 -0.542161
v 1.116240 17.239248 -0.410800
v 1.064347 17.155428 -0.322607
v 1.037270 17.168049 -0.298175
v 0.988116 17.157400 -0.344137
v 0.993773 17.399929 -0.492678
v 1.012219 17.729580 -0.551913
v 1.078929 17.866268 -0.357323
v 1.090328 17.963249 -0.152009
v 1.075690 18.061176 0.048370
v 1.042102 18.152872 0.242435
v 0.991903 18.193615 0.440815
v 0.956214 18.299755 0.517072
v 0.910020 18.374508 0.593453
v 0.844372 18.319250 0.775060
v 0.788300 18.204361 0.937752
v 0.693693 18.069948 1.053019
v 0.595494 18.013783 1.112197
v 0.558994 17.890266 1.049195
v 0.597735 17.859240 0.992541
v 0.622524 17.822384 0.955017
v 0.639018 17.771507 0.940624
v 0.656120 17.710701 0.940443
v 0.621574 17.689741 0.982652
v 0.619324 17.654371 0.992917
v 0.619160 17.647255 0.993898
v 0.643845 17.647259 0.963412
v 0.649172 17.647263 0.907218
v 0.265241 17.647259 1.007806
v 0.282914 17.647261 1.052609
v 0.317723 17.647259 1.069034
v 0.316599 17.654785 1.068677
v 0.315479 17.699837 1.060717
v 0.268968 17.735302 1.040457
v 0.290088 17.802975 1.027084
v 0.323074 17.848583 1.022865
v 0.374580 17.872156 1.037441
v 0.459047 17.895533 1.069125
v 0.477370 18.013271 1.142363
v 0.353206 18.065519 1.153073
v 0.239361 18.200001 1.116487
v 0.157773 18.336452 1.079928
v 0.118191 18.542448 1.035931
v 0.085572 18.543547 1.038247
v 0.053353 18.545433 1.038503
v 0.022972 18.333405 1.089176
v 0.000000 18.192225 1.135124
v -0.025868 18.051600 1.172427
v -0.055084 17.990076 1.169876
v -0.086017 17.899517 1.145486
v -0.106821 17.808760 1.071472
v -0.116015 17.724779 1.030011
v -0.133370 17.666142 1.003725
v -0.146025 17.646158 0.991267
v -0.159889 17.638584 0.994898
v -0.198498 17.615858 1.014846
v -0.239077 17.605263 1.032553
v -0.265463 17.551699 1.037776
v -0.292259 17.485363 1.034091
v -0.331956 17.440035 1.034504
v -0.380319 17.407566 1.040961
v -0.452829 17.361582 1.075731
v -0.545524 17.306013 1.084115
v -0.570290 17.226795 1.099159
v -0.607727 17.136477 1.078019
v -0.558133 17.018299 1.084282
v -0.489530 16.997274 1.112424
v -0.398825 17.042660 1.144596
v -0.235795 17.158300 1.203305
v -0.239190 17.139568 1.260779
v -0.354429 17.021149 1.161283
v -0.332650 16.955746 1.171275
v -0.298622 16.905745 1.192724
v -0.254217 16.869368 1.225664
v -0.203634 16.840446 1.268610
v -0.141813 16.818958 1.311978
v -0.070479 16.801464 1.341125
v 0.000000 16.792688 1.347772
v 0.071962 16.762455 1.324948
v 0.141606 16.738190 1.278527
v 0.194009 16.738050 1.194339
v 0.244132 16.748344 1.119761
v 0.288399 16.762316 1.062821
v 0.320649 16.788845 1.017809
v 0.328185 16.788208 0.992390
v 0.360129 16.741577 0.950014
v 0.342999 16.729889 0.974876
v 0.329465 16.743294 1.007538
v 0.309434 16.746723 1.094108
v 0.266415 16.735207 1.193593
v 0.207439 16.705456 1.255857
v 0.142859 16.670334 1.279066
v 0.071064 16.652477 1.300415
v 0.000000 16.638214 1.286555
v -0.070411 16.616825 1.262525
v -0.069630 16.564331 1.240082
v -0.068772 16.503799 1.225169
v 0.000000 16.452450 1.230462
v 0.066262 16.395748 1.217915
v 0.127809 16.330236 1.189255
v 0.159481 16.269478 1.143540
v 0.164522 16.230021 1.085495
v 0.123936 16.221062 1.026937
v 0.076302 16.215496 0.963064
v 0.000000 16.212021 0.903004
v -0.090952 16.213476 0.831636
v -0.188533 16.225990 0.765453
v -0.300504 16.245453 0.703704
v -0.334760 16.253284 0.621048
v -0.254496 16.232903 0.530352
v -0.160995 16.176277 0.428162
v 0.000000 16.121851 0.374080
v 0.115997 16.122360 0.353269
v 0.249842 16.130035 0.291124
v 0.361740 16.227358 0.254858
v 0.496148 16.340313 0.194059
v 0.634154 16.474138 0.129625
v 0.767029 16.609259 0.090639
v 0.887701 16.748497 0.063546
v 0.955880 16.859354 0.065028
v 1.052585 16.828709 0.072177
v 1.053245 16.948467 0.037617
v 1.057181 17.013762 -0.012454
v 1.063076 17.069311 -0.042352
v 1.087708 17.157463 -0.094092
v 1.129028 17.242346 -0.167160
v 1.209445 17.304930 -0.242772
v 1.274748 17.384449 -0.351122
v 1.274151 17.509323 -0.295884
v 1.264580 17.555500 -0.244971
v 1.271701 17.553560 -0.325377
v 1.271799 17.431009 -0.424783
v 1.275600 17.209410 -0.433830
v 1.234429 16.999180 -0.423716
v 1.122815 16.888220 -0.181494
v 1.080102 16.883244 -0.208964
v 1.125371 17.025455 -0.472884
v 1.158920 17.215727 -0.516982
v 1.088129 17.129883 -0.366529
v 1.002600 16.971601 -0.205396
v 0.981931 17.013540 -0.252583
v 0.936896 17.034384 -0.310993
v 0.932337 17.179863 -0.438549
v 0.849528 17.367081 -0.726505
v 0.867976 17.554825 -0.770243
v 0.875588 17.712805 -0.791180
v 0.997118 17.866362 -0.563067
v 1.061537 17.976902 -0.349570
v 1.067022 18.079948 -0.124001
v 1.046846 18.180380 0.098577
v 1.009705 18.259096 0.298122
v 0.971883 18.369253 0.374967
v 0.918928 18.453457 0.446825
v 0.851373 18.424692 0.675916
v 0.787461 18.335548 0.867111
v 0.693486 18.206400 0.999088
v 0.597668 18.070192 1.097732
v 0.524732 17.873640 1.011685
v 0.575717 17.845955 0.973931
v 0.605940 17.798769 0.960965
v 0.627845 17.730944 0.963839
v 0.585742 17.698858 1.007730
v 0.582163 17.655239 1.021033
v 0.582386 17.647263 1.021909
v 0.616192 17.647257 0.990509
v 0.620721 17.647259 0.940337
v 0.297078 17.647263 1.022118
v 0.318706 17.647259 1.063830
v 0.362771 17.646578 1.077554
v 0.362275 17.655565 1.076573
v 0.361026 17.709255 1.064925
v 0.306906 17.753988 1.045362
v 0.335557 17.825153 1.026329
v 0.375703 17.864319 1.020757
v 0.451327 17.879259 1.026658
v 0.479017 18.069542 1.128479
v 0.356283 18.203514 1.105562
v 0.243429 18.337727 1.069248
v 0.175975 18.540894 1.027948
v 0.148560 18.702454 0.915749
v 0.105292 18.706148 0.916739
v 0.071367 18.706532 0.919626
v 0.024721 18.544861 1.039888
v 0.000000 18.331638 1.089089
v -0.024400 18.193058 1.134206
v -0.049421 18.051926 1.164983
v -0.075210 17.993717 1.154327
v -0.123789 17.845604 1.094064
v -0.129035 17.775818 1.041597
v -0.136574 17.694307 1.007753
v -0.147528 17.650047 0.991768
v -0.147777 17.645666 0.990099
v -0.149265 17.645121 0.990116
v -0.161400 17.643078 0.994274
v -0.198337 17.636505 1.014380
v -0.242855 17.635233 1.035674
v -0.275214 17.594328 1.045577
v -0.307789 17.530926 1.049412
v -0.336775 17.464565 1.038548
v -0.382624 17.423197 1.031951
v -0.445223 17.400772 1.034760
v -0.524311 17.368931 1.054827
v -0.634888 17.326937 1.046708
v -0.677071 17.252295 1.046904
v -0.697626 17.168289 1.026248
v -0.633882 17.043961 1.041463
v -0.580168 16.940155 1.044643
v -0.516540 16.922150 1.080932
v -0.431703 16.975151 1.130826
v -0.380879 16.963188 1.149908
v -0.352052 16.901352 1.161624
v -0.312550 16.860760 1.191376
v -0.264098 16.831898 1.233377
v -0.206867 16.813564 1.277109
v -0.143301 16.799381 1.314360
v -0.070441 16.790264 1.342686
v 0.000000 16.764626 1.330705
v 0.071913 16.738905 1.298923
v 0.137117 16.737532 1.228258
v 0.186691 16.749268 1.158603
v 0.243333 16.763689 1.115604
v 0.289235 16.791861 1.062263
v 0.321365 16.835985 1.022524
v 0.347230 16.829243 0.973593
v 0.364664 16.743017 0.932171
v 0.336867 16.703691 0.973203
v 0.321680 16.729845 1.006571
v 0.294946 16.742710 1.057595
v 0.261738 16.746458 1.148699
v 0.206875 16.729599 1.247454
v 0.142176 16.697468 1.284848
v 0.071123 16.662756 1.302059
v 0.000000 16.651323 1.307426
v -0.070564 16.636471 1.284845
v -0.140642 16.625252 1.254035
v -0.137954 16.569742 1.226408
v -0.136041 16.504602 1.208972
v -0.068041 16.449818 1.221684
v 0.000000 16.396555 1.225669
v 0.062112 16.339590 1.211496
v 0.111111 16.279160 1.167856
v 0.134023 16.235374 1.124067
v 0.107345 16.220877 1.082821
v 0.068928 16.213776 1.022940
v 0.000000 16.212749 0.962916
v -0.082599 16.213985 0.901245
v -0.173123 16.226055 0.836135
v -0.271372 16.242998 0.779492
v -0.389673 16.271851 0.712026
v -0.422586 16.283737 0.638616
v -0.358964 16.269512 0.541493
v -0.285729 16.242542 0.445777
v -0.115997 16.122360 0.353269
v 0.000000 16.021507 0.306732
v 0.106400 16.022982 0.294279
v 0.236188 16.037712 0.250195
v 0.339829 16.142467 0.222332
v 0.440026 16.256767 0.170194
v 0.556716 16.391472 0.105868
v 0.694560 16.550690 0.048077
v 0.845604 16.714348 0.014949
v 0.934168 16.840120 0.036831
v 1.010190 16.778164 0.053849
v 1.110173 16.803192 -0.056792
v 1.087775 16.886244 -0.047145
v 1.071108 16.968483 -0.040069
v 1.059252 17.042805 -0.051594
v 1.087644 17.106991 -0.099184
v 1.115521 17.182791 -0.136886
v 1.175606 17.204485 -0.231766
v 1.266043 17.260563 -0.343945
v 1.218550 17.437757 -0.423927
v 1.240173 17.228844 -0.429981
v 1.228540 17.044762 -0.391006
v 1.148493 16.909945 -0.171583
v 1.092198 16.768009 -0.050058
v 1.033560 16.755499 -0.086121
v 1.060812 16.891323 -0.207333
v 1.112444 17.031628 -0.465598
v 1.021692 16.940670 -0.194560
v 0.948717 16.886848 -0.097406
v 0.927169 16.922043 -0.185937
v 0.879710 16.922295 -0.259063
v 0.875075 17.042933 -0.401051
v 0.799167 17.206419 -0.674087
v 0.648467 17.369320 -0.907248
v 0.668492 17.545744 -0.963930
v 0.681349 17.709227 -0.984176
v 0.870016 17.864334 -0.784193
v 0.984191 17.987835 -0.556587
v 1.034485 18.095703 -0.334433
v 1.031269 18.209152 -0.085909
v 1.012472 18.287294 0.148648
v 0.972251 18.407757 0.209363
v 0.920979 18.506025 0.276896
v 0.867873 18.516489 0.527757
v 0.785560 18.458363 0.748067
v 0.691952 18.339651 0.938038
v 0.598434 18.207541 1.045892
v 0.510785 17.865591 0.994829
v 0.560020 17.824148 0.980127
v 0.592819 17.751867 0.987025
v 0.541460 17.708563 1.030493
v 0.539660 17.656351 1.045814
v 0.539562 17.646427 1.046511
v 0.579747 17.647263 1.017366
v 0.594583 17.647255 0.965709
v 0.326039 17.647259 1.033665
v 0.362930 17.646580 1.072350
v 0.405027 17.646168 1.079664
v 0.404796 17.657171 1.078808
v 0.403296 17.715059 1.064488
v 0.350474 17.771139 1.046243
v 0.382097 17.840540 1.022937
v 0.444713 17.869598 1.009188
v 0.484510 18.206484 1.080213
v 0.363379 18.340096 1.053119
v 0.263050 18.539997 1.016641
v 0.205906 18.699675 0.909983
v 0.167270 18.840736 0.695203
v 0.121518 18.841784 0.700050
v 0.082479 18.842348 0.702062
v 0.032888 18.709234 0.918614
v 0.000000 18.544230 1.039359
v -0.022972 18.333405 1.089176
v -0.044010 18.193420 1.130669
v -0.071207 18.052919 1.154172
v -0.100804 17.997316 1.172001
v -0.109189 17.931223 1.167031
v -0.147397 17.874729 1.115768
v -0.153470 17.811962 1.056522
v -0.152958 17.741203 1.017257
v -0.149916 17.675533 0.995478
v -0.149415 17.646532 0.990099
v -0.150290 17.645782 0.986582
v -0.151857 17.645166 0.986526
v -0.163868 17.643108 0.990489
v -0.198399 17.643560 1.014369
v -0.243634 17.643560 1.035529
v -0.280063 17.634808 1.048746
v -0.316636 17.583944 1.057879
v -0.348922 17.515944 1.052843
v -0.386866 17.450035 1.036134
v -0.442859 17.419123 1.024322
v -0.512287 17.407890 1.017430
v -0.595034 17.388432 1.025328
v -0.701091 17.362881 1.004467
v -0.760557 17.290552 0.991013
v -0.783317 17.206968 0.959424
v -0.722833 17.077847 0.985283
v -0.652709 16.965179 0.997582
v -0.597002 16.859760 0.996925
v -0.538946 16.847708 1.046550
v -0.458635 16.907753 1.109962
v -0.406944 16.897381 1.129541
v -0.369987 16.846535 1.152956
v -0.322112 16.820004 1.193853
v -0.265424 16.804316 1.240156
v -0.207422 16.791882 1.278966
v -0.143991 16.790054 1.314839
v -0.071962 16.762455 1.324948
v 0.000000 16.740255 1.306717
v 0.069870 16.738117 1.250714
v 0.129997 16.748184 1.183833
v 0.187221 16.765713 1.150387
v 0.243333 16.793232 1.111981
v 0.287663 16.843885 1.063378
v 0.326313 16.913979 1.026828
v 0.355343 16.916872 0.963292
v 0.375411 16.826885 0.913991
v 0.367796 16.743103 0.910710
v 0.328690 16.652164 0.960413
v 0.315827 16.699463 1.000439
v 0.290063 16.726597 1.053838
v 0.253223 16.742554 1.111049
v 0.202738 16.746754 1.196650
v 0.142866 16.726841 1.280295
v 0.071122 16.691658 1.306092
v 0.000000 16.663048 1.308967
v -0.071064 16.652477 1.300415
v -0.142182 16.644060 1.268842
v -0.205638 16.632992 1.229733
v -0.203769 16.580362 1.200354
v -0.199914 16.506460 1.184106
v -0.134951 16.442533 1.203025
v -0.066262 16.395748 1.217915
v 0.000000 16.342930 1.217529
v 0.058084 16.283556 1.186866
v 0.095428 16.232096 1.141443
v 0.061548 16.215061 1.079304
v 0.000000 16.212830 1.021078
v -0.076302 16.215496 0.963064
v -0.154402 16.224285 0.904991
v -0.243057 16.240822 0.844942
v -0.352997 16.263863 0.789776
v -0.459674 16.318899 0.724298
v -0.495274 16.326534 0.652880
v -0.452977 16.303106 0.564394
v -0.397789 16.288046 0.464225
v -0.358766 16.266544 0.359802
v -0.275023 16.204134 0.335481
v -0.249842 16.130035 0.291124
v -0.106400 16.022982 0.294279
v 0.000000 15.881317 0.269189
v 0.111406 15.883785 0.255630
v 0.236791 15.899790 0.216119
v 0.330462 16.056091 0.197949
v 0.421622 16.163925 0.148593
v 0.511390 16.292971 0.077938
v 0.600271 16.444370 0.010791
v 0.763149 16.657276 -0.046931
v 0.926534 16.830784 0.005367
v 0.964843 16.771097 0.018862
v 1.168953 16.972393 -0.163584
v 1.086655 16.956146 -0.069142
v 1.055085 17.016796 -0.064545
v 1.078656 17.060478 -0.108532
v 1.134789 17.145517 -0.165543
v 1.226399 17.127165 -0.301937
v 1.232949 17.249302 -0.394724
v 1.204163 17.048929 -0.376658
v 1.009094 16.770899 -0.093047
v 1.047679 16.896824 -0.206224
v 0.973168 16.843279 -0.094864
v 0.918858 16.835953 -0.035498
v 0.867639 16.817186 -0.106411
v 0.818390 16.810551 -0.209786
v 0.817688 16.926418 -0.379640
v 0.742245 17.052944 -0.609810
v 0.618014 17.215981 -0.835011
v 0.431301 17.374825 -1.010338
v 0.453816 17.547647 -1.063002
v 0.462411 17.702892 -1.093317
v 0.683083 17.864319 -0.992180
v 0.859300 17.993107 -0.767824
v 0.961666 18.118622 -0.531890
v 1.000240 18.225040 -0.313930
v 0.999122 18.319351 -0.057084
v 0.953059 18.445663 -0.000508
v 0.900875 18.552917 0.058041
v 0.865830 18.588451 0.344896
v 0.791525 18.574518 0.616246
v 0.689580 18.499296 0.851118
v 0.596470 18.342699 0.987342
v 0.499882 17.840534 0.999795
v 0.548054 17.768887 1.008550
v 0.493719 17.715559 1.049256
v 0.493251 17.656912 1.063518
v 0.493128 17.646162 1.064440
v 0.537251 17.646425 1.041636
v 0.562561 17.647263 0.988856
v 0.367361 17.647261 1.039348
v 0.404035 17.646166 1.074293
v 0.449576 17.646168 1.074686
v 0.449841 17.657049 1.073599
v 0.448255 17.718246 1.058493
v 0.394779 17.781765 1.043478
v 0.444061 17.846783 1.011579
v 0.488758 18.341774 1.026493
v 0.377643 18.535397 0.991682
v 0.289216 18.699804 0.885952
v 0.232114 18.837776 0.686334
v 0.176938 18.935860 0.495441
v 0.121817 18.940250 0.502470
v 0.051639 18.942549 0.506079
v 0.041349 18.842831 0.703930
v 0.000000 18.709238 0.919113
v -0.024721 18.544861 1.039888
v -0.045170 18.333874 1.088599
v -0.069317 18.194298 1.126053
v -0.098340 18.054998 1.165351
v -0.146561 18.001842 1.177055
v -0.158522 17.940914 1.179306
v -0.183821 17.894039 1.125159
v -0.181814 17.835835 1.067250
v -0.184259 17.781292 1.024712
v -0.168353 17.721601 1.008043
v -0.167999 17.670013 1.000868
v -0.162814 17.651920 0.997730
v -0.160862 17.647133 0.995662
v -0.151986 17.646503 0.986506
v -0.169001 17.646255 0.958582
v -0.172584 17.645176 0.956021
v -0.182366 17.643145 0.960990
v -0.201785 17.643560 1.010094
v -0.245378 17.643560 1.031257
v -0.280339 17.643560 1.048732
v -0.319105 17.633959 1.060519
v -0.357991 17.574455 1.061823
v -0.395631 17.507610 1.052706
v -0.442851 17.444477 1.029671
v -0.507379 17.424257 1.008288
v -0.574298 17.424980 0.995595
v -0.660368 17.414986 0.988870
v -0.768378 17.404406 0.956723
v -0.832641 17.330914 0.932060
v -0.858444 17.243620 0.881278
v -0.803231 17.115072 0.909578
v -0.734999 16.989744 0.936580
v -0.663640 16.875120 0.943331
v -0.602328 16.767885 0.950625
v -0.549493 16.758398 1.005147
v -0.479209 16.832825 1.083513
v -0.435599 16.816767 1.106621
v -0.376729 16.806538 1.150746
v -0.322887 16.793713 1.195844
v -0.264983 16.780548 1.238146
v -0.206760 16.783768 1.279186
v -0.143766 16.762650 1.299118
v -0.071913 16.738905 1.298923
v 0.000000 16.738276 1.259915
v 0.067213 16.749241 1.202640
v 0.130185 16.766783 1.175884
v 0.187221 16.795256 1.150945
v 0.243377 16.846756 1.113653
v 0.288003 16.914791 1.065179
v 0.289171 16.986872 1.050006
v 0.360081 16.983414 0.954103
v 0.375358 16.909599 0.913313
v 0.395199 16.823929 0.832325
v 0.392028 16.748178 0.827631
v 0.345895 16.657972 0.908907
v 0.309916 16.647943 0.991317
v 0.285604 16.692390 1.043244
v 0.255192 16.725254 1.086609
v 0.197445 16.743454 1.157424
v 0.139216 16.746298 1.233350
v 0.071122 16.724773 1.302183
v 0.000000 16.690617 1.312734
v -0.071123 16.662756 1.302059
v -0.142728 16.660732 1.277354
v -0.207021 16.657167 1.246218
v -0.266027 16.644680 1.188427
v -0.263355 16.587399 1.168040
v -0.260117 16.511110 1.150298
v -0.198424 16.437487 1.175571
v -0.133710 16.388885 1.198587
v -0.062112 16.339590 1.211496
v 0.000000 16.283215 1.194219
v 0.053810 16.227669 1.150577
v 0.000000 16.212633 1.083577
v -0.068928 16.213776 1.022940
v -0.140780 16.222607 0.965034
v -0.224102 16.237057 0.915167
v -0.320069 16.259819 0.859287
v -0.423754 16.309999 0.796315
v -0.509910 16.392288 0.757808
v -0.554158 16.405296 0.687115
v -0.526998 16.346966 0.581663
v -0.480422 16.330009 0.489225
v -0.444805 16.319883 0.384298
v -0.430720 16.297266 0.276584
v -0.361740 16.227358 0.254858
v -0.339829 16.142467 0.222332
v -0.236188 16.037712 0.250195
v -0.111406 15.883785 0.255630
v 0.000000 15.722239 0.270176
v 0.128538 15.730824 0.261469
v 0.248932 15.749950 0.219374
v 0.331785 15.920065 0.167648
v 0.413329 16.075869 0.130544
v 0.503772 16.191143 0.060636
v 0.561536 16.334509 -0.022886
v 0.622833 16.503124 -0.113889
v 0.919811 16.824465 -0.021696
v 0.951724 16.772369 -0.004709
v 1.148069 17.004456 -0.171608
v 1.079606 17.008572 -0.093908
v 1.170024 17.093590 -0.182985
v 1.229482 17.075150 -0.352772
v 0.997046 16.778484 -0.096458
v 0.933437 16.799120 -0.037410
v 0.722579 16.671764 -0.231233
v 0.739840 16.800146 -0.374436
v 0.685959 16.920547 -0.549438
v 0.576143 17.061203 -0.737196
v 0.406253 17.214731 -0.924759
v 0.206812 17.378349 -1.053046
v 0.212441 17.550682 -1.120695
v 0.216930 17.707449 -1.142267
v 0.473624 17.866777 -1.108409
v 0.683356 18.003340 -0.978367
v 0.848190 18.133169 -0.737882
v 0.938925 18.241226 -0.502154
v 0.962521 18.345955 -0.278701
v 0.921648 18.469170 -0.233981
v 0.870150 18.579456 -0.169350
v 0.847872 18.646769 0.131608
v 0.788144 18.665133 0.417164
v 0.688518 18.628561 0.704108
v 0.593457 18.519819 0.914874
v 0.496345 17.783869 1.024612
v 0.491311 17.646160 1.059401
v 0.522694 17.647245 1.008700
v 0.400877 17.647259 1.038615
v 0.448088 17.646168 1.069482
v 0.445421 17.788544 1.034495
v 0.489541 18.527365 0.957922
v 0.388332 18.692245 0.851478
v 0.304272 18.834621 0.671900
v 0.240163 18.931955 0.484927
v 0.179001 18.970613 0.323443
v 0.125586 18.974482 0.333853
v 0.058682 18.976868 0.341841
v 0.000000 18.942806 0.506600
v 0.000000 18.842962 0.705050
v -0.032888 18.709234 0.918614
v -0.053353 18.545433 1.038503
v -0.073653 18.334414 1.086658
v -0.098764 18.195415 1.127703
v -0.146536 18.058578 1.171170
v -0.234943 18.008272 1.178581
v -0.244082 17.950008 1.181153
v -0.259390 17.913395 1.135150
v -0.219946 17.862976 1.080188
v -0.215181 17.815208 1.030568
v -0.199358 17.765522 1.016139
v -0.185500 17.705124 1.009826
v -0.200014 17.670496 1.017262
v -0.198620 17.653557 1.016800
v -0.199109 17.647402 1.016655
v -0.163317 17.647232 0.990603
v -0.170970 17.646593 0.958214
v -0.220882 17.643560 0.982950
v -0.258830 17.643559 1.004283
v -0.283184 17.643560 1.043481
v -0.319501 17.643560 1.060446
v -0.362548 17.632004 1.065327
v -0.401808 17.569082 1.061678
v -0.444679 17.502747 1.045786
v -0.503084 17.450554 1.013974
v -0.567662 17.439516 0.986286
v -0.631022 17.448984 0.966138
v -0.715483 17.452007 0.949488
v -0.821782 17.453638 0.912226
v -0.891622 17.387047 0.862030
v -0.925706 17.282974 0.766069
v -0.862940 17.151018 0.823905
v -0.807389 17.017929 0.859469
v -0.733171 16.893314 0.879622
v -0.657884 16.780083 0.892237
v -0.591046 16.671944 0.901579
v -0.542422 16.664644 0.958529
v -0.496275 16.746368 1.047857
v -0.431828 16.773338 1.100055
v -0.379656 16.777346 1.144853
v -0.321201 16.768911 1.191901
v -0.266359 16.772673 1.235898
v -0.206424 16.758953 1.264463
v -0.141606 16.738190 1.278527
v -0.069870 16.738117 1.250714
v 0.000000 16.749336 1.209348
v 0.068058 16.767456 1.195109
v 0.130185 16.796326 1.176442
v 0.187798 16.849613 1.151481
v 0.245114 16.919384 1.114532
v 0.296788 17.007713 0.952425
v 0.379536 16.996778 0.883307
v 0.376880 16.971466 0.912126
v 0.393630 16.914879 0.841606
v 0.427285 16.828785 0.732317
v 0.417017 16.747162 0.725825
v 0.375335 16.660183 0.827966
v 0.328330 16.588804 0.906501
v 0.315133 16.580273 0.945176
v 0.293385 16.575382 0.976004
v 0.278235 16.640453 1.033163
v 0.248224 16.694345 1.085207
v 0.196687 16.723387 1.124882
v 0.135978 16.743145 1.184777
v 0.069289 16.746483 1.254940
v 0.000000 16.724445 1.308612
v -0.071122 16.691658 1.306092
v -0.142859 16.670334 1.279066
v -0.207439 16.673723 1.249909
v -0.267037 16.676483 1.205001
v -0.326215 16.659660 1.145440
v -0.321608 16.602262 1.131086
v -0.318726 16.519194 1.109634
v -0.257454 16.435486 1.138126
v -0.193059 16.372570 1.165692
v -0.127809 16.330236 1.189255
v -0.058084 16.283556 1.186866
v 0.000000 16.226044 1.157495
v -0.061548 16.215061 1.079304
v -0.123936 16.221062 1.026937
v -0.207358 16.232447 0.974572
v -0.289628 16.257416 0.927963
v -0.385645 16.305208 0.869014
v -0.472852 16.384781 0.819086
v -0.549356 16.485138 0.808288
v -0.591899 16.497280 0.742506
v -0.596551 16.422421 0.618752
v -0.569212 16.374636 0.511893
v -0.530838 16.367367 0.410433
v -0.505591 16.358965 0.300556
v -0.496148 16.340313 0.194059
v -0.440026 16.256767 0.170194
v -0.421622 16.163925 0.148593
v -0.330462 16.056091 0.197949
v -0.236791 15.899790 0.216119
v -0.128538 15.730824 0.261469
v 0.000000 15.546531 0.289686
v 0.137501 15.572668 0.281296
v 0.269764 15.602592 0.239590
v 0.351753 15.777811 0.171387
v 0.420562 15.946539 0.113625
v 0.491194 16.101236 0.054501
v 0.561742 16.227331 -0.037641
v 0.581363 16.382370 -0.140055
v 0.625999 16.540396 -0.235980
v 0.945963 16.772943 -0.014784
v 1.158713 17.046635 -0.186380
v 0.648266 16.668510 -0.352934
v 0.619062 16.790077 -0.500225
v 0.529478 16.920887 -0.661654
v 0.369800 17.059647 -0.819219
v 0.204038 17.213654 -0.949579
v 0.000000 17.377949 -1.064345
v 0.000000 17.553434 -1.134171
v 0.000000 17.705420 -1.155830
v 0.212625 17.864061 -1.157778
v 0.470826 18.008381 -1.096756
v 0.674967 18.142569 -0.951544
v 0.830743 18.257904 -0.705153
v 0.907484 18.357658 -0.467764
v 0.865604 18.481127 -0.411667
v 0.817501 18.594124 -0.354762
v 0.805837 18.673592 -0.099981
v 0.773779 18.728397 0.203081
v 0.694145 18.733824 0.491304
v 0.587693 18.658312 0.775933
v 0.481743 17.647251 1.026178
v 0.441600 17.647257 1.032918
v 0.494483 18.677370 0.813994
v 0.388909 18.827332 0.642621
v 0.312731 18.920286 0.466159
v 0.244438 18.963135 0.310804
v 0.256057 18.977512 0.110459
v 0.127102 18.988190 0.126214
v 0.000000 18.992226 0.133082
v 0.000000 18.978037 0.342613
v -0.051639 18.942549 0.506079
v -0.041349 18.842831 0.703930
v -0.071367 18.706532 0.919626
v -0.085572 18.543547 1.038247
v -0.104594 18.334784 1.084338
v -0.149941 18.198259 1.129194
v -0.237619 18.062210 1.164129
v -0.353704 18.011440 1.164282
v -0.354805 17.954872 1.170527
v -0.365762 17.918236 1.132355
v -0.280478 17.879269 1.084616
v -0.260769 17.841068 1.037344
v -0.235643 17.800562 1.019400
v -0.216119 17.742561 1.020069
v -0.199456 17.687531 1.016404
v -0.242742 17.682640 1.037597
v -0.245867 17.653973 1.042076
v -0.246130 17.647259 1.042550
v -0.201904 17.647261 1.011630
v -0.180528 17.647203 0.963585
v -0.294277 17.643560 1.019907
v -0.321243 17.643560 1.055625
v -0.362713 17.642878 1.065296
v -0.404316 17.632017 1.064504
v -0.445516 17.566189 1.054387
v -0.496671 17.507713 1.035097
v -0.559487 17.465725 0.994316
v -0.618366 17.465364 0.959733
v -0.680845 17.482929 0.933799
v -0.756485 17.496292 0.915172
v -0.847981 17.503216 0.877758
v -0.910839 17.468531 0.816265
v -0.970424 17.402645 0.690556
v -0.977677 17.312395 0.629460
v -0.924282 17.188381 0.706577
v -0.864701 17.053627 0.762942
v -0.798412 16.913244 0.797165
v -0.718087 16.797026 0.822584
v -0.645501 16.682657 0.841344
v -0.574262 16.577572 0.854786
v -0.525983 16.568790 0.917614
v -0.488752 16.657997 1.010389
v -0.463236 16.744129 1.074443
v -0.437564 16.741890 1.087830
v -0.415362 16.753792 1.094317
v -0.376135 16.757843 1.135876
v -0.321923 16.762602 1.189516
v -0.263880 16.752562 1.220737
v -0.201661 16.739502 1.245813
v -0.137117 16.737532 1.228258
v -0.067213 16.749241 1.202640
v 0.000000 16.767118 1.202279
v 0.068058 16.797001 1.195667
v 0.129842 16.853220 1.180901
v 0.185453 16.922291 1.152617
v 0.125662 16.989069 1.145775
v 0.124268 17.014050 1.013204
v 0.315468 17.021942 0.802890
v 0.398575 17.007786 0.764684
v 0.395788 16.981152 0.852841
v 0.424314 16.922480 0.738532
v 0.443233 16.833931 0.620101
v 0.435828 16.748808 0.608844
v 0.409099 16.660862 0.718088
v 0.358401 16.583439 0.829448
v 0.329217 16.554310 0.889966
v 0.307786 16.545927 0.916123
v 0.257253 16.532986 0.986559
v 0.263145 16.569448 1.021089
v 0.239374 16.636482 1.077479
v 0.198080 16.691917 1.117893
v 0.136091 16.723635 1.155798
v 0.067876 16.743382 1.204356
v 0.000000 16.746950 1.259137
v -0.071122 16.724773 1.302183
v -0.142176 16.697468 1.284848
v -0.207711 16.680620 1.251122
v -0.266938 16.692101 1.207552
v -0.324264 16.699852 1.158590
v -0.374544 16.679701 1.110333
v -0.377810 16.620831 1.092232
v -0.373716 16.531986 1.066489
v -0.314771 16.438051 1.094102
v -0.252180 16.361629 1.121515
v -0.182369 16.314930 1.157492
v -0.111111 16.279160 1.167856
v -0.053810 16.227669 1.150577
v -0.107345 16.220877 1.082821
v -0.187243 16.229851 1.032932
v -0.264516 16.252432 0.985642
v -0.350954 16.301025 0.936444
v -0.428757 16.377174 0.890403
v -0.505107 16.474976 0.866478
v -0.621258 16.587870 0.791446
v -0.638748 16.515369 0.673171
v -0.642168 16.449863 0.547928
v -0.617476 16.413889 0.435782
v -0.585303 16.409788 0.329323
v -0.568810 16.408527 0.216622
v -0.556716 16.391472 0.105868
v -0.511390 16.292971 0.077938
v -0.503772 16.191143 0.060636
v -0.413329 16.075869 0.130544
v -0.331785 15.920065 0.167648
v -0.248932 15.749950 0.219374
v -0.137501 15.572668 0.281296
v 0.000000 15.416584 0.310411
v 0.148087 15.440568 0.301364
v 0.298999 15.466381 0.273222
v 0.380145 15.639955 0.186378
v 0.446096 15.810069 0.115340
v 0.500073 15.980527 0.048442
v 0.550789 16.132658 -0.032142
v 0.580226 16.274853 -0.143815
v 0.590834 16.425863 -0.248321
v 0.585720 16.555958 -0.347641
v 0.551733 16.663181 -0.465779
v 0.475218 16.787830 -0.600967
v 0.340953 16.919147 -0.736243
v 0.196107 17.058283 -0.848175
v 0.000000 17.215149 -0.957963
v -0.206812 17.378349 -1.053046
v -0.212441 17.550682 -1.120695
v -0.216930 17.707449 -1.142267
v 0.000000 17.863548 -1.176059
v 0.211007 18.011858 -1.150832
v 0.466099 18.138319 -1.077904
v 0.657338 18.259220 -0.914898
v 0.800898 18.371305 -0.670843
v 0.766162 18.492901 -0.618105
v 0.721219 18.604715 -0.554106
v 0.754133 18.691055 -0.286962
v 0.737282 18.755581 -0.017100
v 0.681057 18.795998 0.276385
v 0.584675 18.781452 0.555336
v 0.484374 18.811480 0.600663
v 0.387404 18.904890 0.436782
v 0.321834 18.950125 0.284666
v 0.389926 18.935507 0.255610
v 0.390339 18.948071 0.072537
v 0.259032 18.964970 -0.120509
v 0.140230 18.976299 -0.125798
v 0.000000 18.981642 -0.124907
v -0.127102 18.988190 0.126214
v -0.125586 18.974482 0.333853
v -0.058682 18.976868 0.341841
v -0.121817 18.940250 0.502470
v -0.121518 18.841784 0.700050
v -0.082479 18.842348 0.702062
v -0.105292 18.706148 0.916739
v -0.118191 18.542448 1.035931
v -0.157773 18.336452 1.079928
v -0.239361 18.200001 1.116487
v -0.353206 18.065519 1.153073
v -0.477370 18.013271 1.142363
v -0.477788 17.958475 1.149077
v -0.473370 17.919630 1.115863
v -0.370157 17.891809 1.080539
v -0.308692 17.857649 1.039331
v -0.276443 17.826324 1.023333
v -0.251242 17.776541 1.025437
v -0.234137 17.714140 1.030203
v -0.275867 17.691050 1.050112
v -0.279815 17.654554 1.057183
v -0.280943 17.647263 1.057319
v -0.248266 17.647259 1.038007
v -0.219529 17.647261 0.983519
v -0.326575 17.643560 1.032511
v -0.363362 17.642878 1.059928
v -0.404082 17.642469 1.064549
v -0.446700 17.632017 1.059814
v -0.492278 17.569534 1.043880
v -0.551179 17.518518 1.015083
v -0.608215 17.486849 0.967281
v -0.658656 17.496492 0.931285
v -0.709781 17.521725 0.909977
v -0.779599 17.534740 0.892008
v -0.859472 17.554485 0.846425
v -0.925093 17.537313 0.781671
v -0.974938 17.470335 0.675056
v -1.018084 17.422493 0.524387
v -1.020107 17.341925 0.484855
v -0.974891 17.219893 0.573710
v -0.918478 17.089220 0.647499
v -0.847624 16.946461 0.706491
v -0.779610 16.814156 0.741132
v -0.698061 16.699718 0.768318
v -0.475837 16.560312 0.972055
v -0.430231 16.648546 1.057445
v -0.421028 16.708485 1.087210
v -0.417343 16.741634 1.084775
v -0.405464 16.746922 1.090259
v -0.374193 16.753679 1.133061
v -0.318319 16.745974 1.174942
v -0.260177 16.737291 1.200628
v -0.194009 16.738050 1.194339
v -0.129997 16.748184 1.183833
v -0.068058 16.767456 1.195109
v 0.000000 16.796663 1.202836
v 0.067858 16.854628 1.200126
v 0.127550 16.926014 1.182295
v 0.063982 16.926966 1.201520
v 0.000000 16.996017 1.171614
v 0.000000 17.015526 1.022062
v 0.126855 17.032614 0.849059
v 0.322483 17.034603 0.665088
v 0.413090 17.016958 0.641392
v 0.420777 16.987446 0.755575
v 0.441572 16.929653 0.627297
v 0.446887 16.834654 0.457441
v 0.444986 16.753361 0.458870
v 0.429303 16.660351 0.601452
v 0.391010 16.570547 0.722963
v 0.343189 16.541071 0.837927
v 0.314598 16.522312 0.857838
v 0.262196 16.513275 0.933395
v 0.227253 16.567329 1.063197
v 0.199273 16.635181 1.109852
v 0.136091 16.690746 1.152453
v 0.068137 16.722198 1.178858
v 0.000000 16.744415 1.210733
v -0.069289 16.746483 1.254940
v -0.142866 16.726841 1.280295
v -0.207439 16.705456 1.255857
v -0.266348 16.698557 1.208954
v -0.322909 16.714413 1.161908
v -0.374555 16.722523 1.110978
v -0.423929 16.549166 1.022346
v -0.368942 16.445911 1.039164
v -0.303210 16.359652 1.074705
v -0.240707 16.299477 1.108959
v -0.159481 16.269478 1.143540
v -0.095428 16.232096 1.141443
v -0.164522 16.230021 1.085495
v -0.236668 16.252426 1.046681
v -0.318461 16.295944 0.999609
v -0.389408 16.370895 0.951157
v -0.458584 16.466379 0.934420
v -0.671056 16.606146 0.718258
v -0.684150 16.537378 0.599183
v -0.687183 16.481789 0.468882
v -0.668088 16.457222 0.356786
v -0.642580 16.461420 0.246852
v -0.634154 16.474138 0.129625
v -0.600271 16.444370 0.010791
v -0.561536 16.334509 -0.022886
v -0.561742 16.227331 -0.037641
v -0.491194 16.101236 0.054501
v -0.420562 15.946539 0.113625
v -0.351753 15.777811 0.171387
v -0.269764 15.602592 0.239590
v -0.148087 15.440568 0.301364
v 0.000000 15.308790 0.343912
v 0.178334 15.337931 0.331039
v 0.344002 15.382250 0.290458
v 0.421445 15.506908 0.220134
v 0.475916 15.677174 0.128191
v 0.528013 15.849010 0.051342
v 0.560792 16.020092 -0.030019
v 0.584558 16.172247 -0.136702
v 0.592543 16.317696 -0.250888
v 0.564131 16.453800 -0.351035
v 0.510737 16.559383 -0.443814
v 0.436689 16.669111 -0.564703
v 0.313946 16.784674 -0.671710
v 0.180823 16.917517 -0.765282
v 0.000000 17.058083 -0.857397
v -0.204038 17.213654 -0.949579
v -0.431301 17.374825 -1.010338
v -0.453816 17.547647 -1.063002
v -0.462411 17.702892 -1.093317
v -0.212625 17.864061 -1.157778
v 0.000000 18.009972 -1.168723
v 0.211836 18.147160 -1.132276
v 0.451488 18.265501 -1.048199
v 0.639629 18.380239 -0.862007
v 0.621161 18.496674 -0.802914
v 0.588496 18.616119 -0.720969
v 0.675549 18.698807 -0.472672
v 0.694859 18.772997 -0.204984
v 0.663617 18.824116 0.072857
v 0.582581 18.849234 0.354832
v 0.478114 18.880554 0.406010
v 0.467863 18.914318 0.215174
v 0.463284 18.924980 0.035978
v 0.393438 18.936245 -0.100012
v 0.293101 18.925453 -0.332423
v 0.157066 18.933552 -0.366200
v 0.000000 18.932796 -0.385763
v -0.140230 18.976299 -0.125798
v -0.256057 18.977512 0.110459
v -0.244438 18.963135 0.310804
v -0.179001 18.970613 0.323443
v -0.176938 18.935860 0.495441
v -0.167270 18.840736 0.695203
v -0.148560 18.702454 0.915749
v -0.175975 18.540894 1.027948
v -0.243429 18.337727 1.069248
v -0.356283 18.203514 1.105562
v -0.479017 18.069542 1.128479
v -0.595494 18.013783 1.112197
v -0.593251 17.958607 1.119560
v -0.582634 17.917479 1.089127
v -0.459047 17.895533 1.069125
v -0.374580 17.872156 1.037441
v -0.323074 17.848583 1.022865
v -0.290088 17.802975 1.027084
v -0.268968 17.735302 1.040457
v -0.315479 17.699837 1.060717
v -0.316599 17.654785 1.068677
v -0.317723 17.647259 1.069034
v -0.282914 17.647261 1.052609
v -0.265241 17.647259 1.007806
v -0.368170 17.643560 1.038319
v -0.404182 17.642469 1.059727
v -0.446282 17.642469 1.059892
v -0.490455 17.632441 1.049833
v -0.541301 17.574738 1.025181
v -0.593920 17.535000 0.991523
v -0.645108 17.517942 0.941285
v -0.684181 17.536243 0.909155
v -0.726253 17.556545 0.891805
v -0.791252 17.580017 0.868758
v -0.862513 17.603432 0.827124
v -0.928457 17.608192 0.770138
v -0.980763 17.546627 0.655663
v -1.018578 17.490120 0.522990
v -1.054313 17.452301 0.355997
v -1.056401 17.374065 0.338946
v -1.015141 17.252155 0.443019
v -0.965441 17.124075 0.525005
v -0.898922 16.983751 0.596636
v -0.827741 16.840199 0.654045
v -0.752299 16.716827 0.690359
v -0.409378 16.733034 1.086018
v -0.407700 16.742077 1.080399
v -0.398377 16.744781 1.085857
v -0.366718 16.742458 1.120856
v -0.313472 16.736237 1.158152
v -0.252690 16.738569 1.151607
v -0.186691 16.749268 1.158603
v -0.130185 16.766783 1.175884
v -0.068058 16.797001 1.195667
v 0.000000 16.853924 1.208689
v 0.000000 16.927189 1.208689
v -0.125662 16.989069 1.145775
v -0.124268 17.014050 1.013204
v 0.000000 17.032907 0.862323
v 0.131376 17.045107 0.690861
v 0.335006 17.045809 0.465395
v 0.425328 17.029058 0.460688
v 0.441248 16.997232 0.631015
v 0.450686 16.941666 0.458112
v 0.430125 16.835238 0.400943
v 0.426931 16.755569 0.399432
v 0.434459 16.657513 0.458589
v 0.410598 16.566612 0.612406
v 0.371932 16.534883 0.736598
v 0.335321 16.508881 0.751041
v 0.274283 16.504257 0.791900
v 0.113742 16.508099 1.015529
v 0.120542 16.520561 1.089852
v 0.184560 16.563023 1.096731
v 0.134738 16.632660 1.144371
v 0.068137 16.690147 1.173283
v 0.000000 16.722677 1.189264
v -0.067876 16.743382 1.204356
v -0.139216 16.746298 1.233350
v -0.206875 16.729599 1.247454
v -0.265900 16.717321 1.207442
v -0.323339 16.720633 1.158439
v -0.372554 16.734520 1.107459
v -0.414492 16.457066 0.991256
v -0.347486 16.365139 1.014498
v -0.280018 16.294735 1.059148
v -0.206617 16.252789 1.093632
v -0.134023 16.235374 1.124067
v -0.720361 16.626291 0.643164
v -0.730746 16.562670 0.519482
v -0.734839 16.520498 0.387518
v -0.720806 16.509775 0.275507
v -0.704556 16.530199 0.163728
v -0.694560 16.550690 0.048077
v -0.622833 16.503124 -0.113889
v -0.581363 16.382370 -0.140055
v -0.580226 16.274853 -0.143815
v -0.550789 16.132658 -0.032142
v -0.500073 15.980527 0.048442
v -0.446096 15.810069 0.115340
v -0.380145 15.639955 0.186378
v -0.298999 15.466381 0.273222
v -0.178334 15.337931 0.331039
v 0.106291 15.232873 0.375343
v 0.231453 15.272291 0.357207
v 0.375976 15.313070 0.326688
v 0.463220 15.436697 0.231259
v 0.524758 15.555370 0.161722
v 0.562620 15.720608 0.064667
v 0.591378 15.895558 -0.024857
v 0.599279 16.066902 -0.131526
v 0.599171 16.212376 -0.241066
v 0.572040 16.352596 -0.353641
v 0.498666 16.468365 -0.448053
v 0.409913 16.561930 -0.546431
v 0.299160 16.671000 -0.651149
v 0.168601 16.783895 -0.701738
v 0.000000 16.919256 -0.774823
v -0.196107 17.058283 -0.848175
v -0.406253 17.214731 -0.924759
v -0.648467 17.369320 -0.907248
v -0.668492 17.545744 -0.963930
v -0.681349 17.709227 -0.984176
v -0.473624 17.866777 -1.108409
v -0.211007 18.011858 -1.150832
v 0.000000 18.148806 -1.150141
v 0.213161 18.272169 -1.105107
v 0.445783 18.384613 -0.999296
v 0.430315 18.504030 -0.934902
v 0.405512 18.626392 -0.836081
v 0.540925 18.710852 -0.625404
v 0.618764 18.787643 -0.386998
v 0.626242 18.839558 -0.114355
v 0.570201 18.882305 0.148840
v 0.547879 18.893139 -0.010121
v 0.453066 18.921186 -0.088766
v 0.400208 18.911413 -0.275443
v 0.318985 18.867970 -0.486855
v 0.159038 18.877922 -0.535538
v 0.000000 18.884087 -0.550168
v -0.157066 18.933552 -0.366200
v -0.259032 18.964970 -0.120509
v -0.390339 18.948071 0.072537
v -0.389926 18.935507 0.255610
v -0.321834 18.950125 0.284666
v -0.240163 18.931955 0.484927
v -0.232114 18.837776 0.686334
v -0.205906 18.699675 0.909983
v -0.263050 18.539997 1.016641
v -0.363379 18.340096 1.053119
v -0.484510 18.206484 1.080213
v -0.597668 18.070192 1.097732
v -0.692863 18.009054 1.074990
v -0.687835 17.952459 1.080188
v -0.668481 17.909695 1.060792
v -0.558994 17.890266 1.049195
v -0.451327 17.879259 1.026658
v -0.375703 17.864319 1.020757
v -0.335557 17.825153 1.026329
v -0.306906 17.753988 1.045362
v -0.361026 17.709255 1.064925
v -0.362275 17.655565 1.076573
v -0.362771 17.646578 1.077554
v -0.318706 17.647259 1.063830
v -0.297078 17.647263 1.022118
v -0.400935 17.643559 1.037135
v -0.445290 17.642469 1.054524
v -0.490040 17.642469 1.049911
v -0.536086 17.633137 1.034217
v -0.583041 17.584064 1.004701
v -0.631880 17.556583 0.961628
v -0.670295 17.549492 0.920599
v -0.697504 17.575157 0.894116
v -0.732357 17.603394 0.877111
v -0.796400 17.615776 0.854499
v -0.860077 17.661655 0.818233
v -0.927701 17.678076 0.763686
v -0.982523 17.620758 0.653158
v -1.019560 17.564478 0.518805
v -1.052504 17.521208 0.368879
v -1.089216 17.489794 0.212251
v -1.090002 17.409306 0.204157
v -1.051503 17.286877 0.311671
v -1.005958 17.159113 0.405185
v -0.945324 17.023157 0.484289
v -0.880814 16.877157 0.548757
v -0.800243 16.740686 0.605443
v -0.400774 16.739107 1.083482
v -0.400668 16.742500 1.074641
v -0.390406 16.742086 1.080302
v -0.356531 16.737431 1.103798
v -0.299779 16.736835 1.103675
v -0.244132 16.748344 1.119761
v -0.187221 16.765713 1.150387
v -0.130185 16.796326 1.176442
v -0.067858 16.854628 1.200126
v -0.063982 16.926966 1.201520
v -0.289171 16.986872 1.050006
v -0.296788 17.007713 0.952425
v -0.126855 17.032614 0.849059
v 0.000000 17.045418 0.697196
v 0.136478 17.059233 0.469462
v 0.293430 17.030096 0.408710
v 0.400484 17.011755 0.407554
v 0.449967 17.008045 0.456741
v 0.432698 16.947273 0.402361
v 0.300793 16.786819 0.254261
v 0.302232 16.696136 0.252845
v 0.421725 16.654747 0.401388
v 0.417017 16.570532 0.461200
v 0.384686 16.531139 0.625508
v 0.356759 16.509155 0.638897
v 0.283017 16.511024 0.657212
v 0.130792 16.502903 0.851475
v 0.000000 16.507744 1.025381
v 0.000000 16.520863 1.123552
v 0.066857 16.559010 1.148757
v 0.132729 16.559452 1.125676
v 0.066548 16.632217 1.163271
v 0.000000 16.690903 1.183689
v -0.068137 16.722198 1.178858
v -0.135978 16.743145 1.184777
v -0.202738 16.746754 1.196650
v -0.266415 16.735207 1.193593
v -0.323213 16.731346 1.149533
v -0.370263 16.739780 1.102314
v -0.767110 16.648420 0.560994
v -0.785000 16.597540 0.428484
v -0.782811 16.569290 0.301912
v -0.775173 16.575691 0.195333
v -0.767029 16.609259 0.090639
v -0.763149 16.657276 -0.046931
v -0.625999 16.540396 -0.235980
v -0.590834 16.425863 -0.248321
v -0.592543 16.317696 -0.250888
v -0.584558 16.172247 -0.136702
v -0.560792 16.020092 -0.030019
v -0.528013 15.849010 0.051342
v -0.475916 15.677174 0.128191
v -0.421445 15.506908 0.220134
v -0.344002 15.382250 0.290458
v -0.231453 15.272291 0.357207
v -0.106291 15.232873 0.375343
v 0.000000 15.211428 0.390284
v 0.124798 15.151022 0.418075
v 0.251201 15.189012 0.404650
v 0.408948 15.241119 0.370858
v 0.512523 15.371857 0.273301
v 0.575649 15.481558 0.179883
v 0.616821 15.612301 0.096677
v 0.632036 15.772829 -0.009371
v 0.631164 15.951546 -0.119037
v 0.615110 16.116404 -0.236752
v 0.585675 16.254169 -0.346701
v 0.508636 16.375153 -0.457844
v 0.406942 16.472103 -0.553828
v 0.281016 16.557802 -0.630705
v 0.163214 16.671263 -0.672741
v 0.000000 16.785336 -0.711142
v -0.180823 16.917517 -0.765282
v -0.369800 17.059647 -0.819219
v -0.618014 17.215981 -0.835011
v -0.849528 17.367081 -0.726505
v -0.867976 17.554825 -0.770243
v -0.875588 17.712805 -0.791180
v -0.683083 17.864319 -0.992180
v -0.470826 18.008381 -1.096756
v -0.211836 18.147160 -1.132276
v 0.000000 18.276045 -1.126300
v 0.209750 18.391350 -1.057068
v 0.201840 18.509829 -1.000333
v 0.194930 18.632801 -0.895751
v 0.382011 18.720024 -0.741564
v 0.490542 18.797518 -0.518035
v 0.574515 18.845722 -0.292606
v 0.514026 18.890955 -0.185466
v 0.437940 18.860355 -0.415739
v 0.353069 18.804548 -0.610061
v 0.166250 18.808884 -0.692507
v 0.000000 18.808310 -0.708873
v -0.159038 18.877922 -0.535538
v -0.293101 18.925453 -0.332423
v -0.393438 18.936245 -0.100012
v -0.463284 18.924980 0.035978
v -0.467863 18.914318 0.215174
v -0.387404 18.904890 0.436782
v -0.312731 18.920286 0.466159
v -0.304272 18.834621 0.671900
v -0.289216 18.699804 0.885952
v -0.377643 18.535397 0.991682
v -0.488758 18.341774 1.026493
v -0.598434 18.207541 1.045892
v -0.693693 18.069948 1.053019
v -0.783194 18.002998 1.014740
v -0.774833 17.944172 1.025638
v -0.738840 17.895903 1.012154
v -0.636161 17.880686 1.028899
v -0.524732 17.873640 1.011685
v -0.444713 17.869598 1.009188
v -0.382097 17.840540 1.022937
v -0.350474 17.771139 1.046243
v -0.403296 17.715059 1.064488
v -0.404796 17.657171 1.078808
v -0.405027 17.646168 1.079664
v -0.362930 17.646580 1.072350
v -0.326039 17.647259 1.033665
v -0.439403 17.643560 1.031580
v -0.486857 17.642469 1.045089
v -0.536513 17.642742 1.034139
v -0.577609 17.634380 1.013199
v -0.623084 17.596184 0.978050
v -0.658687 17.576019 0.937274
v -0.688599 17.584690 0.903748
v -0.706668 17.622406 0.882895
v -0.734012 17.628868 0.871311
v -0.797456 17.651585 0.850291
v -0.855768 17.716263 0.827032
v -0.924020 17.743423 0.777697
v -0.980888 17.696489 0.658879
v -1.019621 17.638443 0.522695
v -1.050177 17.587030 0.379705
v -1.089216 17.553896 0.223881
v -1.125789 17.542683 0.064964
v -1.120778 17.452038 0.094349
v -1.084185 17.319296 0.198992
v -1.043947 17.197384 0.285519
v -0.988493 17.064823 0.373376
v -0.929371 16.921164 0.443786
v -0.854940 16.777449 0.505362
v -0.393600 16.742651 1.079449
v -0.394675 16.742262 1.066709
v -0.379416 16.740852 1.066166
v -0.337453 16.737928 1.054529
v -0.288343 16.747299 1.062913
v -0.243333 16.763689 1.115604
v -0.187221 16.795256 1.150945
v -0.129842 16.853220 1.180901
v -0.127550 16.926014 1.182295
v -0.185453 16.922291 1.152617
v -0.245114 16.919384 1.114532
v -0.360081 16.983414 0.954103
v -0.379536 16.996778 0.883307
v -0.315468 17.021942 0.802890
v -0.131376 17.045107 0.690861
v 0.000000 17.059814 0.469364
v 0.122224 17.039118 0.410597
v 0.215362 16.879070 0.257681
v 0.283265 16.849625 0.255797
v 0.283444 16.849770 0.256025
v 0.428361 16.996929 0.404343
v 0.167252 16.622627 0.082298
v 0.173739 16.586998 0.119208
v 0.302842 16.604164 0.252466
v 0.410044 16.566074 0.402005
v 0.404522 16.538757 0.460130
v 0.364850 16.515755 0.463380
v 0.292886 16.509027 0.465905
v 0.139582 16.509686 0.680919
v 0.000000 16.502907 0.861629
v -0.113742 16.508099 1.015529
v -0.120542 16.520561 1.089852
v 0.000000 16.562218 1.158048
v 0.000000 16.631767 1.173377
v -0.068137 16.690147 1.173283
v -0.136091 16.723635 1.155798
v -0.197445 16.743454 1.157424
v -0.261738 16.746458 1.148699
v -0.319587 16.741013 1.137388
v -0.367598 16.744076 1.095024
v -0.821997 16.679951 0.463784
v -0.835826 16.642820 0.338968
v -0.832349 16.627995 0.221452
v -0.828741 16.652611 0.125574
v -0.845604 16.714348 0.014949
v -0.722579 16.671764 -0.231233
v -0.585720 16.555958 -0.347641
v -0.564131 16.453800 -0.351035
v -0.572040 16.352596 -0.353641
v -0.599171 16.212376 -0.241066
v -0.599279 16.066902 -0.131526
v -0.591378 15.895558 -0.024857
v -0.562620 15.720608 0.064667
v -0.524758 15.555370 0.161722
v -0.463220 15.436697 0.231259
v -0.375976 15.313070 0.326688
v -0.251201 15.189012 0.404650
v -0.124798 15.151022 0.418075
v 0.000000 15.121889 0.439511
v 0.126439 15.053314 0.509390
v 0.256857 15.084862 0.507654
v 0.422288 15.134181 0.474099
v 0.560988 15.306807 0.325128
v 0.637143 15.425662 0.218733
v 0.671369 15.530625 0.117512
v 0.690106 15.676466 0.018748
v 0.675240 15.833641 -0.095290
v 0.648985 16.011404 -0.227900
v 0.605879 16.164894 -0.348103
v 0.521011 16.291304 -0.462192
v 0.422828 16.390896 -0.570007
v 0.278510 16.475073 -0.646088
v 0.151626 16.561092 -0.652450
v 0.000000 16.664673 -0.674056
v -0.168601 16.783895 -0.701738
v -0.340953 16.919147 -0.736243
v -0.576143 17.061203 -0.737196
v -0.799167 17.206419 -0.674087
v -0.993773 17.399929 -0.492678
v -1.023429 17.595768 -0.505016
v -1.012219 17.729580 -0.551913
v -0.870016 17.864334 -0.784193
v -0.683356 18.003340 -0.978367
v -0.466099 18.138319 -1.077904
v -0.213161 18.272169 -1.105107
v 0.000000 18.392548 -1.076683
v 0.000000 18.511614 -1.018505
v 0.000000 18.634281 -0.916119
v 0.182644 18.723892 -0.807357
v 0.000000 18.725248 -0.821948
v -0.166250 18.808884 -0.692507
v -0.318985 18.867970 -0.486855
v -0.400208 18.911413 -0.275443
v -0.453066 18.921186 -0.088766
v -0.547879 18.893139 -0.010121
v -0.570201 18.882305 0.148840
v -0.478114 18.880554 0.406010
v -0.388909 18.827332 0.642621
v -0.388332 18.692245 0.851478
v -0.489541 18.527365 0.957922
v -0.596470 18.342699 0.987342
v -0.693486 18.206400 0.999088
v -0.786132 18.062126 0.991222
v -0.842449 17.996178 0.958156
v -0.832766 17.931278 0.967395
v -0.790259 17.882364 0.968749
v -0.696801 17.860388 0.996582
v -0.597735 17.859240 0.992541
v -0.510785 17.865591 0.994829
v -0.444061 17.846783 1.011579
v -0.394779 17.781765 1.043478
v -0.448255 17.718246 1.058493
v -0.449841 17.657049 1.073599
v -0.449576 17.646168 1.074686
v -0.404035 17.646166 1.074293
v -0.367361 17.647261 1.039348
v -0.480533 17.643559 1.022851
v -0.532781 17.642742 1.029317
v -0.577648 17.643560 1.013190
v -0.615486 17.635365 0.985865
v -0.650638 17.605520 0.950800
v -0.682082 17.601044 0.914746
v -0.699783 17.624193 0.891919
v -0.705882 17.640852 0.881936
v -0.735531 17.645956 0.871464
v -0.795385 17.688448 0.858591
v -0.854573 17.767254 0.847994
v -0.919937 17.810658 0.804222
v -0.977647 17.768511 0.676765
v -1.018524 17.713055 0.531615
v -1.048967 17.657108 0.389540
v -1.086192 17.611124 0.236398
v -1.117954 17.585934 0.078727
v -1.158028 17.605501 0.005166
v -1.160497 17.461702 0.065332
v -1.110830 17.356625 0.103304
v -1.076599 17.234093 0.184622
v -1.029633 17.109081 0.262676
v -0.972033 16.967472 0.340461
v -0.904847 16.822971 0.406631
v -0.386331 16.745680 1.074112
v -0.387652 16.742113 1.052227
v -0.363507 16.739746 1.021630
v -0.316050 16.746353 1.020504
v -0.288399 16.762316 1.062821
v -0.243333 16.793232 1.111981
v -0.187798 16.849613 1.151481
v -0.243377 16.846756 1.113653
v -0.288003 16.914791 1.065179
v -0.326313 16.913979 1.026828
v -0.355343 16.916872 0.963292
v -0.376880 16.971466 0.912126
v -0.395788 16.981152 0.852841
v -0.398575 17.007786 0.764684
v -0.322483 17.034603 0.665088
v -0.136478 17.059233 0.469462
v 0.000000 17.040722 0.412964
v 0.086706 16.891199 0.260914
v 0.088954 16.655815 0.040217
v 0.140936 16.649122 0.057289
v 0.101008 16.606140 0.069524
v 0.124049 16.566278 0.115490
v 0.184774 16.560425 0.151145
v 0.283806 16.539318 0.254194
v 0.392716 16.532701 0.402308
v 0.342748 16.517109 0.394175
v 0.280982 16.511742 0.408699
v 0.145003 16.507633 0.467427
v 0.000000 16.509693 0.687555
v -0.130792 16.502903 0.851475
v -0.262196 16.513275 0.933395
v -0.257253 16.532986 0.986559
v -0.066857 16.559010 1.148757
v -0.066548 16.632217 1.163271
v -0.136091 16.690746 1.152453
v -0.196687 16.723387 1.124882
v -0.253223 16.742554 1.111049
v -0.309434 16.746723 1.094108
v -0.361464 16.746994 1.081049
v -0.872291 16.722984 0.369965
v -0.883189 16.698454 0.253510
v -0.881201 16.698835 0.151957
v -0.887701 16.748497 0.063546
v -0.918858 16.835953 -0.035498
v -0.867639 16.817186 -0.106411
v -0.818390 16.810551 -0.209786
v -0.648266 16.668510 -0.352934
v -0.510737 16.559383 -0.443814
v -0.498666 16.468365 -0.448053
v -0.508636 16.375153 -0.457844
v -0.585675 16.254169 -0.346701
v -0.615110 16.116404 -0.236752
v -0.631164 15.951546 -0.119037
v -0.632036 15.772829 -0.009371
v -0.616821 15.612301 0.096677
v -0.575649 15.481558 0.179883
v -0.512523 15.371857 0.273301
v -0.408948 15.241119 0.370858
v -0.256857 15.084862 0.507654
v -0.126439 15.053314 0.509390
v 0.000000 15.022043 0.508195
v 0.108101 14.933924 0.590256
v 0.255668 14.971018 0.590997
v 0.433826 15.011356 0.569085
v 0.599174 15.203018 0.426492
v 0.706573 15.367442 0.271990
v 0.743754 15.479779 0.159487
v 0.749052 15.590030 0.042363
v 0.732844 15.738153 -0.066408
v 0.694270 15.909187 -0.210374
v 0.636404 16.073128 -0.347596
v 0.546558 16.206932 -0.466434
v 0.433238 16.312679 -0.585905
v 0.292906 16.394636 -0.663072
v 0.155643 16.482693 -0.666367
v 0.000000 16.556852 -0.651104
v -0.163214 16.671263 -0.672741
v -0.313946 16.784674 -0.671710
v -0.529478 16.920887 -0.661654
v -0.742245 17.052944 -0.609810
v -0.932337 17.179863 -0.438549
v -1.048357 17.397465 -0.374634
v -1.075897 17.498026 -0.374651
v -1.109183 17.684622 -0.292740
v -1.097469 17.767157 -0.340260
v -0.997118 17.866362 -0.563067
v -0.859300 17.993107 -0.767824
v -0.674967 18.142569 -0.951544
v -0.451488 18.265501 -1.048199
v -0.209750 18.391350 -1.057068
v -0.201840 18.509829 -1.000333
v -0.194930 18.632801 -0.895751
v -0.182644 18.723892 -0.807357
v -0.353069 18.804548 -0.610061
v -0.437940 18.860355 -0.415739
v -0.514026 18.890955 -0.185466
v -0.626242 18.839558 -0.114355
v -0.663617 18.824116 0.072857
v -0.582581 18.849234 0.354832
v -0.484374 18.811480 0.600663
v -0.494483 18.677370 0.813994
v -0.593457 18.519819 0.914874
v -0.691952 18.339651 0.938038
v -0.788300 18.204361 0.937752
v -0.838928 18.054245 0.939100
v -0.875841 17.985874 0.906872
v -0.868308 17.911177 0.915627
v -0.830221 17.853138 0.923160
v -0.741593 17.841812 0.957386
v -0.651627 17.836481 0.969159
v -0.575717 17.845955 0.973931
v -0.499882 17.840534 0.999795
v -0.445421 17.788544 1.034495
v -0.493719 17.715559 1.049256
v -0.493251 17.656912 1.063518
v -0.493128 17.646162 1.064440
v -0.448088 17.646168 1.069482
v -0.400877 17.647259 1.038615
v -0.521671 17.643559 1.006064
v -0.573373 17.643560 1.008918
v -0.615439 17.643560 0.985849
v -0.643815 17.636517 0.961475
v -0.678584 17.618557 0.920959
v -0.697902 17.639057 0.895141
v -0.708095 17.646738 0.883471
v -0.736195 17.661678 0.875692
v -0.795820 17.725937 0.876531
v -0.846875 17.816830 0.879812
v -0.910168 17.877392 0.837489
v -0.971246 17.840363 0.701958
v -1.015443 17.788322 0.548266
v -1.045977 17.727993 0.400374
v -1.086058 17.674122 0.250546
v -1.116410 17.633507 0.093067
v -1.132891 17.619232 -0.035456
v -1.133607 17.575573 -0.016874
v -1.159087 17.627972 -0.048637
v -1.237322 17.708755 -0.087771
v -1.267256 17.674704 -0.053932
v -1.134357 17.379803 0.055449
v -1.100067 17.271435 0.099603
v -1.064536 17.149492 0.166444
v -1.012247 17.016714 0.237438
v -0.948138 16.872438 0.308214
v -0.377543 16.747375 1.062528
v -0.373602 16.741606 1.004690
v -0.348585 16.745338 0.981785
v -0.317026 16.759857 1.019760
v -0.289235 16.791861 1.062263
v -0.287663 16.843885 1.063378
v -0.321365 16.835985 1.022524
v -0.347230 16.829243 0.973593
v -0.375358 16.909599 0.913313
v -0.393630 16.914879 0.841606
v -0.420777 16.987446 0.755575
v -0.413090 17.016958 0.641392
v -0.335006 17.045809 0.465395
v -0.122224 17.039118 0.410597
v 0.000000 16.892145 0.261820
v 0.045088 16.655354 0.031711
v 0.046612 16.604019 0.062325
v 0.057763 16.558628 0.118450
v 0.152868 16.528202 0.182328
v 0.180335 16.543640 0.176361
v 0.194262 16.534979 0.256719
v 0.137261 16.510540 0.411032
v 0.000000 16.507641 0.468634
v -0.139582 16.509686 0.680919
v -0.274283 16.504257 0.791900
v -0.314598 16.522312 0.857838
v -0.307786 16.545927 0.916123
v -0.227253 16.567329 1.063197
v -0.184560 16.563023 1.096731
v -0.132729 16.559452 1.125676
v -0.134738 16.632660 1.144371
v -0.198080 16.691917 1.117893
v -0.255192 16.725254 1.086609
v -0.294946 16.742710 1.057595
v -0.347105 16.747437 1.038679
v -0.919238 16.776636 0.276014
v -0.927766 16.764294 0.173980
v -0.930447 16.787800 0.093572
v -0.934168 16.840120 0.036831
v -0.926534 16.830784 0.005367
v -0.919811 16.824465 -0.021696
v -0.948717 16.886848 -0.097406
v -0.927169 16.922043 -0.185937
v -0.879710 16.922295 -0.259063
v -0.739840 16.800146 -0.374436
v -0.551733 16.663181 -0.465779
v -0.409913 16.561930 -0.546431
v -0.406942 16.472103 -0.553828
v -0.422828 16.390896 -0.570007
v -0.521011 16.291304 -0.462192
v -0.605879 16.164894 -0.348103
v -0.648985 16.011404 -0.227900
v -0.675240 15.833641 -0.095290
v -0.690106 15.676466 0.018748
v -0.671369 15.530625 0.117512
v -0.637143 15.425662 0.218733
v -0.560988 15.306807 0.325128
v -0.422288 15.134181 0.474099
v -0.255668 14.971018 0.590997
v -0.108101 14.933924 0.590256
v 0.000000 14.911507 0.585554
v 0.073223 14.731891 0.715806
v 0.230593 14.752209 0.726174
v 0.445254 14.819350 0.705122
v 0.628431 15.078709 0.522990
v 0.770529 15.274362 0.367688
v 0.838993 15.432169 0.206684
v 0.832928 15.541183 0.084851
v 0.802765 15.661451 -0.042106
v 0.756176 15.824080 -0.190385
v 0.679142 16.004408 -0.343641
v 0.585154 16.122229 -0.475749
v 0.451625 16.246681 -0.602636
v 0.306716 16.310909 -0.690902
v 0.157351 16.397354 -0.689937
v 0.000000 16.486147 -0.654839
v -0.151626 16.561092 -0.652450
v -0.299160 16.671000 -0.651149
v -0.475218 16.787830 -0.600967
v -0.685959 16.920547 -0.549438
v -0.875075 17.042933 -0.401051
v -0.988116 17.157400 -0.344137
v -1.087067 17.398550 -0.344884
v -1.104707 17.478020 -0.297528
v -1.118074 17.628641 -0.272157
v -1.121327 17.702442 -0.160030
v -1.116789 17.781408 -0.164264
v -1.078929 17.866268 -0.357323
v -0.984191 17.987835 -0.556587
v -0.848190 18.133169 -0.737882
v -0.657338 18.259220 -0.914898
v -0.445783 18.384613 -0.999296
v -0.430315 18.504030 -0.934902
v -0.405512 18.626392 -0.836081
v -0.382011 18.720024 -0.741564
v -0.490542 18.797518 -0.518035
v -0.574515 18.845722 -0.292606
v -0.694859 18.772997 -0.204984
v -0.737282 18.755581 -0.017100
v -0.681057 18.795998 0.276385
v -0.584675 18.781452 0.555336
v -0.587693 18.658312 0.775933
v -0.689580 18.499296 0.851118
v -0.787461 18.335548 0.867111
v -0.838764 18.192774 0.867252
v -0.878068 18.036564 0.884274
v -0.917266 17.962811 0.827837
v -0.768394 17.812431 0.928857
v -0.680095 17.807142 0.946068
v -0.622524 17.822384 0.955017
v -0.560020 17.824148 0.980127
v -0.496345 17.783869 1.024612
v -0.541460 17.708563 1.030493
v -0.539660 17.656351 1.045814
v -0.539562 17.646427 1.046511
v -0.491311 17.646160 1.059401
v -0.441600 17.647257 1.032918
v -0.560095 17.643559 0.987992
v -0.611710 17.643560 0.982122
v -0.643664 17.643560 0.961503
v -0.675728 17.638630 0.926039
v -0.696718 17.643240 0.895359
v -0.704666 17.645588 0.884500
v -0.705316 17.646639 0.884196
v -0.706709 17.651083 0.881872
v -0.734430 17.687199 0.884341
v -0.786525 17.772190 0.903391
v -0.963144 17.902792 0.718461
v -1.009456 17.866095 0.571566
v -1.041520 17.803810 0.414680
v -1.079269 17.745365 0.260764
v -1.109716 17.690033 0.107582
v -1.128835 17.656824 -0.029160
v -1.134273 17.616974 -0.142990
v -1.139178 17.593481 -0.119031
v -1.159171 17.637094 -0.106264
v -1.202881 17.700235 -0.112992
v -1.299252 17.769913 -0.271206
v -1.350474 17.728216 -0.231774
v -1.283279 17.580200 -0.072049
v -1.210356 17.451769 0.018096
v -1.153855 17.393467 0.010311
v -1.126188 17.308243 0.045390
v -1.084381 17.179201 0.100275
v -1.045676 17.059164 0.153395
v -0.989401 16.928139 0.212370
v -0.364092 16.746500 1.020311
v -0.356021 16.742180 0.962122
v -0.339613 16.758663 0.982356
v -0.320649 16.788845 1.017809
v -0.328185 16.788208 0.992390
v -0.375411 16.826885 0.913991
v -0.395199 16.823929 0.832325
v -0.424314 16.922480 0.738532
v -0.441248 16.997232 0.631015
v -0.425328 17.029058 0.460688
v -0.293430 17.030096 0.408710
v -0.086706 16.891199 0.260914
v 0.000000 16.656021 0.031591
v 0.000000 16.602589 0.061163
v 0.000000 16.555145 0.118187
v 0.081077 16.518471 0.184187
v 0.093506 16.534082 0.259498
v 0.000000 16.510544 0.412075
v -0.145003 16.507633 0.467427
v -0.283017 16.511024 0.657212
v -0.335321 16.508881 0.751041
v -0.343189 16.541071 0.837927
v -0.329217 16.554310 0.889966
v -0.315133 16.580273 0.945176
v -0.293385 16.575382 0.976004
v -0.263145 16.569448 1.021089
v -0.239374 16.636482 1.077479
v -0.199273 16.635181 1.109852
v -0.248224 16.694345 1.085207
v -0.290063 16.726597 1.053838
v -0.329465 16.743294 1.007538
v -0.963151 16.842415 0.189051
v -0.965322 16.829571 0.110392
v -0.955880 16.859354 0.065028
v -0.964843 16.771097 0.018862
v -0.951724 16.772369 -0.004709
v -0.945963 16.772943 -0.014784
v -0.933437 16.799120 -0.037410
v -0.973168 16.843279 -0.094864
v -1.002600 16.971601 -0.205396
v -0.981931 17.013540 -0.252583
v -0.936896 17.034384 -0.310993
v -0.817688 16.926418 -0.379640
v -0.619062 16.790077 -0.500225
v -0.436689 16.669111 -0.564703
v -0.281016 16.557802 -0.630705
v -0.278510 16.475073 -0.646088
v -0.292906 16.394636 -0.663072
v -0.433238 16.312679 -0.585905
v -0.546558 16.206932 -0.466434
v -0.636404 16.073128 -0.347596
v -0.694270 15.909187 -0.210374
v -0.732844 15.738153 -0.066408
v -0.749052 15.590030 0.042363
v -0.743754 15.479779 0.159487
v -0.706573 15.367442 0.271990
v -0.599174 15.203018 0.426492
v -0.433826 15.011356 0.569085
v -0.230593 14.752209 0.726174
v -0.073223 14.731891 0.715806
v 0.000000 14.727264 0.705312
v 0.063465 14.508364 0.845979
v 0.213873 14.516975 0.869868
v 0.468509 14.576089 0.854675
v 0.649252 14.917985 0.630858
v 0.822161 15.162868 0.454666
v 0.929878 15.353876 0.287951
v 0.950902 15.507162 0.122092
v 0.894825 15.609802 -0.007359
v 0.840506 15.746338 -0.160830
v 0.747625 15.944593 -0.318094
v 0.630933 16.075211 -0.468993
v 0.486718 16.180044 -0.621686
v 0.325203 16.221691 -0.726307
v 0.161718 16.300419 -0.731466
v 0.000000 16.394571 -0.676030
v -0.155643 16.482693 -0.666367
v -1.037270 17.168049 -0.298175
v -1.060924 17.277536 -0.320363
v -1.124814 17.397610 -0.380328
v -1.139287 17.495815 -0.326729
v -1.120806 17.551294 -0.253508
v -1.128300 17.655531 -0.154762
v -1.121321 17.702003 -0.021632
v -1.111667 17.771820 -0.009179
v -1.107307 17.865959 -0.166209
v -1.061537 17.976902 -0.349570
v -0.961666 18.118622 -0.531890
v -0.830743 18.257904 -0.705153
v -0.639629 18.380239 -0.862007
v -0.621161 18.496674 -0.802914
v -0.588496 18.616119 -0.720969
v -0.540925 18.710852 -0.625404
v -0.618764 18.787643 -0.386998
v -0.754133 18.691055 -0.286962
v -0.805837 18.673592 -0.099981
v -0.773779 18.728397 0.203081
v -0.694145 18.733824 0.491304
v -0.688518 18.628561 0.704108
v -0.785560 18.458363 0.748067
v -0.844372 18.319250 0.775060
v -0.887137 18.169380 0.795005
v -0.917682 18.017271 0.809933
v -0.954789 17.970230 0.723128
v -0.706737 17.774897 0.924573
v -0.653227 17.791384 0.933868
v -0.605940 17.798769 0.960965
v -0.548054 17.768887 1.008550
v -0.585742 17.698858 1.007730
v -0.582163 17.655239 1.021033
v -0.582386 17.647263 1.021909
v -0.537251 17.646425 1.041636
v -0.481743 17.647251 1.026178
v -0.595525 17.643560 0.962724
v -0.640481 17.643560 0.957777
v -0.675190 17.643463 0.926137
v -0.693493 17.643240 0.893179
v -0.701280 17.645561 0.883039
v -0.702077 17.646601 0.882713
v -0.704895 17.647434 0.884455
v -0.707607 17.671099 0.886643
v -0.723694 17.736229 0.903943
v -1.000558 17.934038 0.590769
v -1.036252 17.886209 0.436052
v -1.070894 17.820919 0.280463
v -1.097483 17.760670 0.125950
v -1.137607 17.556906 -0.238023
v -1.173129 17.610672 -0.243006
v -1.184712 17.695677 -0.129631
v -1.255291 17.747658 -0.269378
v -1.306853 17.724096 -0.342930
v -1.364906 17.703785 -0.295393
v -1.346876 17.655884 -0.223515
v -1.253005 17.530479 -0.093211
v -1.175988 17.420685 -0.031880
v -1.136932 17.385719 -0.019887
v -1.142058 17.344933 -0.006963
v -1.139251 17.202744 0.050769
v -1.064957 17.079830 0.100974
v -1.025522 16.980244 0.137502
v -0.348415 16.743208 0.981749
v -0.356280 16.741804 0.961531
v -0.360129 16.741577 0.950014
v -0.364664 16.743017 0.932171
v -0.367796 16.743103 0.910710
v -0.392028 16.748178 0.827631
v -0.427285 16.828785 0.732317
v -0.441572 16.929653 0.627297
v -0.449967 17.008045 0.456741
v -0.400484 17.011755 0.407554
v -0.215362 16.879070 0.257681
v -0.045088 16.655354 0.031711
v -0.046612 16.604019 0.062325
v -0.057763 16.558628 0.118450
v 0.000000 16.519642 0.179064
v 0.000000 16.534084 0.260276
v -0.137261 16.510540 0.411032
v -0.292886 16.509027 0.465905
v -0.356759 16.509155 0.638897
v -0.371932 16.534883 0.736598
v -0.358401 16.583439 0.829448
v -0.328330 16.588804 0.906501
v -0.328690 16.652164 0.960413
v -0.309916 16.647943 0.991317
v -0.278235 16.640453 1.033163
v -0.285604 16.692390 1.043244
v -0.321680 16.729845 1.006571
v -0.999969 16.910099 0.123628
v -0.987837 16.894197 0.073853
v -1.010190 16.778164 0.053849
v -1.033560 16.755499 -0.086121
v -1.009094 16.770899 -0.093047
v -0.997046 16.778484 -0.096458
v -1.021692 16.940670 -0.194560
v -1.064347 17.155428 -0.322607
v -0.157351 16.397354 -0.689937
v -0.306716 16.310909 -0.690902
v -0.451625 16.246681 -0.602636
v -0.585154 16.122229 -0.475749
v -0.679142 16.004408 -0.343641
v -0.756176 15.824080 -0.190385
v -0.802765 15.661451 -0.042106
v -0.832928 15.541183 0.084851
v -0.838993 15.432169 0.206684
v -0.770529 15.274362 0.367688
v -0.628431 15.078709 0.522990
v -0.445254 14.819350 0.705122
v -0.213873 14.516975 0.869868
v -0.063465 14.508364 0.845979
v 0.000000 14.492559 0.843529
v 0.075207 14.273323 0.959240
v 0.234996 14.280874 0.984809
v 0.488499 14.311394 0.990637
v 0.707416 14.661483 0.796242
v 0.856968 15.028983 0.542989
v 1.004055 15.259958 0.363631
v 1.064974 15.449375 0.187774
v 1.019429 15.581232 0.032274
v 0.929282 15.695605 -0.134706
v 0.823488 15.907815 -0.296430
v 0.701851 16.032618 -0.452613
v 0.523040 16.131226 -0.637442
v 0.348766 16.131054 -0.762152
v 0.171662 16.206997 -0.776202
v 0.000000 16.286442 -0.715947
v -1.090746 17.259214 -0.366510
v -1.169394 17.405918 -0.431821
v -1.181891 17.547554 -0.338817
v -1.103695 17.855240 0.004453
v -1.090328 17.963249 -0.152009
v -1.034485 18.095703 -0.334433
v -0.938925 18.241226 -0.502154
v -0.800898 18.371305 -0.670843
v -0.766162 18.492901 -0.618105
v -0.721219 18.604715 -0.554106
v -0.675549 18.698807 -0.472672
v -0.817501 18.594124 -0.354762
v -0.870150 18.579456 -0.169350
v -0.847872 18.646769 0.131608
v -0.788144 18.665133 0.417164
v -0.791525 18.574518 0.616246
v -0.851373 18.424692 0.675916
v -0.898860 18.288704 0.687310
v -0.929366 18.127758 0.725191
v -0.945744 18.030449 0.727520
v -0.982942 18.006197 0.609180
v -0.679579 17.756582 0.916783
v -0.639018 17.771507 0.940624
v -0.592819 17.751867 0.987025
v -0.621574 17.689741 0.982652
v -0.619324 17.654371 0.992917
v -0.619160 17.647255 0.993898
v -0.579747 17.647263 1.017366
v -0.522694 17.647245 1.008700
v -0.621220 17.643560 0.937492
v -0.672007 17.643463 0.922410
v -0.669002 17.643242 0.875980
v -0.673102 17.645384 0.869210
v -0.674694 17.646469 0.869146
v -0.701506 17.647377 0.882967
v -0.698426 17.647690 0.895200
v -0.699145 17.652296 0.894921
v -0.696224 17.665796 0.899782
v -0.698551 17.718317 0.901460
v -1.026581 17.970570 0.461019
v -1.063784 17.904961 0.301818
v -1.090693 17.840633 0.143024
v -1.223779 17.728666 -0.267095
v -1.263142 17.707010 -0.335542
v -1.300922 17.471535 -0.566058
v -1.381110 17.460697 -0.541851
v -1.358749 17.642553 -0.272374
v -1.316895 17.603233 -0.232880
v -1.214936 17.560772 -0.120570
v -1.165904 17.469044 -0.065677
v -1.129359 17.426582 -0.065563
v -1.109646 17.366096 -0.056254
v -1.116488 17.341734 -0.033817
v -1.156021 17.256453 -0.015531
v -1.080607 17.114952 0.043704
v -1.047752 17.016298 0.093156
v -0.342999 16.729889 0.974876
v -0.336867 16.703691 0.973203
v -0.345895 16.657972 0.908907
v -0.375335 16.660183 0.827966
v -0.417017 16.747162 0.725825
v -0.443233 16.833931 0.620101
v -0.450686 16.941666 0.458112
v -0.428361 16.996929 0.404343
v -0.283444 16.849770 0.256025
v -0.283265 16.849625 0.255797
v -0.088954 16.655815 0.040217
v -0.101008 16.606140 0.069524
v -0.124049 16.566278 0.115490
v -0.081077 16.518471 0.184187
v -0.093506 16.534082 0.259498
v -0.280982 16.511742 0.408699
v -0.364850 16.515755 0.463380
v -0.384686 16.531139 0.625508
v -0.391010 16.570547 0.722963
v -0.315827 16.699463 1.000439
v -1.031436 16.962015 0.082272
v -1.052585 16.828709 0.072177
v -1.092198 16.768009 -0.050058
v -1.080102 16.883244 -0.208964
v -1.060812 16.891323 -0.207333
v -1.047679 16.896824 -0.206224
v -1.088129 17.129883 -0.366529
v -0.161718 16.300419 -0.731466
v -0.325203 16.221691 -0.726307
v -0.486718 16.180044 -0.621686
v -0.630933 16.075211 -0.468993
v -0.747625 15.944593 -0.318094
v -0.840506 15.746338 -0.160830
v -0.894825 15.609802 -0.007359
v -0.950902 15.507162 0.122092
v -0.929878 15.353876 0.287951
v -0.822161 15.162868 0.454666
v -0.649252 14.917985 0.630858
v -0.468509 14.576089 0.854675
v -0.234996 14.280874 0.984809
v -0.075207 14.273323 0.959240
v 0.000000 14.271983 0.945128
v 0.087705 13.961609 1.066974
v 0.273361 13.964144 1.108182
v 0.494725 13.984491 1.109850
v 0.744110 14.346051 0.950427
v 0.930515 14.765480 0.696826
v 1.051021 15.135796 0.441238
v 1.166668 15.374470 0.257829
v 1.163858 15.563540 0.073348
v 1.061710 15.675941 -0.116796
v 0.920466 15.858484 -0.276170
v 0.781006 16.001011 -0.421324
v 0.588819 16.076012 -0.635349
v 0.391306 16.069798 -0.780622
v 0.181961 16.113050 -0.819333
v 0.000000 16.200069 -0.764017
v -1.116240 17.239248 -0.410800
v -1.240388 17.473274 -0.542161
v -1.230142 17.693703 -0.330046
v -1.094127 17.946043 0.022697
v -1.067022 18.079948 -0.124001
v -1.000240 18.225040 -0.313930
v -0.907484 18.357658 -0.467764
v -0.865604 18.481127 -0.411667
v -0.921648 18.469170 -0.233981
v -0.900875 18.552917 0.058041
v -0.865830 18.588451 0.344896
v -0.867873 18.516489 0.527757
v -0.910020 18.374508 0.593453
v -0.945029 18.221615 0.617096
v -0.965081 18.084175 0.633860
v -1.003397 18.055885 0.496514
v -0.663453 17.736116 0.923065
v -0.627845 17.730944 0.963839
v -0.650671 17.678791 0.956776
v -0.647511 17.654541 0.965026
v -0.646814 17.647259 0.966640
v -0.616192 17.647257 0.990509
v -0.562561 17.647263 0.988856
v -0.649896 17.643463 0.904328
v -0.673478 17.647392 0.869148
v -0.694945 17.647272 0.893455
v -0.677737 17.647263 0.929088
v -0.677849 17.653782 0.927907
v -0.677860 17.667196 0.925253
v -0.683501 17.702988 0.910855
v -1.047189 18.009119 0.340933
v -1.081847 17.926600 0.169878
v -1.260667 17.472691 -0.550165
v -1.199347 17.194225 -0.531684
v -1.277331 17.183081 -0.521753
v -1.366734 17.440090 -0.443881
v -1.338885 17.608776 -0.287313
v -1.279597 17.615555 -0.249890
v -1.215474 17.552715 -0.161318
v -1.169324 17.477175 -0.100948
v -1.166197 17.447418 -0.170170
v -1.151668 17.377066 -0.187952
v -1.091217 17.307375 -0.072430
v -1.099796 17.278738 -0.042692
v -1.093695 17.135134 -0.012967
v -1.071133 17.055435 0.050376
v -0.409099 16.660862 0.718088
v -0.435828 16.748808 0.608844
v -0.446887 16.834654 0.457441
v -0.432698 16.947273 0.402361
v -0.430125 16.835238 0.400943
v -0.300793 16.786819 0.254261
v -0.140936 16.649122 0.057289
v -0.167252 16.622627 0.082298
v -0.173739 16.586998 0.119208
v -0.152868 16.528202 0.182328
v -0.194262 16.534979 0.256719
v -0.342748 16.517109 0.394175
v -0.404522 16.538757 0.460130
v -0.410598 16.566612 0.612406
v -1.058552 16.995726 0.044574
v -1.053245 16.948467 0.037617
v -1.110173 16.803192 -0.056792
v -1.122815 16.888220 -0.181494
v -1.150463 17.013466 -0.487025
v -1.125371 17.025455 -0.472884
v -1.112444 17.031628 -0.465598
v -0.171662 16.206997 -0.776202
v -0.348766 16.131054 -0.762152
v -0.523040 16.131226 -0.637442
v -0.701851 16.032618 -0.452613
v -0.823488 15.907815 -0.296430
v -0.929282 15.695605 -0.134706
v -1.019429 15.581232 0.032274
v -1.064974 15.449375 0.187774
v -1.004055 15.259958 0.363631
v -0.856968 15.028983 0.542989
v -0.707416 14.661483 0.796242
v -0.488499 14.311394 0.990637
v -0.273361 13.964144 1.108182
v -0.087705 13.961609 1.066974
v 0.000000 13.965120 1.054147
v 0.135938 13.655664 1.124451
v 0.314799 13.652573 1.154163
v 0.521900 13.682728 1.132091
v 0.752282 14.022655 1.065665
v 1.003387 14.416430 0.867171
v 1.139709 14.881388 0.577303
v 1.239292 15.249475 0.336044
v 1.284135 15.486851 0.165109
v 1.209958 15.703442 -0.059891
v 1.063639 15.783087 -0.251228
v 0.890778 15.966171 -0.403910
v 0.669911 16.033085 -0.623528
v 0.450204 16.002218 -0.804305
v 0.197523 15.971448 -0.879861
v 0.000000 16.095871 -0.813642
v -1.158920 17.215727 -0.516982
v -1.075690 18.061176 0.048370
v -1.031269 18.209152 -0.085909
v -0.962521 18.345955 -0.278701
v -0.953059 18.445663 -0.000508
v -0.920979 18.506025 0.276896
v -0.918928 18.453457 0.446825
v -0.956214 18.299755 0.517072
v -0.978249 18.134800 0.543680
v -1.022397 18.101881 0.387537
v -0.656120 17.710701 0.940443
v -0.643845 17.647259 0.963412
v -0.594583 17.647255 0.965709
v -0.668250 17.647272 0.879399
v -0.674437 17.647261 0.926519
v -0.679872 17.682751 0.918935
v -1.066947 18.040277 0.201565
v -1.174282 17.207556 -0.522567
v -1.223804 16.997496 -0.464419
v -1.284909 17.188211 -0.473332
v -1.345223 17.428856 -0.419582
v -1.298998 17.598318 -0.321846
v -1.269463 17.587616 -0.241526
v -1.228239 17.524982 -0.188997
v -1.176501 17.483725 -0.161231
v -1.243331 17.479620 -0.215444
v -1.237004 17.397812 -0.237560
v -1.139382 17.306570 -0.207063
v -1.077669 17.234859 -0.075627
v -1.081356 17.135038 -0.054113
v -1.084378 17.072090 -0.007696
v -0.429303 16.660351 0.601452
v -0.444986 16.753361 0.458870
v -0.426931 16.755569 0.399432
v -0.302232 16.696136 0.252845
v -0.184774 16.560425 0.151145
v -0.180335 16.543640 0.176361
v -0.283806 16.539318 0.254194
v -0.392716 16.532701 0.402308
v -0.417017 16.570532 0.461200
v -1.057181 17.013762 -0.012454
v -1.071108 16.968483 -0.040069
v -1.087775 16.886244 -0.047145
v -1.148493 16.909945 -0.171583
v -0.181961 16.113050 -0.819333
v -0.391306 16.069798 -0.780622
v -0.588819 16.076012 -0.635349
v -0.781006 16.001011 -0.421324
v -0.920466 15.858484 -0.276170
v -1.061710 15.675941 -0.116796
v -1.163858 15.563540 0.073348
v -1.166668 15.374470 0.257829
v -1.051021 15.135796 0.441238
v -0.930515 14.765480 0.696826
v -0.744110 14.346051 0.950427
v -0.494725 13.984491 1.109850
v -0.314799 13.652573 1.154163
v -0.135938 13.655664 1.124451
v 0.000000 13.670410 1.105526
v 0.155056 13.474611 1.116967
v 0.361141 13.458475 1.106438
v 0.564384 13.469038 1.061216
v 0.764739 13.725249 1.083131
v 1.010510 14.084316 0.972853
v 1.230587 14.529920 0.744199
v 1.339827 15.005675 0.449366
v 1.346057 15.322953 0.281164
v 1.307062 15.716383 -0.032298
v 1.218088 15.801367 -0.222203
v 1.026834 15.927212 -0.392926
v 0.794125 15.987088 -0.615384
v 0.542876 15.938871 -0.819252
v 0.239505 15.815764 -0.940972
v 0.000000 15.949147 -0.894246
v -1.046846 18.180380 0.098577
v -0.999122 18.319351 -0.057084
v -0.972251 18.407757 0.209363
v -0.971883 18.369253 0.374967
v -0.991903 18.193615 0.440815
v -1.042102 18.152872 0.242435
v -0.620721 17.647259 0.940337
v -0.649172 17.647263 0.907218
v -1.234429 16.999180 -0.423716
v -1.275600 17.209410 -0.433830
v -1.271799 17.431009 -0.424783
v -1.271701 17.553560 -0.325377
v -1.264580 17.555500 -0.244971
v -1.274151 17.509323 -0.295884
v -1.274748 17.384449 -0.351122
v -1.209445 17.304930 -0.242772
v -1.129028 17.242346 -0.167160
v -1.087708 17.157463 -0.094092
v -1.063076 17.069311 -0.042352
v -0.434459 16.657513 0.458589
v -0.421725 16.654747 0.401388
v -0.302842 16.604164 0.252466
v -0.410044 16.566074 0.402005
v -1.059252 17.042805 -0.051594
v -1.055085 17.016796 -0.064545
v -1.086655 16.956146 -0.069142
v -1.168953 16.972393 -0.163584
v -0.197523 15.971448 -0.879861
v -0.450204 16.002218 -0.804305
v -0.669911 16.033085 -0.623528
v -0.890778 15.966171 -0.403910
v -1.063639 15.783087 -0.251228
v -1.209958 15.703442 -0.059891
v -1.284135 15.486851 0.165109
v -1.239292 15.249475 0.336044
v -1.139709 14.881388 0.577303
v -1.003386 14.416429 0.867167
v -0.752282 14.022655 1.065665
v -0.521900 13.682728 1.132091
v -0.361141 13.458475 1.106438
v -0.155056 13.474611 1.116967
v 0.000000 13.472967 1.119037
v 0.177966 13.226501 1.111497
v 0.362236 13.233775 1.096917
v 0.568375 13.234026 1.049013
v 0.768580 13.501402 0.997552
v 0.998732 13.781448 0.993504
v 1.240263 14.168510 0.823837
v 1.431730 14.670683 0.597205
v 1.479853 15.096305 0.361920
v 1.528285 15.384386 0.238488
v 1.419612 15.546289 0.128305
v 1.429021 15.727444 -0.016420
v 1.374549 15.828446 -0.201772
v 1.192521 15.892260 -0.396979
v 0.957089 15.928952 -0.599880
v 0.680006 15.891582 -0.804756
v 0.303636 15.687447 -1.005191
v 0.000000 15.807882 -0.948010
v -1.012472 18.287294 0.148648
v -1.009705 18.259096 0.298122
v -1.228540 17.044762 -0.391006
v -1.240173 17.228844 -0.429981
v -1.218550 17.437757 -0.423927
v -1.266043 17.260563 -0.343945
v -1.175606 17.204485 -0.231766
v -1.115521 17.182791 -0.136886
v -1.087644 17.106991 -0.099184
v -1.078656 17.060478 -0.108532
v -1.079606 17.008572 -0.093908
v -1.148069 17.004456 -0.171608
v -0.239505 15.815764 -0.940972
v -0.542876 15.938871 -0.819252
v -0.794125 15.987088 -0.615384
v -1.026834 15.927212 -0.392926
v -1.218088 15.801367 -0.222203
v -1.307062 15.716383 -0.032298
v -1.346057 15.322953 0.281164
v -1.339827 15.005675 0.449366
v -1.230588 14.529925 0.744217
v -1.010510 14.084316 0.972853
v -0.764739 13.725249 1.083131
v -0.564384 13.469038 1.061216
v -0.362236 13.233775 1.096917
v -0.177966 13.226501 1.111497
v 0.000000 13.229095 1.112585
v 0.176164 12.899291 1.065210
v 0.335360 12.898205 1.046494
v 0.551310 12.891600 1.006376
v 0.777043 13.263508 0.979423
v 0.989280 13.562989 0.900864
v 1.223425 13.872950 0.806144
v 1.433754 14.280432 0.641082
v 1.583264 14.791466 0.473433
v 1.601227 15.193325 0.305690
v 1.746398 15.446831 0.196786
v 1.679615 15.615956 0.117934
v 1.676413 15.760271 -0.041521
v 1.510539 15.846584 -0.196788
v 1.433606 15.842438 -0.376577
v 1.156726 15.881171 -0.582928
v 0.883241 15.834662 -0.784667
v 0.533779 15.655123 -0.998237
v 0.000000 15.682980 -1.011253
v -1.204163 17.048929 -0.376658
v -1.232949 17.249302 -0.394724
v -1.226399 17.127165 -0.301937
v -1.134789 17.145517 -0.165543
v -1.170024 17.093590 -0.182985
v -1.158713 17.046635 -0.186380
v -0.303636 15.687447 -1.005191
v -0.680006 15.891582 -0.804756
v -0.957089 15.928952 -0.599880
v -1.192521 15.892260 -0.396979
v -1.374549 15.828455 -0.201741
v -1.429021 15.727444 -0.016420
v -1.419612 15.546289 0.128305
v -1.528285 15.384386 0.238488
v -1.479853 15.096305 0.361920
v -1.431730 14.670690 0.597237
v -1.240263 14.168510 0.823837
v -0.998732 13.781448 0.993504
v -0.768580 13.501402 0.997552
v -0.568375 13.234026 1.049013
v -0.335360 12.898205 1.046494
v -0.176164 12.899291 1.065210
v 0.000000 12.901577 1.065859
v 0.149615 12.455300 0.971684
v 0.315680 12.459954 0.950485
v 0.510216 12.455133 0.954987
v 0.762292 12.903358 0.946216
v 0.977108 13.303857 0.874687
v 1.184198 13.648460 0.713637
v 1.399383 13.996616 0.578567
v 1.577668 14.408784 0.468547
v 1.669105 14.872839 0.406134
v 1.782662 15.268408 0.255393
v 1.951375 15.477241 0.151603
v 1.900948 15.619688 0.093979
v 1.896474 15.743815 -0.067963
v 1.711386 15.849075 -0.219459
v 1.556260 15.835107 -0.382181
v 1.387317 15.822442 -0.558391
v 1.115362 15.780832 -0.747272
v 0.762288 15.621862 -0.959036
v 0.450234 15.451196 -1.091494
v 0.194194 15.486723 -1.086419
v 0.000000 15.465908 -1.081377
v -1.229482 17.075150 -0.352772
v -0.533779 15.655123 -0.998237
v -0.883241 15.834662 -0.784667
v -1.156726 15.881171 -0.582928
v -1.433606 15.842438 -0.376577
v -1.510539 15.846584 -0.196788
v -1.676413 15.760262 -0.041556
v -1.679615 15.615950 0.117899
v -1.746398 15.446831 0.196786
v -1.601227 15.193325 0.305690
v -1.583264 14.791466 0.473433
v -1.433754 14.280432 0.641082
v -1.223425 13.872950 0.806144
v -0.989280 13.562989 0.900864
v -0.777043 13.263508 0.979423
v -0.551310 12.891600 1.006376
v -0.315680 12.459954 0.950485
v -0.149615 12.455300 0.971684
v 0.000000 12.455774 0.973365
v 0.128575 11.996315 1.000815
v 0.299035 11.993472 0.985157
v 0.486629 11.995004 0.927667
v 0.715930 12.448832 0.914706
v 0.957904 12.919075 0.851561
v 1.164757 13.340271 0.720754
v 1.335961 13.755053 0.489016
v 1.518112 14.130501 0.391656
v 1.686491 14.518593 0.359180
v 1.798771 14.999759 0.313780
v 1.990083 15.326584 0.185110
v 2.109855 15.493847 0.093949
v 2.073115 15.608427 0.046404
v 2.068301 15.712912 -0.083540
v 1.936481 15.810709 -0.246722
v 1.740147 15.823433 -0.383446
v 1.538071 15.793064 -0.541774
v 1.340059 15.748130 -0.721827
v 1.030937 15.592813 -0.912050
v 0.682171 15.388836 -1.084686
v 0.389628 15.211102 -1.165457
v 0.162425 15.229380 -1.152471
v 0.000000 15.222017 -1.139595
v -0.194194 15.486723 -1.086419
v -0.450234 15.451196 -1.091494
v -0.762288 15.621862 -0.959036
v -1.115362 15.780832 -0.747272
v -1.387317 15.822442 -0.558391
v -1.556260 15.835107 -0.382181
v -1.711386 15.849075 -0.219459
v -1.896474 15.743815 -0.067963
v -1.900948 15.619688 0.093979
v -1.951375 15.477241 0.151603
v -1.782662 15.268408 0.255393
v -1.669105 14.872839 0.406134
v -1.577668 14.408784 0.468547
v -1.399383 13.996616 0.578567
v -1.184197 13.648458 0.713634
v -0.977108 13.303857 0.874687
v -0.762292 12.903358 0.946216
v -0.510216 12.455133 0.954987
v -0.299035 11.993472 0.985157
v -0.128575 11.996315 1.000815
v 0.000000 11.997346 1.004509
v 0.165571 11.517624 1.026758
v 0.344401 11.515339 0.999394
v 0.515885 11.527044 0.936870
v 0.692134 11.988615 0.876656
v 0.905430 12.447993 0.825729
v 1.153014 12.931037 0.704975
v 1.320248 13.369259 0.531983
v 1.482771 13.902770 0.243484
v 1.578746 14.256710 0.222687
v 1.798010 14.695731 0.247754
v 2.014253 15.172365 0.191796
v 2.155344 15.411936 0.105904
v 2.258351 15.553638 -0.012798
v 2.189695 15.609751 -0.005468
v 2.229359 15.665096 -0.116990
v 2.121918 15.760417 -0.258522
v 1.918027 15.787356 -0.386915
v 1.696486 15.767355 -0.528846
v 1.487200 15.720886 -0.702207
v 1.268900 15.583349 -0.861578
v 1.009721 15.363007 -1.050964
v 0.645668 15.159159 -1.184390
v 0.347032 14.946320 -1.230796
v 0.148573 14.955952 -1.202615
v 0.000000 14.940384 -1.193938
v -0.162425 15.229380 -1.152471
v -0.389628 15.211102 -1.165457
v -0.682171 15.388836 -1.084686
v -1.030937 15.592813 -0.912050
v -1.340059 15.748130 -0.721827
v -1.538071 15.793064 -0.541774
v -1.740147 15.823433 -0.383446
v -1.936481 15.810709 -0.246722
v -2.068301 15.712912 -0.083540
v -2.073115 15.608427 0.046404
v -2.109855 15.493847 0.093949
v -1.990083 15.326584 0.185110
v -1.798771 14.999759 0.313780
v -1.686491 14.518593 0.359180
v -1.518112 14.130501 0.391656
v -1.335961 13.755053 0.489016
v -1.164757 13.340271 0.720754
v -0.957904 12.919075 0.851561
v -0.715930 12.448832 0.914706
v -0.486629 11.995004 0.927667
v -0.344401 11.515339 0.999394
v -0.165571 11.517624 1.026758
v 0.000000 11.521889 1.032460
v 0.193697 10.990297 1.038481
v 0.374839 11.006825 1.006710
v 0.537879 11.026223 0.957381
v 0.700855 11.552748 0.846151
v 0.871825 11.983613 0.789889
v 1.111172 12.441152 0.695476
v 1.312204 12.936054 0.520553
v 1.484181 13.398690 0.246984
v 1.574563 14.051447 0.104999
v 1.649740 14.369131 0.127989
v 2.025109 15.030149 0.145002
v 2.176228 15.296423 0.098795
v 2.315866 15.499599 -0.034139
v 2.365263 15.617679 -0.165263
v 2.277203 15.704062 -0.250418
v 2.113177 15.742708 -0.383399
v 1.878405 15.729555 -0.511454
v 1.654531 15.710596 -0.678915
v 1.441062 15.610258 -0.839253
v 1.219314 15.355379 -1.024544
v 1.008593 15.124836 -1.166934
v 0.632446 14.916550 -1.256655
v 0.332879 14.697023 -1.283896
v 0.137681 14.695462 -1.256019
v 0.000000 14.696354 -1.238271
v -0.148573 14.955952 -1.202615
v -0.347032 14.946320 -1.230796
v -0.645668 15.159159 -1.184390
v -1.009721 15.363007 -1.050964
v -1.268900 15.583349 -0.861578
v -1.487200 15.720886 -0.702207
v -1.696486 15.767355 -0.528846
v -1.918027 15.787356 -0.386915
v -2.121918 15.760417 -0.258522
v -2.229359 15.665096 -0.116990
v -2.189695 15.609751 -0.005468
v -2.258351 15.553638 -0.012798
v -2.155344 15.411936 0.105904
v -2.014253 15.172365 0.191796
v -1.798010 14.695731 0.247754
v -1.578746 14.256710 0.222687
v -1.482771 13.902777 0.243516
v -1.320248 13.369259 0.531983
v -1.153014 12.931037 0.704975
v -0.905430 12.447993 0.825729
v -0.692134 11.988615 0.876656
v -0.515885 11.527044 0.936870
v -0.374839 11.006825 1.006710
v -0.193697 10.990297 1.038481
v 0.000000 10.995844 1.038068
v 0.200805 10.416231 1.107106
v 0.382791 10.441956 1.075636
v 0.551084 10.462079 1.026479
v 0.715592 11.075506 0.872474
v 0.873320 11.560413 0.765455
v 1.073268 11.978985 0.661891
v 1.272016 12.432948 0.523153
v 1.452115 12.933211 0.261190
v 1.617532 13.352032 -0.039608
v 1.687010 13.737881 -0.067002
v 1.745557 13.931540 -0.135445
v 1.658929 14.206932 0.001831
v 1.716545 14.468004 -0.038458
v 1.802099 14.684256 0.063136
v 2.036456 14.968855 0.034040
v 2.204386 15.230618 0.045461
v 2.358824 15.432358 -0.046785
v 2.454401 15.564048 -0.186907
v 2.412103 15.661083 -0.264895
v 2.270218 15.709412 -0.379482
v 2.073220 15.714737 -0.502049
v 1.821353 15.695637 -0.651637
v 1.611417 15.629573 -0.823462
v 1.428715 15.386087 -0.984616
v 1.234917 15.138366 -1.119385
v 1.016051 14.903904 -1.243463
v 0.608708 14.690334 -1.308487
v 0.313280 14.390299 -1.315101
v 0.130187 14.404318 -1.287965
v 0.000000 14.397182 -1.270334
v -0.137681 14.695462 -1.256019
v -0.332879 14.697023 -1.283896
v -0.632446 14.916550 -1.256655
v -1.008593 15.124836 -1.166934
v -1.219314 15.355379 -1.024544
v -1.441062 15.610258 -0.839253
v -1.654531 15.710596 -0.678915
v -1.878405 15.729555 -0.511454
v -2.113177 15.742708 -0.383399
v -2.277203 15.704062 -0.250418
v -2.365263 15.617679 -0.165263
v -2.315866 15.499599 -0.034139
v -2.176228 15.296423 0.098795
v -2.025109 15.030149 0.145002
v -1.649740 14.369131 0.127989
v -1.574563 14.051447 0.104999
v -1.484181 13.398690 0.246984
v -1.312204 12.936054 0.520553
v -1.111172 12.441152 0.695476
v -0.871825 11.983613 0.789889
v -0.700855 11.552748 0.846151
v -0.537879 11.026223 0.957381
v -0.382791 10.441956 1.075636
v -0.200805 10.416231 1.107106
v 0.000000 10.419798 1.112645
v 0.193209 9.963460 1.114521
v 0.382549 9.978817 1.090341
v 0.540119 10.003790 1.057405
v 0.733966 10.505750 0.917707
v 0.902101 11.113695 0.796076
v 1.062505 11.578213 0.653444
v 1.230998 11.978254 0.493428
v 1.367587 12.427626 0.279964
v 1.523893 12.913730 -0.020843
v 1.649673 13.261003 -0.347771
v 1.730553 13.620564 -0.373140
v 1.785048 13.854313 -0.400817
v 1.769292 14.115505 -0.189940
v 1.720049 14.364628 -0.168263
v 1.763230 14.560423 -0.108342
v 1.839854 14.667483 -0.049090
v 1.963683 14.912824 -0.096813
v 2.197271 15.161984 -0.049438
v 2.380656 15.352506 -0.065055
v 2.527758 15.513815 -0.190776
v 2.533015 15.601467 -0.288494
v 2.429762 15.671826 -0.380598
v 2.237573 15.684732 -0.496137
v 2.006430 15.672793 -0.619597
v 1.758595 15.614748 -0.815978
v 1.598624 15.460273 -0.949981
v 1.448807 15.235903 -1.058427
v 1.292914 14.945441 -1.167536
v 1.006176 14.681359 -1.275727
v 0.607967 14.382968 -1.335505
v 0.286278 14.103613 -1.310898
v 0.116423 14.127890 -1.291140
v 0.000000 14.121786 -1.278748
v -0.130187 14.404318 -1.287965
v -0.313280 14.390299 -1.315101
v -0.608708 14.690334 -1.308487
v -1.016051 14.903904 -1.243463
v -1.234917 15.138366 -1.119385
v -1.428715 15.386087 -0.984616
v -1.611417 15.629573 -0.823462
v -1.821353 15.695637 -0.651637
v -2.073220 15.714737 -0.502049
v -2.270218 15.709412 -0.379482
v -2.412103 15.661083 -0.264895
v -2.454401 15.564048 -0.186907
v -2.358824 15.432358 -0.046785
v -2.204386 15.230618 0.045461
v -2.036456 14.968855 0.034040
v -1.802099 14.684256 0.063136
v -1.716545 14.468004 -0.038458
v -1.658929 14.206932 0.001831
v -1.745557 13.931540 -0.135445
v -1.687010 13.737881 -0.067002
v -1.617532 13.352039 -0.039577
v -1.452115 12.933211 0.261190
v -1.272016 12.432948 0.523153
v -1.073268 11.978985 0.661891
v -0.873320 11.560413 0.765455
v -0.715592 11.075506 0.872474
v -0.551084 10.462079 1.026479
v -0.382549 9.978817 1.090341
v -0.193209 9.963460 1.114521
v 0.000000 9.963682 1.115480
v 0.177534 9.501575 1.060636
v 0.358645 9.522675 1.047514
v 0.528147 9.556065 1.032315
v 0.720163 10.078805 0.976519
v 0.944161 10.575940 0.831218
v 1.087953 11.165922 0.691992
v 1.211527 11.601126 0.503930
v 1.322321 11.983968 0.259763
v 1.422675 12.420768 -0.010124
v 1.536516 12.862444 -0.336799
v 1.593267 13.186367 -0.660583
v 1.686026 13.532399 -0.675197
v 1.758720 13.812115 -0.692481
v 1.861970 14.029192 -0.434198
v 1.838298 14.291973 -0.326821
v 1.821004 14.512535 -0.248361
v 1.902913 14.798368 -0.157682
v 2.112907 15.035945 -0.096187
v 2.353958 15.299276 -0.078000
v 2.573596 15.455917 -0.166583
v 2.635751 15.548916 -0.308275
v 2.575332 15.615532 -0.401681
v 2.403926 15.632753 -0.523286
v 2.148727 15.638671 -0.626592
v 1.942724 15.587217 -0.788900
v 1.747056 15.469498 -0.924358
v 1.640972 15.313915 -1.021383
v 1.492381 15.070702 -1.121805
v 1.326076 14.735180 -1.185875
v 1.013618 14.367863 -1.300354
v 0.612719 14.079504 -1.327133
v 0.272135 13.805056 -1.298479
v 0.102773 13.827156 -1.279782
v 0.000000 13.822447 -1.263416
v -0.116423 14.127890 -1.291140
v -0.286278 14.103613 -1.310898
v -0.607967 14.382968 -1.335505
v -1.006176 14.681359 -1.275727
v -1.292914 14.945441 -1.167536
v -1.448807 15.235903 -1.058427
v -1.598624 15.460273 -0.949981
v -1.758595 15.614748 -0.815978
v -2.006430 15.672793 -0.619597
v -2.237573 15.684732 -0.496137
v -2.429762 15.671826 -0.380598
v -2.533015 15.601467 -0.288494
v -2.527758 15.513815 -0.190776
v -2.380656 15.352506 -0.065055
v -2.197271 15.161984 -0.049438
v -1.963683 14.912824 -0.096813
v -1.839854 14.667483 -0.049090
v -1.763230 14.560423 -0.108342
v -1.720049 14.364628 -0.168263
v -1.769292 14.115505 -0.189940
v -1.785048 13.854306 -0.400851
v -1.730553 13.620564 -0.373140
v -1.649673 13.261010 -0.347740
v -1.523893 12.913730 -0.020843
v -1.367587 12.427626 0.279964
v -1.230998 11.978254 0.493428
v -1.062505 11.578213 0.653444
v -0.902101 11.113695 0.796076
v -0.733966 10.505750 0.917707
v -0.540119 10.003790 1.057405
v -0.358645 9.522675 1.047514
v -0.177534 9.501575 1.060636
v 0.000000 9.501604 1.060488
v 0.179708 9.054520 0.885372
v 0.311046 9.083616 0.885305
v 0.483789 9.140697 0.886540
v 0.713533 9.619091 0.999802
v 0.912857 10.167669 0.912615
v 1.139135 10.685204 0.743424
v 1.235783 11.221713 0.549439
v 1.311538 11.630337 0.255014
v 1.375740 11.975662 -0.024255
v 1.424821 12.392897 -0.298138
v 1.488850 12.806425 -0.655988
v 1.439437 13.128895 -0.891448
v 1.525598 13.468061 -0.914773
v 1.589474 13.758346 -0.936541
v 1.812610 14.015148 -0.690558
v 1.909348 14.218111 -0.485550
v 1.915265 14.466282 -0.372111
v 1.928423 14.764322 -0.274769
v 2.067351 14.892399 -0.174173
v 2.319790 15.119709 -0.056054
v 2.485636 15.336654 -0.030988
v 2.710887 15.510389 -0.293361
v 2.686162 15.557352 -0.431986
v 2.568830 15.565580 -0.541795
v 2.306075 15.566768 -0.671310
v 2.056027 15.573799 -0.767548
v 1.952513 15.467229 -0.882935
v 1.797152 15.345471 -0.982585
v 1.691054 15.162762 -1.058560
v 1.564125 14.847391 -1.121994
v 1.464914 14.388118 -1.173476
v 0.988879 14.041460 -1.303735
v 0.595238 13.752212 -1.310979
v 0.242191 13.497941 -1.269693
v 0.095867 13.506386 -1.248279
v 0.000000 13.518203 -1.220124
v -0.102773 13.827156 -1.279782
v -0.272135 13.805056 -1.298479
v -0.612719 14.079504 -1.327133
v -1.013618 14.367863 -1.300354
v -1.326076 14.735180 -1.185875
v -1.492381 15.070702 -1.121805
v -1.640972 15.313915 -1.021383
v -1.747056 15.469498 -0.924358
v -1.942724 15.587217 -0.788900
v -2.148727 15.638671 -0.626592
v -2.403926 15.632753 -0.523286
v -2.575332 15.615527 -0.401700
v -2.635751 15.548916 -0.308275
v -2.573596 15.455913 -0.166602
v -2.353958 15.299276 -0.078000
v -2.112907 15.035945 -0.096187
v -1.902913 14.798368 -0.157682
v -1.821004 14.512535 -0.248361
v -1.838298 14.291973 -0.326821
v -1.861970 14.029192 -0.434198
v -1.758720 13.812115 -0.692481
v -1.686026 13.532399 -0.675197
v -1.593267 13.186367 -0.660583
v -1.536516 12.862444 -0.336799
v -1.422675 12.420768 -0.010124
v -1.322321 11.983968 0.259763
v -1.211527 11.601126 0.503930
v -1.087953 11.165922 0.691992
v -0.944161 10.575940 0.831218
v -0.720163 10.078805 0.976519
v -0.528147 9.556065 1.032315
v -0.311046 9.083616 0.885305
v -0.179708 9.054520 0.885372
v 0.000000 9.041949 0.889294
v 0.153944 8.817377 0.578607
v 0.266488 8.847201 0.665718
v 0.420980 8.929828 0.765328
v 0.660529 9.212758 0.934774
v 0.894184 9.741401 0.959903
v 1.132701 10.294169 0.823628
v 1.291880 10.802193 0.616293
v 1.361366 11.294625 0.273247
v 1.358086 11.653358 -0.031587
v 1.336708 11.970532 -0.301145
v 1.350142 12.355604 -0.601644
v 1.337606 12.765036 -0.860251
v 1.211663 13.085417 -1.076491
v 1.287153 13.416138 -1.118794
v 1.325571 13.717763 -1.146209
v 1.644746 14.010090 -0.938010
v 1.845768 14.182906 -0.728491
v 1.949896 14.420534 -0.509979
v 1.976948 14.688993 -0.370659
v 2.065161 14.819817 -0.296765
v 2.292892 14.962771 -0.152064
v 2.480330 15.137058 -0.037141
v 2.764528 15.393517 0.013146
v 2.784317 15.472472 -0.114161
v 2.859046 15.490419 -0.260852
v 2.783849 15.524048 -0.440105
v 2.673275 15.504381 -0.569879
v 2.460014 15.492600 -0.688196
v 2.144797 15.492699 -0.812647
v 2.007065 15.357082 -0.925178
v 1.875011 15.202829 -0.996762
v 1.738279 15.011713 -1.030896
v 1.652664 14.596216 -1.044844
v 1.367197 14.048204 -1.170591
v 0.957376 13.700678 -1.263628
v 0.568401 13.478125 -1.275086
v 0.218866 13.175552 -1.209953
v 0.106772 13.193056 -1.188328
v 0.000000 13.210114 -1.160038
v -0.095867 13.506386 -1.248279
v -0.242191 13.497941 -1.269693
v -0.595238 13.752212 -1.310979
v -0.988879 14.041460 -1.303735
v -1.464914 14.388118 -1.173476
v -1.564125 14.847391 -1.121994
v -1.691054 15.162762 -1.058560
v -1.797152 15.345471 -0.982585
v -1.952513 15.467229 -0.882935
v -2.056027 15.573799 -0.767548
v -2.306075 15.566768 -0.671310
v -2.568830 15.565580 -0.541795
v -2.686162 15.557352 -0.431986
v -2.710887 15.510389 -0.293361
v -2.485636 15.336654 -0.030988
v -2.319790 15.119709 -0.056054
v -2.067351 14.892399 -0.174173
v -1.928423 14.764322 -0.274769
v -1.915265 14.466282 -0.372111
v -1.909348 14.218111 -0.485550
v -1.812610 14.015148 -0.690558
v -1.589474 13.758346 -0.936541
v -1.525598 13.468061 -0.914773
v -1.439437 13.128895 -0.891448
v -1.488850 12.806425 -0.655988
v -1.424821 12.392897 -0.298138
v -1.375740 11.975662 -0.024255
v -1.311538 11.630337 0.255014
v -1.235783 11.221713 0.549439
v -1.139135 10.685204 0.743424
v -0.912857 10.167669 0.912615
v -0.713533 9.619091 0.999802
v -0.483789 9.140697 0.886540
v -0.266488 8.847201 0.665718
v -0.153944 8.817377 0.578607
v 0.000000 8.812718 0.567260
v 0.119608 8.701807 0.184443
v 0.217180 8.691355 0.374825
v 0.343771 8.720255 0.618183
v 0.623872 8.977679 0.897272
v 0.874575 9.340033 0.971102
v 1.117471 9.919644 0.876863
v 1.310794 10.422808 0.687260
v 1.426474 10.945006 0.306618
v 1.360558 11.342675 -0.040209
v 1.324141 11.641094 -0.307261
v 1.236045 11.936224 -0.546715
v 1.180712 12.332304 -0.799756
v 1.115189 12.729694 -1.016610
v 0.883442 13.092107 -1.191028
v 0.919923 13.438183 -1.238719
v 1.697161 14.217304 -0.955355
v 1.916533 14.399894 -0.701111
v 2.010596 14.639194 -0.530116
v 2.092608 14.768602 -0.366215
v 2.261271 14.855556 -0.272374
v 2.470920 14.983627 -0.143325
v 2.743803 15.144369 0.037777
v 3.182660 15.381840 -0.005397
v 3.193530 15.475162 -0.192716
v 3.198826 15.473833 -0.318597
v 2.901355 15.497776 -0.433572
v 2.772951 15.465828 -0.576450
v 2.576829 15.428667 -0.715962
v 2.225281 15.411856 -0.841617
v 2.061437 15.235367 -0.936851
v 1.911427 15.079720 -0.972575
v 1.795708 14.855560 -0.943699
v 1.807788 14.445840 -0.923653
v 0.537006 13.137007 -1.214872
v 0.220733 12.828917 -1.107060
v 0.109586 12.843828 -1.100140
v 0.000000 12.858098 -1.093515
v -0.106772 13.193056 -1.188328
v -0.218866 13.175552 -1.209953
v -0.568401 13.478125 -1.275086
v -0.957376 13.700678 -1.263628
v -1.367197 14.048204 -1.170591
v -1.652664 14.596216 -1.044844
v -1.738279 15.011713 -1.030896
v -1.875011 15.202829 -0.996762
v -2.007065 15.357082 -0.925178
v -2.144797 15.492699 -0.812647
v -2.460014 15.492600 -0.688196
v -2.673275 15.504381 -0.569879
v -2.783849 15.524063 -0.440041
v -2.859046 15.490419 -0.260852
v -2.784317 15.472487 -0.114096
v -2.764528 15.393517 0.013146
v -2.480330 15.137058 -0.037141
v -2.292892 14.962771 -0.152064
v -2.065161 14.819817 -0.296765
v -1.976948 14.688993 -0.370659
v -1.949896 14.420534 -0.509979
v -1.845768 14.182906 -0.728491
v -1.644746 14.010090 -0.938010
v -1.325571 13.717763 -1.146209
v -1.287153 13.416138 -1.118794
v -1.211663 13.085417 -1.076491
v -1.337606 12.765036 -0.860251
v -1.350142 12.355604 -0.601644
v -1.336708 11.970532 -0.301145
v -1.358086 11.653358 -0.031587
v -1.361366 11.294625 0.273247
v -1.291880 10.802193 0.616293
v -1.132701 10.294169 0.823628
v -0.894184 9.741401 0.959903
v -0.660529 9.212758 0.934774
v -0.420980 8.929828 0.765328
v -0.217180 8.691355 0.374825
v -0.119608 8.701807 0.184443
v 0.000000 8.714265 0.153470
v 0.107649 8.687593 -0.099388
v 0.177030 8.614876 0.046803
v 0.167814 8.459131 0.107308
v 0.584690 8.715574 0.860975
v 0.871874 9.075110 0.973562
v 1.127286 9.527375 0.894228
v 1.299696 10.081829 0.727367
v 1.478919 10.595164 0.360136
v 1.435880 11.015605 -0.060975
v 1.313333 11.333673 -0.330637
v 1.206686 11.599705 -0.533760
v 1.066897 11.904143 -0.717118
v 0.977655 12.302732 -0.930546
v 0.811405 12.740648 -1.118315
v 1.999052 14.657644 -0.695068
v 2.124108 14.690544 -0.519254
v 2.274564 14.771580 -0.358100
v 2.472188 14.853575 -0.215705
v 2.749726 14.960794 -0.061634
v 3.165659 15.146832 0.057739
v 3.569571 15.378140 -0.027438
v 3.545434 15.463585 -0.228647
v 3.544236 15.452444 -0.345557
v 3.183051 15.476566 -0.421091
v 2.911137 15.460484 -0.571772
v 2.659473 15.383236 -0.740676
v 2.294639 15.325352 -0.855105
v 2.089907 15.112226 -0.914535
v 1.939594 14.967705 -0.884559
v 1.927623 14.696874 -0.852454
v 0.497593 12.774010 -1.131952
v 0.246775 12.401732 -1.042246
v 0.123388 12.417423 -1.024104
v 0.000000 12.433114 -1.005963
v -0.109586 12.843828 -1.100140
v -0.220733 12.828917 -1.107060
v -0.537006 13.137007 -1.214872
v -0.919923 13.438183 -1.238719
v -1.697161 14.217304 -0.955355
v -1.807788 14.445840 -0.923653
v -1.795708 14.855560 -0.943699
v -1.911427 15.079720 -0.972575
v -2.061437 15.235367 -0.936851
v -2.225281 15.411856 -0.841617
v -2.576829 15.428667 -0.715962
v -2.772951 15.465828 -0.576450
v -2.901355 15.497776 -0.433572
v -3.198826 15.473833 -0.318597
v -3.193530 15.475162 -0.192716
v -3.182660 15.381840 -0.005397
v -2.743803 15.144369 0.037777
v -2.470920 14.983627 -0.143325
v -2.261271 14.855556 -0.272374
v -2.092608 14.768602 -0.366215
v -2.010596 14.639194 -0.530116
v -1.916533 14.399894 -0.701111
v -0.883442 13.092107 -1.191028
v -1.115189 12.729694 -1.016610
v -1.180712 12.332304 -0.799756
v -1.236045 11.936224 -0.546715
v -1.324141 11.641094 -0.307261
v -1.360558 11.342675 -0.040209
v -1.426474 10.945006 0.306618
v -1.310794 10.422808 0.687260
v -1.117471 9.919644 0.876863
v -0.874575 9.340033 0.971102
v -0.623873 8.977679 0.897272
v -0.343771 8.720255 0.618183
v -0.177030 8.614876 0.046803
v -0.107649 8.687593 -0.099388
v 0.000000 8.711812 -0.108554
v 0.078866 8.708495 -0.371615
v 0.147463 8.602446 -0.261067
v 0.148387 8.449181 -0.239729
v 0.870722 8.791320 0.971529
v 1.166842 9.244190 0.917030
v 1.343288 9.698570 0.712085
v 1.484853 10.261740 0.341914
v 1.503449 10.715819 -0.091508
v 1.384711 11.022156 -0.391875
v 1.182981 11.280828 -0.562476
v 1.032648 11.549898 -0.693628
v 0.887012 11.874070 -0.833088
v 0.730551 12.309589 -1.011665
v 2.080604 14.741222 -0.699194
v 2.284580 14.696869 -0.544537
v 2.497117 14.747797 -0.352822
v 2.795638 14.847563 -0.242777
v 3.172961 14.939167 -0.037782
v 3.548500 15.158587 0.045144
v 4.011583 15.387357 -0.036339
v 4.002441 15.434512 -0.220984
v 4.003110 15.435974 -0.300075
v 3.511292 15.455954 -0.447733
v 3.130597 15.472216 -0.564202
v 2.850406 15.389322 -0.716918
v 2.332742 15.198735 -0.847635
v 2.112319 15.046616 -0.871728
v 2.010895 14.846260 -0.812333
v 0.461670 12.339579 -1.038405
v 0.292858 11.910834 -0.977609
v 0.146297 11.935499 -0.958701
v 0.000000 11.960165 -0.939793
v -0.123388 12.417423 -1.024104
v -0.246775 12.401732 -1.042246
v -0.497593 12.774010 -1.131952
v -1.927623 14.696874 -0.852454
v -1.939594 14.967705 -0.884559
v -2.089907 15.112226 -0.914535
v -2.294639 15.325352 -0.855105
v -2.659473 15.383236 -0.740676
v -2.911137 15.460484 -0.571772
v -3.183051 15.476566 -0.421091
v -3.544236 15.452453 -0.345525
v -3.545434 15.463593 -0.228615
v -3.569571 15.378140 -0.027438
v -3.165659 15.146832 0.057739
v -2.749726 14.960794 -0.061634
v -2.472188 14.853575 -0.215705
v -2.274564 14.771580 -0.358100
v -2.124108 14.690544 -0.519254
v -1.999052 14.657644 -0.695068
v -0.811405 12.740648 -1.118315
v -0.977655 12.302732 -0.930546
v -1.066897 11.904143 -0.717118
v -1.206686 11.599705 -0.533760
v -1.313333 11.333673 -0.330637
v -1.435880 11.015605 -0.060975
v -1.478919 10.595164 0.360136
v -1.299696 10.081829 0.727367
v -1.127286 9.527375 0.894228
v -0.871874 9.075110 0.973562
v -0.584690 8.715574 0.860975
v -0.167814 8.459131 0.107308
v -0.147463 8.602446 -0.261067
v -0.078866 8.708495 -0.371615
v 0.000000 8.762816 -0.357702
v 0.050280 8.789852 -0.653635
v 0.122106 8.660947 -0.593731
v 0.304650 8.603336 -0.887303
v 0.170166 8.116281 0.126850
v 0.330740 8.134907 0.513958
v 0.586532 8.159827 0.809634
v 1.208425 8.953720 0.937786
v 1.414392 9.405484 0.727925
v 1.600658 9.878509 0.319343
v 1.558096 10.348866 -0.107350
v 1.426365 10.675601 -0.505552
v 1.238080 10.921957 -0.667707
v 0.998392 11.209199 -0.721717
v 0.839288 11.513276 -0.797432
v 0.673919 11.859383 -0.922730
v 2.215794 14.748350 -0.728440
v 2.512964 14.678012 -0.528391
v 2.803610 14.703775 -0.382869
v 3.193502 14.814127 -0.255680
v 3.551260 14.942148 -0.054173
v 4.010301 15.175768 0.029623
v 4.364686 15.320517 -0.077222
v 4.331212 15.381098 -0.204940
v 4.280347 15.428070 -0.254521
v 3.849929 15.444566 -0.417419
v 3.465165 15.449234 -0.573341
v 3.106153 15.422686 -0.681950
v 2.723081 15.251959 -0.857262
v 2.329376 15.086855 -0.885695
v 2.158156 14.898651 -0.825263
v 0.467222 11.875603 -0.963746
v 0.312196 11.479998 -0.948957
v 0.156098 11.485321 -0.932078
v 0.000000 11.490644 -0.915197
v -0.146297 11.935499 -0.958701
v -0.292858 11.910834 -0.977609
v -0.461670 12.339579 -1.038405
v -2.010895 14.846260 -0.812333
v -2.112319 15.046616 -0.871728
v -2.332742 15.198735 -0.847635
v -2.850406 15.389322 -0.716918
v -3.130597 15.472216 -0.564202
v -3.511292 15.455954 -0.447733
v -4.003110 15.435966 -0.300105
v -4.002441 15.434512 -0.220984
v -4.011583 15.387348 -0.036369
v -3.548500 15.158587 0.045144
v -3.172961 14.939167 -0.037782
v -2.795638 14.847563 -0.242777
v -2.497117 14.747797 -0.352822
v -2.284580 14.696869 -0.544537
v -2.080604 14.741222 -0.699194
v -0.730551 12.309589 -1.011665
v -0.887012 11.874070 -0.833088
v -1.032648 11.549898 -0.693628
v -1.182981 11.280828 -0.562476
v -1.384711 11.022156 -0.391875
v -1.503449 10.715819 -0.091508
v -1.484853 10.261740 0.341914
v -1.343288 9.698570 0.712085
v -1.166842 9.244190 0.917030
v -0.870721 8.791320 0.971529
v -0.148387 8.449181 -0.239729
v -0.122106 8.660947 -0.593731
v -0.050237 8.789852 -0.653635
v 0.000000 8.846960 -0.593466
v 0.035479 8.996848 -0.924068
v 0.068484 8.889575 -0.981516
v 0.271058 8.905020 -1.172815
v 0.169535 8.135100 -0.243841
v 0.204218 7.519103 0.135598
v 0.362817 7.534596 0.474013
v 0.635002 7.566280 0.763224
v 0.913206 8.217231 0.967482
v 1.485004 9.112011 0.744473
v 1.658973 9.548010 0.314760
v 1.686345 9.923103 -0.141549
v 1.497549 10.280637 -0.606593
v 1.225797 10.539339 -0.823692
v 1.062312 10.868166 -0.821627
v 0.799058 11.142057 -0.825866
v 0.634634 11.493404 -0.865463
v 2.445624 14.734398 -0.725982
v 2.797924 14.620930 -0.524386
v 3.203174 14.701801 -0.383813
v 3.561934 14.825552 -0.264371
v 4.025463 14.974335 -0.033170
v 4.384809 15.146755 -0.021216
v 4.549584 15.260020 -0.107158
v 4.505603 15.347353 -0.172150
v 4.442531 15.441199 -0.239918
v 4.101830 15.455627 -0.411920
v 3.830391 15.399921 -0.567721
v 3.405129 15.390532 -0.651278
v 2.959773 15.260826 -0.855249
v 2.703290 15.069700 -0.922647
v 2.375260 14.900833 -0.845870
v 0.477250 11.484903 -0.918675
v 0.287290 11.043364 -0.973158
v 0.143645 11.043672 -0.950680
v 0.000000 11.043978 -0.928204
v -0.156098 11.485321 -0.932078
v -0.312196 11.479998 -0.948957
v -0.467222 11.875603 -0.963746
v -2.158156 14.898651 -0.825263
v -2.329376 15.086855 -0.885695
v -2.723081 15.251959 -0.857262
v -3.106153 15.422686 -0.681950
v -3.465165 15.449234 -0.573341
v -3.849929 15.444566 -0.417419
v -4.280347 15.428070 -0.254521
v -4.331212 15.381098 -0.204940
v -4.364686 15.320517 -0.077222
v -4.010301 15.175768 0.029623
v -3.551260 14.942156 -0.054140
v -3.193502 14.814127 -0.255680
v -2.803610 14.703775 -0.382869
v -2.512964 14.678012 -0.528391
v -2.215794 14.748350 -0.728440
v -0.673919 11.859383 -0.922730
v -0.839288 11.513276 -0.797432
v -0.998392 11.209199 -0.721717
v -1.238080 10.921957 -0.667707
v -1.426365 10.675601 -0.505552
v -1.558096 10.348866 -0.107350
v -1.600658 9.878509 0.319343
v -1.414392 9.405484 0.727925
v -1.208425 8.953720 0.937786
v -0.586530 8.159826 0.809640
v -0.330738 8.134906 0.513970
v -0.170166 8.116281 0.126847
v -0.304650 8.603336 -0.887303
v -0.068484 8.889575 -0.981516
v -0.035479 8.996848 -0.924068
v 0.000000 9.059921 -0.838927
v 0.030362 9.286965 -1.100550
v 0.043069 9.241145 -1.239037
v 0.264551 9.215643 -1.364272
v 0.684507 8.873044 -1.276545
v 0.726121 8.563691 -1.074896
v 0.368201 8.253334 -0.703406
v 0.276286 7.550257 -0.261379
v 0.256213 6.923029 0.120884
v 0.412456 6.931778 0.453517
v 0.692295 6.973612 0.710191
v 0.976306 7.622204 0.926005
v 1.272051 8.320668 0.930674
v 1.690411 9.212698 0.316256
v 1.718542 9.596348 -0.145399
v 1.511229 9.757212 -0.579455
v 1.318901 10.116920 -0.936866
v 1.015583 10.418879 -1.039971
v 0.834371 10.777834 -0.925766
v 0.598284 11.093283 -0.890439
v 2.736336 14.669816 -0.732592
v 3.182800 14.641367 -0.504514
v 3.556388 14.712318 -0.396578
v 3.969135 14.838596 -0.191871
v 4.363654 14.993294 -0.053288
v 4.559367 15.134434 -0.055187
v 4.585120 15.250160 -0.110530
v 4.558531 15.352800 -0.152411
v 4.544846 15.469358 -0.237703
v 4.322767 15.464264 -0.443581
v 4.041656 15.387552 -0.576528
v 3.789086 15.319433 -0.667596
v 3.320345 15.222313 -0.830817
v 2.933853 15.057627 -0.888101
v 2.652430 14.857218 -0.859377
v 0.456664 11.048967 -0.943403
v 0.248474 10.613476 -1.040331
v 0.100215 10.613003 -1.029782
v 0.000000 10.616459 -1.005286
v -0.143645 11.043672 -0.950680
v -0.287290 11.043364 -0.973158
v -0.477250 11.484903 -0.918675
v -2.375260 14.900833 -0.845870
v -2.703290 15.069700 -0.922647
v -2.959773 15.260826 -0.855249
v -3.405129 15.390532 -0.651278
v -3.830391 15.399921 -0.567721
v -4.101830 15.455627 -0.411920
v -4.442531 15.441199 -0.239918
v -4.505603 15.347353 -0.172150
v -4.549584 15.260020 -0.107158
v -4.384809 15.146755 -0.021216
v -4.025463 14.974335 -0.033170
v -3.561934 14.825552 -0.264371
v -3.203174 14.701801 -0.383813
v -2.797924 14.620930 -0.524386
v -2.445624 14.734398 -0.725982
v -0.634634 11.493404 -0.865463
v -0.799058 11.142057 -0.825866
v -1.062312 10.868166 -0.821627
v -1.225797 10.539339 -0.823692
v -1.497549 10.280637 -0.606593
v -1.686345 9.923103 -0.141549
v -1.658973 9.548010 0.314760
v -1.485004 9.112011 0.744473
v -0.913205 8.217230 0.967484
v -0.634997 7.566279 0.763229
v -0.362811 7.534594 0.474020
v -0.204216 7.519103 0.135579
v -0.169535 8.135100 -0.243841
v -0.271058 8.905020 -1.172815
v -0.043069 9.241145 -1.239037
v -0.030362 9.286965 -1.100550
v 0.000000 9.345914 -0.997061
v 0.014135 9.718777 -1.169292
v 0.099384 9.761059 -1.305421
v 0.366142 9.813986 -1.367898
v 0.660152 9.193736 -1.414666
v 1.097935 8.997640 -1.202853
v 1.110887 8.649689 -1.052355
v 0.741132 8.269989 -0.930797
v 0.449774 7.653372 -0.610783
v 0.394116 6.967962 -0.281557
v 0.320362 6.293735 0.085569
v 0.459114 6.310584 0.402023
v 0.728326 6.363819 0.634025
v 1.024510 7.030522 0.849645
v 1.332076 7.704768 0.887034
v 1.565968 8.421243 0.721712
v 1.722051 9.264696 -0.139689
v 1.529559 9.421335 -0.568897
v 1.383560 9.560244 -0.995263
v 1.043944 9.969481 -1.234661
v 0.770788 10.336881 -1.179793
v 0.583629 10.699766 -0.968228
v 3.105122 14.684384 -0.696255
v 3.521911 14.695638 -0.543301
v 3.896948 14.749157 -0.374527
v 4.339825 14.856549 -0.203626
v 4.508056 14.973859 -0.078568
v 4.602652 15.130675 -0.065729
v 4.615973 15.241733 -0.113073
v 4.602038 15.361734 -0.137673
v 4.594234 15.489157 -0.239514
v 4.442976 15.474850 -0.447162
v 4.255736 15.374908 -0.542081
v 3.988589 15.252696 -0.657090
v 3.748672 15.183514 -0.753203
v 3.293756 15.044302 -0.852343
v 3.003587 14.853010 -0.827519
v 0.428940 10.649012 -1.014765
v 0.079011 10.230524 -1.128856
v 0.028271 10.233311 -1.135497
v 0.000000 10.278936 -1.121487
v -0.100215 10.613003 -1.029782
v -0.248474 10.613476 -1.040331
v -0.456664 11.048967 -0.943403
v -2.652430 14.857218 -0.859377
v -2.933853 15.057627 -0.888101
v -3.320345 15.222313 -0.830817
v -3.789086 15.319433 -0.667596
v -4.041656 15.387552 -0.576528
v -4.322767 15.464264 -0.443581
v -4.544846 15.469359 -0.237697
v -4.558531 15.352800 -0.152411
v -4.585120 15.250160 -0.110530
v -4.559367 15.134435 -0.055182
v -4.363654 14.993294 -0.053288
v -3.969135 14.838596 -0.191871
v -3.556388 14.712326 -0.396546
v -3.182800 14.641367 -0.504514
v -2.736336 14.669816 -0.732592
v -0.598284 11.093283 -0.890439
v -0.834371 10.777834 -0.925766
v -1.015583 10.418879 -1.039971
v -1.318901 10.116920 -0.936866
v -1.511229 9.757212 -0.579455
v -1.718542 9.596348 -0.145399
v -1.690411 9.212698 0.316256
v -1.272051 8.320667 0.930674
v -0.976304 7.622203 0.926008
v -0.692287 6.973611 0.710187
v -0.412446 6.931776 0.453505
v -0.256209 6.923028 0.120842
v -0.276286 7.550257 -0.261379
v -0.368201 8.253334 -0.703406
v -0.726121 8.563691 -1.074896
v -0.684507 8.873044 -1.276545
v -0.264551 9.215643 -1.364272
v -0.099384 9.761059 -1.305421
v -0.014135 9.718777 -1.169292
v -0.007136 9.736644 -1.117192
v 0.000000 9.754536 -1.065092
v 0.007136 9.736644 -1.117192
v 0.222938 10.251064 -1.177419
v 0.502683 10.281640 -1.192171
v 0.730111 9.872990 -1.368723
v 1.073912 9.352687 -1.298024
v 1.414176 9.212069 -0.940240
v 1.431212 8.864251 -0.855081
v 1.099978 8.300591 -0.932709
v 0.804723 7.686644 -0.840896
v 0.522863 7.031013 -0.608180
v 0.477416 6.326303 -0.298368
v 0.409248 5.772070 0.032447
v 0.528482 5.751748 0.340170
v 0.758829 5.783635 0.544997
v 1.032969 6.432541 0.743889
v 1.358960 7.092398 0.806784
v 1.621427 7.781674 0.680656
v 1.737066 8.481224 0.312987
v 1.554733 9.085547 -0.556848
v 3.444707 14.740621 -0.699107
v 3.862527 14.738345 -0.529609
v 4.191158 14.777613 -0.405126
v 4.443060 14.847036 -0.220804
v 4.580522 14.973886 -0.076295
v 4.625172 15.124604 -0.069332
v 4.666476 15.248538 -0.100779
v 4.668344 15.375975 -0.128500
v 4.649447 15.508780 -0.250368
v 4.536401 15.491008 -0.432851
v 4.406381 15.386667 -0.548724
v 4.234359 15.289490 -0.643136
v 3.969107 15.172618 -0.717623
v 3.728103 15.043000 -0.778346
v 3.353038 14.872276 -0.797926
v -0.028271 10.233311 -1.135497
v -0.079011 10.230524 -1.128856
v -0.428940 10.649012 -1.014765
v -3.003587 14.853010 -0.827519
v -3.293756 15.044302 -0.852343
v -3.748672 15.183514 -0.753203
v -3.988589 15.252696 -0.657090
v -4.255736 15.374908 -0.542081
v -4.442976 15.474850 -0.447162
v -4.594234 15.489157 -0.239514
v -4.602038 15.361734 -0.137673
v -4.615973 15.241733 -0.113073
v -4.602652 15.130675 -0.065729
v -4.508056 14.973859 -0.078568
v -4.339825 14.856549 -0.203626
v -3.896948 14.749157 -0.374527
v -3.521911 14.695638 -0.543301
v -3.105122 14.684384 -0.696255
v -0.583629 10.699766 -0.968228
v -0.770788 10.336881 -1.179793
v -1.043944 9.969481 -1.234661
v -1.383560 9.560244 -0.995263
v -1.529559 9.421335 -0.568897
v -1.722051 9.264696 -0.139689
v -1.565968 8.421243 0.721712
v -1.332026 7.704767 0.887035
v -1.024505 7.030521 0.849645
v -0.728266 6.363817 0.634009
v -0.459100 6.310581 0.401983
v -0.320356 6.293736 0.085498
v -0.394116 6.967962 -0.281557
v -0.449774 7.653372 -0.610783
v -0.741132 8.269989 -0.930797
v -1.110887 8.649689 -1.052355
v -1.097935 8.997640 -1.202853
v -0.660152 9.193736 -1.414666
v -0.366142 9.813986 -1.367898
v -0.222938 10.251064 -1.177419
v 1.436671 8.382100 -0.787411
v 1.123806 7.715754 -0.855511
v 0.863779 7.083718 -0.818055
v 0.613596 6.342969 -0.576628
v 0.504147 5.846688 -0.311986
v 0.447884 5.566020 0.019898
v 0.560606 5.560733 0.314981
v 0.768991 5.579117 0.508559
v 1.010893 5.847604 0.620559
v 1.334370 6.495650 0.697168
v 1.627474 7.144989 0.612378
v 1.768502 7.827830 0.290811
v 1.754482 8.520029 -0.135133
v 3.817626 14.790020 -0.658673
v 4.113202 14.777157 -0.549923
v 4.329317 14.790562 -0.423153
v 4.539049 14.845803 -0.217131
v 4.602540 14.963305 -0.074106
v 4.654604 15.120746 -0.068891
v 4.792037 15.277792 -0.093913
v 4.838192 15.413675 -0.148768
v 4.853801 15.514578 -0.261840
v 4.629464 15.507144 -0.417806
v 4.485229 15.394581 -0.531801
v 4.384251 15.345228 -0.646962
v 4.185556 15.198820 -0.736201
v 3.965344 15.053326 -0.747282
v 3.764336 14.914830 -0.733438
v -3.353038 14.872276 -0.797926
v -3.728103 15.043000 -0.778346
v -3.969107 15.172618 -0.717623
v -4.234359 15.289490 -0.643136
v -4.406381 15.386667 -0.548724
v -4.536401 15.491008 -0.432851
v -4.649447 15.508780 -0.250368
v -4.668344 15.375975 -0.128500
v -4.666476 15.248538 -0.100779
v -4.625172 15.124604 -0.069332
v -4.580522 14.973886 -0.076295
v -4.443060 14.847036 -0.220804
v -4.191158 14.777613 -0.405126
v -3.862527 14.738345 -0.529609
v -3.444707 14.740621 -0.699107
v -0.502683 10.281640 -1.192171
v -0.730111 9.872990 -1.368723
v -1.073912 9.352687 -1.298024
v -1.414230 9.212069 -0.940240
v -1.554733 9.085547 -0.556848
v -1.737066 8.481224 0.312987
v -1.621427 7.781674 0.680656
v -1.358958 7.092398 0.806785
v -1.032962 6.432540 0.743884
v -0.758814 5.783631 0.544990
v -0.528465 5.751741 0.340148
v -0.409240 5.772070 0.032368
v -0.477416 6.326303 -0.298368
v -0.522863 7.031013 -0.608180
v -0.804723 7.686644 -0.840896
v -1.099978 8.300591 -0.932709
v -1.431212 8.864251 -0.855081
v 1.613401 8.464641 -0.516744
v 1.434952 7.768418 -0.748984
v 1.151273 7.119899 -0.821731
v 0.885379 6.395629 -0.735307
v 0.667723 5.857459 -0.550014
v 0.502311 5.600383 -0.332458
v 0.476855 5.417133 0.020704
v 0.577133 5.407475 0.306126
v 0.775545 5.406005 0.501107
v 1.000491 5.624675 0.570355
v 1.267138 5.918641 0.574742
v 1.572652 6.541080 0.517838
v 1.754805 7.176239 0.249760
v 1.770940 7.854150 -0.136278
v 4.027191 14.839523 -0.645854
v 4.268474 14.810201 -0.551307
v 4.472631 14.790068 -0.409057
v 4.576564 14.823673 -0.202760
v 4.640668 14.951642 -0.069177
v 4.776123 15.120803 -0.045662
v 5.055701 15.300989 -0.080574
v 5.069469 15.421174 -0.147849
v 5.081927 15.512579 -0.265262
v 4.849285 15.524408 -0.432808
v 4.560204 15.402422 -0.512980
v 4.475391 15.335817 -0.643882
v 4.400751 15.239201 -0.769064
v 4.187563 15.072876 -0.770352
v 4.029449 14.969521 -0.705821
v -3.764336 14.914830 -0.733438
v -3.965344 15.053326 -0.747282
v -4.185556 15.198820 -0.736201
v -4.384251 15.345228 -0.646962
v -4.485229 15.394581 -0.531801
v -4.629464 15.507144 -0.417806
v -4.853801 15.514578 -0.261840
v -4.838192 15.413675 -0.148768
v -4.792037 15.277792 -0.093913
v -4.654604 15.120746 -0.068891
v -4.602540 14.963305 -0.074106
v -4.539049 14.845803 -0.217131
v -4.329317 14.790562 -0.423153
v -4.113202 14.777157 -0.549923
v -3.817626 14.790020 -0.658673
v -1.754482 8.520029 -0.135133
v -1.768502 7.827830 0.290811
v -1.627474 7.144989 0.612378
v -1.334366 6.495649 0.697168
v -1.010885 5.847602 0.620559
v -0.768984 5.579117 0.508558
v -0.560598 5.560732 0.314975
v -0.447880 5.566020 0.019860
v -0.504147 5.846688 -0.311986
v -0.613596 6.342969 -0.576628
v -0.863779 7.083718 -0.818055
v -1.123806 7.715754 -0.855511
v -1.436671 8.382100 -0.787411
v 1.636881 7.818975 -0.498221
v 1.410677 7.153124 -0.723203
v 1.147512 6.441926 -0.744579
v 0.881048 5.898636 -0.641758
v 0.669277 5.620923 -0.533704
v 0.501911 5.447489 -0.349510
v 0.515043 5.252666 0.006325
v 0.607223 5.235697 0.288073
v 0.801895 5.216334 0.488319
v 1.006099 5.442369 0.558784
v 1.240940 5.678116 0.523189
v 1.467029 5.966378 0.418692
v 1.680731 6.555694 0.195355
v 1.745953 7.189165 -0.145194
v 4.256600 14.907093 -0.628677
v 4.438434 14.812119 -0.568200
v 4.539161 14.769798 -0.404536
v 4.620907 14.801546 -0.190252
v 4.774590 14.954350 -0.057488
v 5.027578 15.140475 -0.025406
v 5.329564 15.295435 -0.078732
v 5.336338 15.409458 -0.148159
v 5.342302 15.497565 -0.265723
v 5.074987 15.539194 -0.411536
v 4.772611 15.445457 -0.514275
v 4.559144 15.325787 -0.638384
v 4.496294 15.237631 -0.747989
v 4.407217 15.116815 -0.802662
v 4.253785 14.983619 -0.676756
v -4.029449 14.969521 -0.705821
v -4.187563 15.072876 -0.770352
v -4.400751 15.239201 -0.769064
v -4.475391 15.335817 -0.643882
v -4.560204 15.402422 -0.512980
v -4.849285 15.524408 -0.432808
v -5.081927 15.512579 -0.265262
v -5.069469 15.421174 -0.147849
v -5.055701 15.300989 -0.080574
v -4.776123 15.120803 -0.045662
v -4.640668 14.951642 -0.069177
v -4.576564 14.823673 -0.202760
v -4.472631 14.790068 -0.409057
v -4.268474 14.810201 -0.551307
v -4.027191 14.839523 -0.645854
v -1.613401 8.464641 -0.516744
v -1.770940 7.854150 -0.136278
v -1.754805 7.176239 0.249760
v -1.572652 6.541080 0.517838
v -1.267134 5.918640 0.574743
v -1.000488 5.624675 0.570356
v -0.775544 5.406011 0.501056
v -0.577131 5.407484 0.306035
v -0.476850 5.417137 0.020644
v -0.502311 5.600383 -0.332458
v -0.667723 5.857459 -0.550014
v -0.885379 6.395629 -0.735307
v -1.151273 7.119899 -0.821731
v -1.434904 7.768418 -0.748984
v 1.611390 7.173695 -0.487590
v 1.354674 6.489281 -0.669804
v 1.132611 5.914895 -0.655150
v 0.881148 5.648014 -0.597043
v 0.662454 5.463069 -0.520429
v 0.519232 5.268727 -0.364497
v 0.550467 5.159416 -0.014284
v 0.639763 5.132361 0.270211
v 0.830450 5.103864 0.457072
v 1.014994 5.241624 0.537652
v 1.230604 5.489249 0.507375
v 1.428349 5.715473 0.375136
v 1.559468 5.959887 0.139022
v 1.670784 6.555680 -0.162504
v 4.438935 14.924660 -0.653831
v 4.508697 14.811337 -0.565195
v 4.606637 14.749526 -0.400029
v 4.793570 14.785238 -0.153424
v 5.001128 14.938448 -0.037203
v 5.327948 15.154888 -0.020138
v 5.632694 15.290631 -0.088090
v 5.621852 15.390202 -0.155302
v 5.621071 15.463802 -0.276342
v 5.345451 15.513163 -0.407098
v 5.077218 15.483440 -0.534071
v 4.765978 15.366545 -0.652067
v 4.579657 15.235718 -0.724652
v 4.498134 15.116319 -0.783107
v 4.436232 14.980494 -0.700705
v -4.253785 14.983619 -0.676756
v -4.407217 15.116815 -0.802662
v -4.496294 15.237631 -0.747989
v -4.559144 15.325787 -0.638384
v -4.772611 15.445457 -0.514275
v -5.074987 15.539194 -0.411536
v -5.342302 15.497574 -0.265685
v -5.336338 15.409467 -0.148121
v -5.329564 15.295435 -0.078732
v -5.027578 15.140475 -0.025406
v -4.774590 14.954350 -0.057488
v -4.620907 14.801546 -0.190252
v -4.539161 14.769798 -0.404536
v -4.438434 14.812119 -0.568200
v -4.256600 14.907093 -0.628677
v -1.636881 7.818975 -0.498221
v -1.745953 7.189165 -0.145194
v -1.680731 6.555694 0.195355
v -1.467029 5.966378 0.418692
v -1.240939 5.678116 0.523190
v -1.006095 5.442373 0.558752
v -0.801889 5.216333 0.488372
v -0.607216 5.235697 0.288148
v -0.515041 5.252666 0.006335
v -0.501911 5.447489 -0.349510
v -0.669277 5.620923 -0.533704
v -0.881048 5.898636 -0.641758
v -1.147512 6.441926 -0.744579
v -1.410677 7.153124 -0.723203
v 1.539523 6.524191 -0.468306
v 1.296788 5.930451 -0.591016
v 1.125052 5.667493 -0.619549
v 0.881920 5.482934 -0.567135
v 0.674824 5.268948 -0.525653
v 0.544586 5.144523 -0.369904
v 0.603663 4.927104 -0.057926
v 0.701239 4.897770 0.237874
v 0.869930 4.891445 0.409595
v 1.016999 5.116313 0.502782
v 1.217685 5.280426 0.487055
v 1.404927 5.528132 0.361913
v 1.517810 5.714554 0.118116
v 1.567109 5.971466 -0.170075
v 4.508502 14.924371 -0.646043
v 4.574418 14.810471 -0.561456
v 4.752098 14.742814 -0.373302
v 4.974260 14.785914 -0.143830
v 5.321844 14.943976 -0.049623
v 5.637125 15.143215 -0.037434
v 5.979358 15.262747 -0.121251
v 5.980278 15.345930 -0.171417
v 5.983789 15.406675 -0.290013
v 5.628429 15.473557 -0.403856
v 5.342386 15.463787 -0.516674
v 5.069441 15.392305 -0.626202
v 4.765002 15.245595 -0.730935
v 4.576257 15.115742 -0.762001
v 4.506328 15.003397 -0.705382
v -4.436232 14.980494 -0.700709
v -4.498134 15.116319 -0.783107
v -4.579657 15.235718 -0.724652
v -4.765978 15.366545 -0.652067
v -5.077218 15.483440 -0.534071
v -5.345451 15.513170 -0.407060
v -5.621071 15.463802 -0.276342
v -5.621852 15.390202 -0.155302
v -5.632694 15.290631 -0.088090
v -5.327948 15.154888 -0.020138
v -5.001128 14.938448 -0.037203
v -4.793570 14.785238 -0.153424
v -4.606637 14.749526 -0.400029
v -4.508697 14.811337 -0.565195
v -4.438935 14.924658 -0.653835
v -1.611390 7.173695 -0.487590
v -1.670784 6.555680 -0.162504
v -1.559468 5.959887 0.139022
v -1.428292 5.715473 0.375136
v -1.230600 5.489252 0.507351
v -1.014992 5.241623 0.537694
v -0.830446 5.103863 0.457120
v -0.639759 5.132360 0.270285
v -0.550467 5.159416 -0.014267
v -0.519232 5.268727 -0.364497
v -0.662454 5.463069 -0.520429
v -0.881091 5.648014 -0.597043
v -1.132611 5.914895 -0.655150
v -1.354674 6.489281 -0.669804
v 1.450191 5.942971 -0.431071
v 1.282187 5.680317 -0.544852
v 1.117719 5.505063 -0.587894
v 0.897571 5.271703 -0.584152
v 0.691479 5.125940 -0.532363
v 0.573303 4.925052 -0.367691
v 0.622322 4.686288 -0.071450
v 0.735690 4.653281 0.222804
v 0.891579 4.667677 0.383815
v 1.040537 4.888034 0.469858
v 1.206266 5.144697 0.463169
v 1.376608 5.315113 0.352760
v 1.492741 5.541483 0.116351
v 1.530527 5.710316 -0.164598
v 4.570516 14.924029 -0.637568
v 4.734539 14.827229 -0.536550
v 4.985242 14.735209 -0.347757
v 5.335083 14.816950 -0.162627
v 5.628513 14.979198 -0.072120
v 5.990841 15.145163 -0.087011
v 6.327360 15.243120 -0.161294
v 6.324210 15.310805 -0.210579
v 6.324127 15.359368 -0.307861
v 5.991705 15.421211 -0.395260
v 5.623747 15.418744 -0.499945
v 5.349938 15.389114 -0.608564
v 5.063003 15.275719 -0.711402
v 4.770409 15.130020 -0.747137
v 4.567226 15.026234 -0.709320
v -4.506328 15.003397 -0.705382
v -4.576257 15.115742 -0.762001
v -4.765002 15.245595 -0.730935
v -5.069441 15.392305 -0.626202
v -5.342386 15.463797 -0.516636
v -5.628429 15.473557 -0.403856
v -5.983789 15.406675 -0.290013
v -5.980278 15.345930 -0.171417
v -5.979358 15.262747 -0.121251
v -5.637125 15.143215 -0.037434
v -5.321844 14.943976 -0.049623
v -4.974260 14.785914 -0.143830
v -4.752098 14.742814 -0.373302
v -4.574418 14.810471 -0.561456
v -4.508502 14.924371 -0.646043
v -1.539523 6.524191 -0.468306
v -1.567109 5.971466 -0.170075
v -1.517810 5.714554 0.118116
v -1.404927 5.528133 0.361893
v -1.217687 5.280426 0.487093
v -1.016999 5.116313 0.502821
v -0.869928 4.891444 0.409619
v -0.701237 4.897768 0.237912
v -0.603664 4.927104 -0.057915
v -0.544586 5.144523 -0.369904
v -0.674824 5.268948 -0.525653
v -0.881920 5.482934 -0.567135
v -1.125052 5.667493 -0.619549
v -1.296788 5.930451 -0.591016
v 1.427721 5.690562 -0.410591
v 1.269183 5.515807 -0.505133
v 1.106462 5.292067 -0.594337
v 0.911183 5.112216 -0.605850
v 0.711719 4.875734 -0.544044
v 0.579436 4.703092 -0.353013
v 1.063502 4.653099 0.458590
v 1.204014 4.899203 0.439804
v 1.355309 5.172184 0.345892
v 1.468975 5.329495 0.119689
v 1.502545 5.543706 -0.154885
v 4.744879 14.913652 -0.598810
v 4.994578 14.847810 -0.522296
v 5.325189 14.799418 -0.345425
v 5.635899 14.884052 -0.169700
v 5.995217 15.025353 -0.112661
v 6.326580 15.122683 -0.132662
v 6.582383 15.233398 -0.182635
v 6.574467 15.293980 -0.234599
v 6.574356 15.336687 -0.315002
v 6.327834 15.366127 -0.392200
v 5.992485 15.369209 -0.476929
v 5.630186 15.366499 -0.583359
v 5.356627 15.278559 -0.678654
v 5.050907 15.150477 -0.742198
v 4.766758 15.015548 -0.673559
v -4.567226 15.026236 -0.709314
v -4.770409 15.130020 -0.747137
v -5.063003 15.275719 -0.711402
v -5.349938 15.389122 -0.608525
v -5.623747 15.418744 -0.499945
v -5.991705 15.421211 -0.395260
v -6.324127 15.359368 -0.307861
v -6.324210 15.310805 -0.210579
v -6.327360 15.243120 -0.161294
v -5.990841 15.145163 -0.087011
v -5.628513 14.979198 -0.072120
v -5.335083 14.816950 -0.162627
v -4.985242 14.735209 -0.347757
v -4.734539 14.827229 -0.536550
v -4.570516 14.924030 -0.637562
v -1.450191 5.942971 -0.431071
v -1.530527 5.710316 -0.164598
v -1.492741 5.541483 0.116351
v -1.376609 5.315114 0.352796
v -1.206268 5.144697 0.463203
v -1.040537 4.888034 0.469876
v -0.891578 4.667677 0.383814
v -0.735690 4.653280 0.222804
v -0.622322 4.686288 -0.071451
v -0.573303 4.925052 -0.367692
v -0.691479 5.125940 -0.532363
v -0.897571 5.271703 -0.584152
v -1.117718 5.505063 -0.587894
v -1.282187 5.680317 -0.544852
v 1.410765 5.530702 -0.396164
v 1.272609 5.306005 -0.508271
v 1.100975 5.132055 -0.609699
v 0.922040 4.887114 -0.666542
v 0.715316 4.623825 -0.551000
v 0.640919 2.764704 0.034832
v 0.743329 2.782984 0.219121
v 0.877893 2.808870 0.332698
v 1.209300 4.651499 0.430904
v 1.336279 4.915646 0.338110
v 1.444570 5.184834 0.114754
v 1.476735 5.336836 -0.149599
v 5.010828 14.911996 -0.605296
v 5.318472 14.859982 -0.511008
v 5.629127 14.867430 -0.354125
v 5.998116 14.949920 -0.201097
v 6.328224 15.044350 -0.160508
v 6.587009 15.134245 -0.154937
v 6.829045 15.223679 -0.183162
v 6.824724 15.277153 -0.242537
v 6.824614 15.314007 -0.314408
v 6.574384 15.340889 -0.392309
v 6.328531 15.327158 -0.468919
v 5.991845 15.323841 -0.555181
v 5.621350 15.270372 -0.641284
v 5.351611 15.143314 -0.704614
v 5.031703 15.015838 -0.675758
v -4.766758 15.015548 -0.673559
v -5.050907 15.150477 -0.742198
v -5.356627 15.278559 -0.678654
v -5.630186 15.366499 -0.583359
v -5.992485 15.369209 -0.476929
v -6.327834 15.366127 -0.392200
v -6.574356 15.336687 -0.315002
v -6.574467 15.293980 -0.234599
v -6.582383 15.233398 -0.182635
v -6.326580 15.122683 -0.132662
v -5.995217 15.025353 -0.112661
v -5.635899 14.884052 -0.169700
v -5.325189 14.799418 -0.345425
v -4.994578 14.847810 -0.522296
v -4.744879 14.913652 -0.598810
v -1.427721 5.690562 -0.410591
v -1.502545 5.543706 -0.154885
v -1.468975 5.329495 0.119689
v -1.355309 5.172184 0.345923
v -1.204015 4.899204 0.439819
v -1.063502 4.653099 0.458590
v -0.579436 4.703092 -0.353014
v -0.711719 4.875734 -0.544044
v -0.911183 5.112216 -0.605850
v -1.106462 5.292067 -0.594337
v -1.269183 5.515807 -0.505133
v 1.394278 5.332897 -0.395942
v 1.282235 5.157098 -0.534937
v 1.121115 4.906324 -0.658000
v 0.926355 4.660365 -0.713218
v 0.605840 2.773009 -0.215413
v 0.692858 2.194770 -0.018370
v 0.762713 2.192266 0.168246
v 0.868522 2.209523 0.281625
v 1.018476 2.834182 0.380309
v 1.330223 4.658820 0.336166
v 1.433300 4.933870 0.109553
v 1.462320 5.187300 -0.150250
v 5.319726 14.934135 -0.592231
v 5.635676 14.887297 -0.506256
v 5.993404 14.920971 -0.357754
v 6.330258 15.000850 -0.248546
v 6.577840 15.059448 -0.187136
v 6.836319 15.143025 -0.153758
v 6.880244 15.225117 -0.181743
v 6.878126 15.277489 -0.240000
v 6.878544 15.308140 -0.317020
v 6.820767 15.317084 -0.402097
v 6.570733 15.311944 -0.472829
v 6.319110 15.288403 -0.541610
v 5.985127 15.245228 -0.591263
v 5.616611 15.153175 -0.670624
v 5.328701 15.015232 -0.670039
v -5.031703 15.015838 -0.675758
v -5.351611 15.143314 -0.704614
v -5.621350 15.270372 -0.641284
v -5.991845 15.323841 -0.555181
v -6.328531 15.327158 -0.468919
v -6.574384 15.340889 -0.392309
v -6.824614 15.314007 -0.314408
v -6.824724 15.277153 -0.242537
v -6.829045 15.223679 -0.183162
v -6.587009 15.134245 -0.154937
v -6.328224 15.044350 -0.160508
v -5.998116 14.949920 -0.201097
v -5.629127 14.867430 -0.354125
v -5.318472 14.859982 -0.511008
v -5.010828 14.911996 -0.605296
v -1.410765 5.530702 -0.396164
v -1.476735 5.336836 -0.149599
v -1.444570 5.184834 0.114754
v -1.336280 4.915647 0.338124
v -1.209300 4.651499 0.430904
v -0.877891 2.808869 0.332700
v -0.743328 2.782983 0.219135
v -0.640919 2.764704 0.034832
v -0.715316 4.623825 -0.551000
v -0.922040 4.887114 -0.666542
v -1.100975 5.132055 -0.609699
v -1.272609 5.306005 -0.508271
v 1.386665 5.188022 -0.399372
v 1.306354 4.938279 -0.591490
v 1.140131 4.680159 -0.698216
v 0.718317 2.837697 -0.414261
v 0.681815 2.226200 -0.208533
v 0.703920 1.619592 -0.044726
v 0.757869 1.610364 0.148196
v 0.847714 1.630070 0.260336
v 0.987066 2.230455 0.330841
v 1.139197 2.857788 0.361580
v 1.437143 4.682631 0.111284
v 1.465523 4.956108 -0.154835
v 5.627007 14.953522 -0.595472
v 5.999565 14.938980 -0.488593
v 6.324294 14.965187 -0.369418
v 6.576864 15.023329 -0.272654
v 6.830243 15.074548 -0.193112
v 6.881192 15.147657 -0.154170
v 6.920770 15.223209 -0.179394
v 6.921244 15.276480 -0.235374
v 6.921021 15.305979 -0.319506
v 6.862434 15.313158 -0.403201
v 6.812908 15.296733 -0.481308
v 6.560616 15.274506 -0.534573
v 6.313146 15.224230 -0.576146
v 5.982452 15.157391 -0.619987
v 5.624193 15.033360 -0.660432
v -5.328701 15.015232 -0.670039
v -5.616611 15.153175 -0.670624
v -5.985127 15.245228 -0.591263
v -6.319110 15.288403 -0.541610
v -6.570733 15.311944 -0.472829
v -6.820767 15.317084 -0.402097
v -6.878544 15.308140 -0.317020
v -6.878126 15.277489 -0.240000
v -6.880244 15.225117 -0.181743
v -6.836319 15.143025 -0.153758
v -6.577840 15.059448 -0.187136
v -6.330258 15.000850 -0.248546
v -5.993404 14.920971 -0.357754
v -5.635676 14.887297 -0.506256
v -5.319726 14.934135 -0.592231
v -1.394278 5.332897 -0.395942
v -1.462320 5.187300 -0.150250
v -1.433300 4.933870 0.109553
v -1.330223 4.658820 0.336166
v -1.018478 2.834183 0.380321
v -0.868517 2.209522 0.281631
v -0.762709 2.192265 0.168283
v -0.692858 2.194770 -0.018370
v -0.605840 2.773009 -0.215413
v -0.926355 4.660365 -0.713218
v -1.121115 4.906324 -0.658000
v -1.282235 5.157098 -0.534937
v 1.405748 4.959551 -0.427772
v 1.324682 4.717537 -0.635326
v 0.908130 2.885555 -0.489896
v 0.774385 2.252125 -0.332922
v 0.701603 1.667832 -0.184527
v 0.697647 1.503522 -0.052216
v 0.749419 1.490352 0.142227
v 0.839450 1.512411 0.253773
v 0.960198 1.647263 0.314029
v 1.093459 2.246793 0.317684
v 1.242612 2.877785 0.293213
v 1.480114 4.725295 -0.154560
v 5.983232 14.998478 -0.568364
v 6.323626 14.974335 -0.476921
v 6.572990 15.000602 -0.379480
v 6.825589 15.042707 -0.275333
v 6.881610 15.079434 -0.196237
v 6.916254 15.149899 -0.152415
v 6.963135 15.226315 -0.177917
v 6.965001 15.275627 -0.232575
v 6.969266 15.304115 -0.316167
v 6.918790 15.309271 -0.401537
v 6.851202 15.297929 -0.481849
v 6.805995 15.270483 -0.548233
v 6.554093 15.214933 -0.575686
v 6.315013 15.157268 -0.589555
v 5.978104 15.074723 -0.625099
v -5.624193 15.033360 -0.660432
v -5.982452 15.157391 -0.619987
v -6.313146 15.224230 -0.576146
v -6.560616 15.274506 -0.534573
v -6.812908 15.296733 -0.481308
v -6.862434 15.313158 -0.403201
v -6.921021 15.305979 -0.319506
v -6.921244 15.276480 -0.235374
v -6.920770 15.223209 -0.179394
v -6.881192 15.147657 -0.154170
v -6.830243 15.074548 -0.193112
v -6.576864 15.023329 -0.272654
v -6.324294 14.965187 -0.369418
v -5.999565 14.938980 -0.488593
v -5.627007 14.953522 -0.595472
v -1.386665 5.188022 -0.399372
v -1.465523 4.956108 -0.154835
v -1.437143 4.682631 0.111284
v -1.139197 2.857788 0.361588
v -0.987072 2.230456 0.330874
v -0.847702 1.630066 0.260359
v -0.757854 1.610356 0.148310
v -0.703920 1.619592 -0.044726
v -0.681815 2.226200 -0.208533
v -0.718317 2.837697 -0.414261
v -1.140131 4.680159 -0.698216
v -1.306354 4.938279 -0.591490
v 1.436969 4.731881 -0.449945
v 1.058326 2.925746 -0.496192
v 0.901390 2.258202 -0.402112
v 0.788756 1.683166 -0.277171
v 0.697889 1.554108 -0.182527
v 0.654381 1.311767 -0.041829
v 0.699911 1.306109 0.150702
v 0.805631 1.320685 0.271748
v 0.953084 1.528394 0.307789
v 1.064295 1.652428 0.304558
v 1.187800 2.259182 0.260051
v 1.327875 2.891279 0.157122
v 6.316936 15.032320 -0.543631
v 6.560616 15.006062 -0.475210
v 6.821213 15.036018 -0.376447
v 6.879854 15.045436 -0.274937
v 6.920240 15.083935 -0.194302
v 6.951679 15.151991 -0.151966
v 7.046274 15.229103 -0.158674
v 7.033871 15.274704 -0.221945
v 7.040198 15.302540 -0.297421
v 6.969907 15.310875 -0.401495
v 6.910931 15.295590 -0.481745
v 6.844931 15.274836 -0.552946
v 6.796770 15.228498 -0.591085
v 6.553201 15.167404 -0.583127
v 6.311445 15.096340 -0.592947
v -5.978104 15.074723 -0.625099
v -6.315013 15.157268 -0.589555
v -6.554093 15.214933 -0.575686
v -6.805995 15.270483 -0.548233
v -6.851202 15.297929 -0.481849
v -6.918790 15.309271 -0.401537
v -6.969266 15.304115 -0.316167
v -6.965001 15.275627 -0.232575
v -6.963135 15.226315 -0.177917
v -6.916254 15.149899 -0.152415
v -6.881610 15.079434 -0.196237
v -6.825589 15.042707 -0.275333
v -6.572990 15.000602 -0.379480
v -6.323626 14.974335 -0.476921
v -5.983232 14.998478 -0.568364
v -1.405748 4.959551 -0.427772
v -1.480114 4.725295 -0.154560
v -1.242612 2.877785 0.293213
v -1.093461 2.246793 0.317703
v -0.960218 1.647263 0.314126
v -0.839434 1.512405 0.253807
v -0.749398 1.490339 0.142394
v -0.697647 1.503522 -0.052216
v -0.701603 1.667832 -0.184527
v -0.774385 2.252125 -0.332921
v -0.908130 2.885555 -0.489896
v -1.324682 4.717537 -0.635326
v 1.203907 2.951269 -0.454283
v 1.024469 2.290486 -0.398824
v 0.901353 1.660000 -0.330885
v 0.789376 1.566205 -0.268568
v 0.711421 1.321578 -0.181097
v 0.621310 1.129488 -0.062719
v 0.666824 1.140580 0.138133
v 0.780435 1.166739 0.280670
v 0.939979 1.337374 0.337809
v 1.057926 1.530623 0.298673
v 1.158802 1.650823 0.251307
v 1.266621 2.266639 0.152684
v 1.386730 2.918292 -0.044249
v 6.555070 15.059555 -0.546326
v 6.797634 15.037790 -0.478172
v 6.869597 15.037661 -0.382677
v 6.925508 15.049956 -0.270160
v 6.948278 15.086115 -0.190609
v 6.982728 15.154844 -0.145658
v 7.138278 15.240993 -0.146938
v 7.123478 15.276373 -0.198990
v 7.106839 15.305777 -0.285327
v 7.037300 15.311449 -0.399204
v 6.961462 15.295256 -0.487582
v 6.902123 15.282553 -0.554169
v 6.841336 15.229750 -0.595252
v 6.793480 15.177544 -0.595803
v 6.551948 15.112303 -0.580772
v -6.311445 15.096340 -0.592947
v -6.553201 15.167404 -0.583127
v -6.796770 15.228498 -0.591085
v -6.844931 15.274836 -0.552946
v -6.910931 15.295590 -0.481745
v -6.969907 15.310875 -0.401495
v -7.040198 15.302540 -0.297421
v -7.033871 15.274704 -0.221945
v -7.046274 15.229103 -0.158674
v -6.951679 15.151991 -0.151966
v -6.920240 15.083935 -0.194302
v -6.879854 15.045436 -0.274937
v -6.821213 15.036018 -0.376447
v -6.560616 15.006062 -0.475210
v -6.316936 15.032320 -0.543631
v -1.436969 4.731881 -0.449945
v -1.327875 2.891279 0.157122
v -1.187800 2.259182 0.260051
v -1.064301 1.652427 0.304615
v -0.953114 1.528393 0.307932
v -0.805631 1.320685 0.271748
v -0.699911 1.306109 0.150702
v -0.654381 1.311767 -0.041829
v -0.697889 1.554108 -0.182527
v -0.788756 1.683166 -0.277171
v -0.901390 2.258202 -0.402112
v -1.058326 2.925746 -0.496192
v 1.346110 2.939837 -0.287383
v 1.136064 2.309820 -0.360618
v 1.002161 1.661603 -0.336293
v 0.900308 1.537357 -0.323043
v 0.792346 1.331109 -0.269092
v 0.728344 1.133418 -0.217230
v 0.558968 0.972098 -0.064455
v 0.614961 1.038671 0.147107
v 0.746780 1.078035 0.308215
v 0.930140 1.186247 0.368424
v 1.066324 1.342425 0.325256
v 1.153307 1.525540 0.245817
v 1.239180 1.644573 0.152669
v 1.317682 2.283104 -0.021415
v 6.793230 15.086792 -0.556892
v 6.856024 15.041918 -0.483253
v 6.925369 15.041578 -0.346212
v 6.954132 15.051369 -0.264873
v 6.979076 15.090357 -0.172200
v 7.036770 15.143993 -0.113567
v 7.089392 15.193039 -0.121115
v 7.154526 15.208570 -0.105903
v 7.226490 15.247641 -0.120613
v 7.224540 15.283451 -0.178349
v 7.221530 15.311060 -0.247283
v 7.117598 15.315161 -0.400500
v 7.022500 15.296179 -0.511203
v 6.964305 15.276468 -0.560772
v 6.889721 15.237497 -0.596910
v 6.842172 15.184050 -0.600332
v 6.785844 15.122648 -0.590851
v -6.551948 15.112303 -0.580772
v -6.793480 15.177544 -0.595803
v -6.841336 15.229750 -0.595252
v -6.902123 15.282553 -0.554169
v -6.961462 15.295256 -0.487582
v -7.037300 15.311449 -0.399204
v -7.106839 15.305777 -0.285327
v -7.123478 15.276373 -0.198990
v -7.138278 15.240993 -0.146938
v -6.982728 15.154844 -0.145658
v -6.948278 15.086115 -0.190609
v -6.925508 15.049956 -0.270160
v -6.869597 15.037661 -0.382677
v -6.797634 15.037790 -0.478172
v -6.555070 15.059555 -0.546326
v -1.386730 2.918292 -0.044249
v -1.266621 2.266639 0.152684
v -1.158802 1.650823 0.251307
v -1.057937 1.530622 0.298757
v -0.939979 1.337374 0.337809
v -0.780435 1.166739 0.280670
v -0.666824 1.140580 0.138133
v -0.621310 1.129488 -0.062719
v -0.711421 1.321578 -0.181097
v -0.789376 1.566205 -0.268568
v -0.901353 1.660000 -0.330885
v -1.024469 2.290486 -0.398824
v -1.203907 2.951269 -0.454283
v 1.253614 2.304197 -0.233902
v 1.096977 1.673967 -0.299425
v 0.996795 1.530139 -0.334306
v 0.893792 1.342480 -0.324908
v 0.801933 1.122492 -0.281996
v 0.734181 0.963708 -0.245027
v 0.538162 0.856934 -0.019682
v 0.600243 0.930561 0.199344
v 0.802148 0.988933 0.418545
v 0.917942 1.109362 0.403790
v 1.071748 1.189776 0.349956
v 1.176834 1.341728 0.256331
v 1.234262 1.516231 0.148557
v 1.280753 1.637152 -0.009553
v 6.848275 15.089422 -0.561792
v 6.928239 15.045477 -0.460697
v 6.931723 15.042088 -0.417117
v 6.931472 15.040342 -0.385879
v 6.966088 15.042116 -0.328648
v 6.978686 15.045399 -0.237110
v 7.000621 15.072304 -0.143373
v 7.086130 15.130055 -0.072245
v 7.126905 15.167070 -0.080944
v 7.169159 15.181992 -0.074369
v 7.235577 15.215298 -0.084642
v 7.334186 15.255634 -0.095050
v 7.334939 15.290319 -0.150408
v 7.337865 15.320105 -0.216909
v 7.215593 15.325089 -0.325058
v 7.087468 15.302520 -0.536189
v 7.007756 15.270849 -0.585301
v 6.966645 15.231110 -0.604603
v 6.890835 15.182938 -0.602493
v 6.845377 15.128084 -0.595452
v -6.785844 15.122648 -0.590851
v -6.842172 15.184050 -0.600332
v -6.889721 15.237497 -0.596910
v -6.964305 15.276468 -0.560772
v -7.022500 15.296179 -0.511203
v -7.117598 15.315161 -0.400500
v -7.221530 15.311060 -0.247283
v -7.224540 15.283451 -0.178349
v -7.226490 15.247641 -0.120613
v -7.154526 15.208570 -0.105903
v -7.089392 15.193039 -0.121115
v -7.036770 15.143993 -0.113567
v -6.979076 15.090357 -0.172200
v -6.954132 15.051369 -0.264873
v -6.925369 15.041578 -0.346212
v -6.856024 15.041918 -0.483253
v -6.793230 15.086792 -0.556892
v -1.346110 2.939837 -0.287383
v -1.317682 2.283104 -0.021415
v -1.239180 1.644573 0.152669
v -1.153307 1.525540 0.245817
v -1.066324 1.342425 0.325256
v -0.930140 1.186247 0.368424
v -0.746780 1.078035 0.308215
v -0.614961 1.038671 0.147107
v -0.558968 0.972098 -0.064455
v -0.728344 1.133418 -0.217230
v -0.792346 1.331109 -0.269092
v -0.900308 1.537357 -0.323043
v -1.002161 1.661603 -0.336293
v -1.136064 2.309820 -0.360618
v 1.202928 1.659527 -0.198900
v 1.093931 1.542263 -0.300537
v 1.000940 1.334928 -0.322288
v 0.887973 1.127537 -0.340642
v 0.780107 0.952058 -0.294119
v 0.717581 0.814681 -0.229219
v 0.638407 0.700993 -0.060432
v 0.604276 0.722535 0.188670
v 0.618509 0.701578 0.455883
v 0.946121 1.034791 0.473460
v 1.075616 1.098209 0.369338
v 1.194335 1.185063 0.262733
v 1.245311 1.339109 0.146988
v 1.273798 1.503494 -0.011754
v 6.896410 15.092549 -0.567645
v 6.915390 15.066677 -0.528642
v 6.925674 15.047970 -0.492743
v 6.971049 15.044083 -0.453514
v 6.973698 15.042908 -0.416462
v 6.971607 15.043184 -0.370068
v 7.011602 15.018713 -0.304074
v 7.002795 15.022280 -0.187323
v 7.046302 15.084916 -0.092555
v 7.124482 15.117107 -0.037562
v 7.171723 15.149912 -0.042183
v 7.208652 15.157555 -0.036623
v 7.244077 15.191982 -0.051077
v 7.337196 15.223173 -0.058931
v 7.450465 15.260268 -0.074430
v 7.444974 15.297626 -0.123016
v 7.445393 15.327662 -0.193714
v 7.343857 15.335932 -0.300052
v 7.218604 15.331840 -0.398836
v 7.204082 15.330412 -0.486063
v 7.194633 15.323822 -0.523970
v 7.066928 15.267582 -0.629664
v 7.002795 15.226534 -0.642215
v 6.953156 15.178901 -0.612911
v 6.893122 15.134321 -0.593894
v -6.845377 15.128084 -0.595452
v -6.890835 15.182938 -0.602493
v -6.966645 15.231110 -0.604603
v -7.007756 15.270849 -0.585301
v -7.087468 15.302520 -0.536189
v -7.215593 15.325089 -0.325058
v -7.337865 15.320105 -0.216909
v -7.334939 15.290319 -0.150408
v -7.334186 15.255634 -0.095050
v -7.235577 15.215298 -0.084642
v -7.169159 15.181992 -0.074369
v -7.126905 15.167070 -0.080944
v -7.086130 15.130055 -0.072245
v -7.000621 15.072304 -0.143373
v -6.978686 15.045399 -0.237110
v -6.966088 15.042116 -0.328648
v -6.931472 15.040342 -0.385879
v -6.931723 15.042088 -0.417117
v -6.928239 15.045477 -0.460697
v -6.848275 15.089422 -0.561792
v -1.253614 2.304197 -0.233902
v -1.280753 1.637152 -0.009553
v -1.234262 1.516231 0.148557
v -1.176834 1.341728 0.256331
v -1.071748 1.189776 0.349956
v -0.917942 1.109362 0.403790
v -0.802148 0.988933 0.418545
v -0.600243 0.930561 0.199344
v -0.538162 0.856934 -0.019682
v -0.734181 0.963708 -0.245027
v -0.801933 1.122492 -0.281996
v -0.893792 1.342480 -0.324908
v -0.996795 1.530139 -0.334306
v -1.096977 1.673967 -0.299425
v 1.198130 1.526181 -0.195484
v 1.095930 1.335819 -0.283725
v 0.994505 1.138936 -0.346583
v 0.884539 0.959026 -0.384175
v 0.772047 0.788927 -0.308215
v 0.687037 0.650685 -0.213823
v 0.644257 0.559936 -0.076489
v 0.602398 0.577852 0.246744
v 0.600839 0.555867 0.592639
v 0.753602 0.800550 0.700431
v 0.912947 0.861225 0.718172
v 1.095260 1.007885 0.472764
v 1.212549 1.067948 0.257903
v 1.261558 1.177454 0.138535
v 1.285699 1.321661 -0.005577
v 6.944321 15.098269 -0.580287
v 6.957783 15.069339 -0.536538
v 6.973530 15.052784 -0.496749
v 7.012661 15.018660 -0.450925
v 7.024562 15.013153 -0.398686
v 7.026709 15.010263 -0.344345
v 7.043097 14.989121 -0.271863
v 7.035851 14.986219 -0.123501
v 7.048309 15.037970 -0.089205
v 7.076459 15.072321 -0.055021
v 7.200876 15.088029 0.025631
v 7.247116 15.124043 0.018956
v 7.284993 15.139454 0.005087
v 7.261581 15.169578 -0.026079
v 7.336806 15.191605 -0.025728
v 7.452472 15.225126 -0.037002
v 7.564013 15.263689 -0.054775
v 7.555652 15.307703 -0.103581
v 7.557352 15.334926 -0.174143
v 7.442243 15.346630 -0.283747
v 7.339063 15.345486 -0.399009
v 7.321392 15.345441 -0.482690
v 7.303638 15.337885 -0.536733
v 7.185743 15.317617 -0.559632
v 7.169410 15.300764 -0.621846
v 7.156701 15.267953 -0.692249
v 7.052713 15.227381 -0.675764
v 6.993068 15.179932 -0.659180
v 6.946439 15.133297 -0.601815
v -6.893122 15.134321 -0.593894
v -6.953156 15.178901 -0.612911
v -7.002795 15.226534 -0.642215
v -7.066928 15.267582 -0.629664
v -7.194633 15.323822 -0.523970
v -7.204082 15.330412 -0.486063
v -7.218604 15.331840 -0.398836
v -7.343857 15.335932 -0.300052
v -7.445393 15.327662 -0.193714
v -7.444974 15.297626 -0.123016
v -7.450465 15.260268 -0.074430
v -7.337196 15.223173 -0.058931
v -7.244077 15.191982 -0.051077
v -7.208652 15.157555 -0.036623
v -7.171723 15.149912 -0.042183
v -7.124482 15.117107 -0.037562
v -7.046302 15.084916 -0.092555
v -7.002795 15.022280 -0.187323
v -7.011602 15.018713 -0.304074
v -6.971607 15.043184 -0.370068
v -6.973698 15.042908 -0.416462
v -6.971049 15.044083 -0.453514
v -6.925674 15.047970 -0.492743
v -6.915390 15.066677 -0.528642
v -6.896410 15.092549 -0.567645
v -1.202928 1.659527 -0.198900
v -1.273798 1.503494 -0.011754
v -1.245311 1.339109 0.146988
v -1.194335 1.185063 0.262733
v -1.075616 1.098209 0.369338
v -0.946121 1.034791 0.473460
v -0.618509 0.701578 0.455883
v -0.604276 0.722535 0.188670
v -0.638407 0.700993 -0.060432
v -0.717581 0.814681 -0.229219
v -0.780107 0.952058 -0.294119
v -0.887973 1.127537 -0.340642
v -1.000940 1.334928 -0.322288
v -1.093931 1.542263 -0.300537
v 1.203062 1.335346 -0.182166
v 1.102891 1.132358 -0.297013
v 1.000606 0.974133 -0.400346
v 0.879527 0.832296 -0.425849
v 0.775328 0.649069 -0.350793
v 0.672033 0.509739 -0.237051
v 0.627445 0.345856 -0.039532
v 0.644061 0.346200 0.315857
v 0.669316 0.300453 0.663259
v 0.632768 0.329579 1.057290
v 0.741731 0.647453 1.018652
v 0.925175 0.682676 1.009784
v 1.090101 0.839292 0.709994
v 1.244035 0.943251 0.295274
v 1.287556 1.042418 0.132091
v 1.299158 1.174807 -0.017996
v 6.976708 15.087019 -0.628407
v 6.987047 15.045618 -0.563004
v 7.000259 15.028441 -0.509935
v 7.056754 14.998274 -0.448796
v 7.068126 14.994568 -0.396127
v 7.090840 14.963051 -0.337246
v 7.078048 14.928089 -0.200838
v 7.100512 14.928574 -0.059603
v 7.124147 14.991521 -0.005610
v 7.153606 15.043574 0.016729
v 7.273622 15.062508 0.072034
v 7.343410 15.101089 0.059915
v 7.388117 15.118431 0.046835
v 7.318968 15.157495 -0.002146
v 7.446925 15.180811 0.000775
v 7.567719 15.213924 -0.017394
v 7.667081 15.261484 -0.042110
v 7.663514 15.315880 -0.094197
v 7.660058 15.345289 -0.165990
v 7.560529 15.358082 -0.266838
v 7.437616 15.360055 -0.395704
v 7.425520 15.355120 -0.480396
v 7.403725 15.346102 -0.550688
v 7.284993 15.326180 -0.592707
v 7.259072 15.302408 -0.669295
v 7.244941 15.274925 -0.736097
v 7.141343 15.228819 -0.734511
v 7.038527 15.176646 -0.691831
v 6.984177 15.125687 -0.653004
v -6.946439 15.133297 -0.601815
v -6.993068 15.179932 -0.659180
v -7.052713 15.227381 -0.675764
v -7.156701 15.267953 -0.692249
v -7.169410 15.300764 -0.621846
v -7.185743 15.317617 -0.559632
v -7.303638 15.337885 -0.536733
v -7.321392 15.345441 -0.482690
v -7.339063 15.345486 -0.399009
v -7.442243 15.346630 -0.283747
v -7.557352 15.334926 -0.174143
v -7.555652 15.307703 -0.103581
v -7.564013 15.263689 -0.054775
v -7.452472 15.225126 -0.037002
v -7.336806 15.191605 -0.025728
v -7.261581 15.169578 -0.026079
v -7.284993 15.139454 0.005087
v -7.247116 15.124043 0.018956
v -7.200876 15.088029 0.025631
v -7.076459 15.072321 -0.055021
v -7.048309 15.037970 -0.089205
v -7.035851 14.986219 -0.123501
v -7.043097 14.989121 -0.271863
v -7.026709 15.010263 -0.344345
v -7.024562 15.013153 -0.398686
v -7.012661 15.018660 -0.450925
v -6.973530 15.052784 -0.496749
v -6.957783 15.069339 -0.536538
v -6.944321 15.098269 -0.580287
v -1.198130 1.526181 -0.195484
v -1.285699 1.321661 -0.005577
v -1.261558 1.177454 0.138535
v -1.212549 1.067948 0.257903
v -1.095260 1.007885 0.472764
v -0.912947 0.861225 0.718172
v -0.753602 0.800550 0.700431
v -0.600839 0.555867 0.592639
v -0.602398 0.577852 0.246744
v -0.644257 0.559936 -0.076489
v -0.687037 0.650685 -0.213823
v -0.772047 0.788927 -0.308215
v -0.884539 0.959026 -0.384175
v -0.994505 1.138936 -0.346583
v -1.095930 1.335819 -0.283725
v 1.213025 1.159840 -0.185561
v 1.103850 0.979456 -0.320229
v 1.002421 0.846426 -0.432838
v 0.879907 0.672062 -0.463779
v 0.722692 0.515008 -0.403758
v 0.589991 0.333425 -0.218026
v 0.708994 0.015775 -0.031700
v 0.834950 0.078072 0.290565
v 0.960993 0.115220 0.610856
v 0.804785 0.149976 1.112615
v 0.647523 0.319852 1.464678
v 0.755974 0.457119 1.493163
v 0.986057 0.495265 1.470508
v 1.150025 0.623846 0.992640
v 1.399304 0.606927 0.676200
v 1.384723 0.643622 0.505015
v 1.390139 0.660051 0.330171
v 1.325536 0.890239 0.158055
v 1.326607 1.029597 -0.027202
v 7.021385 15.064431 -0.661714
v 7.018933 15.026378 -0.591784
v 7.042428 15.004062 -0.518402
v 7.174065 14.964008 -0.473755
v 7.194467 14.981513 -0.421507
v 7.207900 14.985423 -0.387908
v 7.156311 14.907663 -0.266548
v 7.142960 14.864309 -0.141784
v 7.181479 14.882963 0.004655
v 7.181897 14.963131 0.045341
v 7.222560 15.020102 0.064531
v 7.353919 15.031967 0.122300
v 7.443023 15.070347 0.098810
v 7.482323 15.089342 0.052607
v 7.428474 15.145645 0.028998
v 7.538371 15.169943 0.008755
v 7.673491 15.190468 -0.017915
v 7.764046 15.263842 -0.038220
v 7.746180 15.321575 -0.086499
v 7.744647 15.359641 -0.161386
v 7.663263 15.365494 -0.261994
v 7.546008 15.374363 -0.398455
v 7.514486 15.364937 -0.493917
v 7.499742 15.350807 -0.563121
v 7.381121 15.328228 -0.624647
v 7.352776 15.303150 -0.711007
v 7.345056 15.279910 -0.770861
v 7.231451 15.232848 -0.789540
v 7.125958 15.171944 -0.750559
v 7.025204 15.113445 -0.696059
v -6.984177 15.125687 -0.653004
v -7.038527 15.176646 -0.691831
v -7.141343 15.228819 -0.734511
v -7.244941 15.274925 -0.736097
v -7.259072 15.302408 -0.669295
v -7.284993 15.326180 -0.592707
v -7.403725 15.346102 -0.550688
v -7.425520 15.355120 -0.480396
v -7.437616 15.360055 -0.395704
v -7.560529 15.358082 -0.266838
v -7.660058 15.345289 -0.165990
v -7.663514 15.315880 -0.094197
v -7.667081 15.261484 -0.042110
v -7.567719 15.213924 -0.017394
v -7.446925 15.180811 0.000775
v -7.318968 15.157495 -0.002146
v -7.388117 15.118431 0.046835
v -7.343410 15.101089 0.059915
v -7.273622 15.062508 0.072034
v -7.153606 15.043574 0.016729
v -7.124147 14.991521 -0.005610
v -7.100512 14.928574 -0.059603
v -7.078048 14.928089 -0.200838
v -7.090840 14.963051 -0.337246
v -7.068126 14.994568 -0.396127
v -7.056754 14.998274 -0.448796
v -7.000259 15.028441 -0.509935
v -6.987047 15.045618 -0.563004
v -6.976708 15.087019 -0.628407
v -1.203062 1.335346 -0.182166
v -1.299158 1.174807 -0.017996
v -1.287556 1.042418 0.132091
v -1.244035 0.943251 0.295274
v -1.090101 0.839292 0.709994
v -0.925175 0.682676 1.009784
v -0.741731 0.647453 1.018652
v -0.632768 0.329579 1.057290
v -0.669316 0.300453 0.663259
v -0.644061 0.346200 0.315857
v -0.627445 0.345856 -0.039532
v -0.672033 0.509739 -0.237051
v -0.775328 0.649069 -0.350793
v -0.879527 0.832296 -0.425849
v -1.000606 0.974133 -0.400346
v -1.102891 1.132358 -0.297013
v 1.215863 0.995175 -0.204854
v 1.108432 0.858550 -0.344381
v 1.001019 0.687364 -0.453659
v 0.836734 0.525209 -0.541125
v 0.668508 0.313442 -0.468593
v 0.721488 0.010006 -0.260558
v 0.831820 0.039355 -0.011061
v 0.937475 0.094888 0.312106
v 1.043252 0.120125 0.633010
v 0.931817 0.017086 1.143555
v 0.594127 0.181136 1.480913
v 0.649566 0.261880 1.790890
v 0.787839 0.369017 1.788321
v 1.029145 0.405053 1.770005
v 1.221417 0.460240 1.372741
v 1.432356 0.507176 0.920567
v 1.554408 0.353102 0.638649
v 1.528699 0.381557 0.456333
v 1.498623 0.438138 0.283006
v 1.412244 0.664900 0.223120
v 1.390616 0.874855 -0.014590
v 7.100400 15.020336 -0.716464
v 7.131672 14.977165 -0.647931
v 7.152520 14.966084 -0.564679
v 7.295026 14.968993 -0.497473
v 7.321866 15.005210 -0.441429
v 7.356037 15.002762 -0.393413
v 7.251325 14.915559 -0.322184
v 7.203803 14.847725 -0.207087
v 7.213864 14.823309 -0.085069
v 7.267656 14.852631 0.061877
v 7.269329 14.925897 0.103785
v 7.302357 14.991065 0.122551
v 7.402442 15.017581 0.145957
v 7.469529 15.053953 0.117155
v 7.540740 15.065797 0.047903
v 7.511335 15.128173 0.031032
v 7.626946 15.146158 -0.008428
v 7.772937 15.202015 -0.019365
v 7.837292 15.270229 -0.041291
v 7.825948 15.322493 -0.085869
v 7.810313 15.366381 -0.159006
v 7.750444 15.373989 -0.260438
v 7.640519 15.389653 -0.401693
v 7.612370 15.371153 -0.496665
v 7.596678 15.352671 -0.577651
v 7.487729 15.331589 -0.654213
v 7.474880 15.307004 -0.734355
v 7.465850 15.282563 -0.808395
v 7.345140 15.237517 -0.832546
v 7.226714 15.174851 -0.808111
v 7.102407 15.102375 -0.750308
v -7.025204 15.113445 -0.696059
v -7.125958 15.171944 -0.750559
v -7.231451 15.232848 -0.789540
v -7.345056 15.279910 -0.770861
v -7.352776 15.303150 -0.711007
v -7.381121 15.328228 -0.624647
v -7.499742 15.350807 -0.563121
v -7.514486 15.364937 -0.493917
v -7.546008 15.374363 -0.398455
v -7.663263 15.365494 -0.261994
v -7.744647 15.359641 -0.161386
v -7.746180 15.321575 -0.086499
v -7.764046 15.263842 -0.038220
v -7.673491 15.190468 -0.017915
v -7.538371 15.169943 0.008755
v -7.428474 15.145645 0.028998
v -7.482323 15.089342 0.052607
v -7.443023 15.070347 0.098810
v -7.353919 15.031967 0.122300
v -7.222560 15.020102 0.064531
v -7.181897 14.963131 0.045341
v -7.181479 14.882963 0.004655
v -7.142960 14.864309 -0.141784
v -7.156311 14.907663 -0.266548
v -7.207900 14.985423 -0.387908
v -7.194467 14.981513 -0.421507
v -7.174065 14.964008 -0.473755
v -7.042428 15.004062 -0.518402
v -7.018933 15.026378 -0.591784
v -7.021385 15.064431 -0.661714
v -1.213025 1.159840 -0.185561
v -1.326607 1.029597 -0.027202
v -1.325536 0.890239 0.158055
v -1.390139 0.660051 0.330171
v -1.384723 0.643622 0.505015
v -1.399304 0.606927 0.676200
v -1.150025 0.623846 0.992640
v -0.986057 0.495265 1.470508
v -0.755974 0.457119 1.493163
v -0.647523 0.319852 1.464678
v -0.804785 0.149976 1.112615
v -0.960993 0.115220 0.610856
v -0.834950 0.078072 0.290565
v -0.708994 0.015775 -0.031700
v -0.589991 0.333425 -0.218026
v -0.722692 0.515008 -0.403758
v -0.879907 0.672062 -0.463779
v -1.002421 0.846426 -0.432838
v -1.103850 0.979456 -0.320229
v 1.222950 0.838232 -0.214466
v 1.120813 0.690570 -0.398236
v 0.997490 0.545471 -0.561927
v 0.816836 0.312104 -0.588221
v 0.730984 0.005686 -0.434553
v 0.826842 0.024332 -0.293970
v 1.085221 0.061178 0.023424
v 1.156381 0.112285 0.331947
v 1.223215 0.129407 0.638830
v 1.052550 0.019789 1.123034
v 0.674408 -0.007553 1.463143
v 0.618690 0.206471 1.825113
v 0.735979 0.294293 2.187562
v 0.916931 0.339864 2.198013
v 1.127315 0.304669 2.115770
v 1.265368 0.375622 1.696384
v 1.438421 0.429609 1.137259
v 1.590064 0.342930 0.858389
v 1.607687 0.232308 0.613080
v 1.556995 0.237969 0.431398
v 1.506619 0.230357 0.249445
v 1.469414 0.499789 0.174224
v 1.473305 0.726440 -0.044690
v 7.237974 15.014320 -0.762678
v 7.254027 14.972363 -0.680574
v 7.268353 14.962823 -0.605807
v 7.418999 15.018393 -0.515551
v 7.432516 15.031544 -0.463484
v 7.450409 15.031421 -0.388382
v 7.392910 14.964509 -0.360017
v 7.326633 14.861605 -0.259870
v 7.281787 14.807952 -0.135279
v 7.301103 14.796749 -0.012963
v 7.327692 14.833929 0.099175
v 7.325350 14.902750 0.140349
v 7.354532 14.970901 0.158474
v 7.453978 15.000164 0.174492
v 7.512757 15.034132 0.138161
v 7.576444 15.035464 0.084462
v 7.582380 15.099470 0.012319
v 7.694144 15.101073 -0.027294
v 7.760450 15.127464 -0.034134
v 7.819008 15.139938 -0.033245
v 7.856440 15.218721 -0.021411
v 7.902065 15.276800 -0.046107
v 7.890415 15.325171 -0.085701
v 7.879377 15.366211 -0.159572
v 7.822102 15.366334 -0.242391
v 7.706742 15.405473 -0.390035
v 7.709195 15.375439 -0.499508
v 7.692918 15.354521 -0.586238
v 7.584526 15.332092 -0.664189
v 7.574744 15.312704 -0.744748
v 7.570145 15.285676 -0.825639
v 7.463732 15.237423 -0.854815
v 7.343857 15.174313 -0.847593
v 7.230364 15.093287 -0.797857
v -7.102407 15.102375 -0.750308
v -7.226714 15.174851 -0.808111
v -7.345140 15.237517 -0.832546
v -7.465850 15.282563 -0.808395
v -7.474880 15.307004 -0.734355
v -7.487729 15.331589 -0.654213
v -7.596678 15.352671 -0.577651
v -7.612370 15.371153 -0.496665
v -7.640519 15.389653 -0.401693
v -7.750444 15.373989 -0.260438
v -7.810313 15.366381 -0.159006
v -7.825948 15.322493 -0.085869
v -7.837292 15.270229 -0.041291
v -7.772937 15.202015 -0.019365
v -7.626946 15.146158 -0.008428
v -7.511335 15.128173 0.031032
v -7.540740 15.065797 0.047903
v -7.469529 15.053953 0.117155
v -7.402442 15.017581 0.145957
v -7.302357 14.991065 0.122551
v -7.269329 14.925897 0.103785
v -7.267656 14.852631 0.061877
v -7.213864 14.823309 -0.085069
v -7.203803 14.847725 -0.207087
v -7.251325 14.915559 -0.322184
v -7.356037 15.002762 -0.393413
v -7.321866 15.005210 -0.441429
v -7.295026 14.968993 -0.497473
v -7.152520 14.966084 -0.564679
v -7.131672 14.977165 -0.647931
v -7.100400 15.020336 -0.716464
v -1.215863 0.995175 -0.204854
v -1.390616 0.874855 -0.014590
v -1.412244 0.664900 0.223120
v -1.498623 0.438138 0.283006
v -1.528699 0.381557 0.456333
v -1.554408 0.353102 0.638649
v -1.432356 0.507176 0.920567
v -1.221417 0.460240 1.372741
v -1.029145 0.405053 1.770005
v -0.787839 0.369017 1.788321
v -0.649566 0.261880 1.790890
v -0.594127 0.181136 1.480913
v -0.931817 0.017086 1.143555
v -1.043252 0.120125 0.633010
v -0.937475 0.094888 0.312106
v -0.831820 0.039355 -0.011061
v -0.721488 0.010006 -0.260558
v -0.668508 0.313442 -0.468593
v -0.836734 0.525209 -0.541125
v -1.001019 0.687364 -0.453659
v -1.108432 0.858550 -0.344381
v 1.249130 0.712727 -0.271123
v 1.147006 0.557010 -0.520552
v 1.008140 0.321023 -0.615239
v 0.852147 0.007888 -0.507102
v 1.038389 0.030157 -0.313340
v 1.320046 0.078374 0.062987
v 1.316634 0.103458 0.200569
v 1.351930 0.138924 0.409083
v 1.398217 0.144680 0.603057
v 1.265928 0.035788 1.061397
v 0.876791 -0.000417 1.445375
v 0.597985 0.059172 1.825922
v 0.730719 0.121994 2.278177
v 0.950625 0.133894 2.256219
v 1.180521 0.102483 2.157308
v 1.325600 0.241311 1.982492
v 1.489426 0.327544 1.492619
v 1.628755 0.302349 1.077141
v 1.642155 0.209230 0.807022
v 1.463595 0.142395 0.600139
v 1.424449 0.143133 0.420176
v 1.426966 0.117729 0.226136
v 1.487628 0.220854 0.139096
v 1.394195 0.458262 -0.054827
v 7.363952 15.033190 -0.790568
v 7.380480 15.000977 -0.703903
v 7.400464 14.993517 -0.613488
v 7.539737 15.046977 -0.529848
v 7.555400 15.058426 -0.472899
v 7.586756 15.059213 -0.397030
v 7.517244 15.026228 -0.342419
v 7.468804 14.927025 -0.292635
v 7.394165 14.823058 -0.182465
v 7.366349 14.785181 -0.058385
v 7.365262 14.790197 0.048296
v 7.372313 14.821916 0.139435
v 7.371199 14.879082 0.171813
v 7.405647 14.951005 0.189408
v 7.508187 14.974205 0.200050
v 7.549381 15.007404 0.164924
v 7.603703 15.005589 0.112339
v 7.625581 15.017482 0.051638
v 7.611450 15.045188 0.020940
v 7.645426 15.073458 -0.011257
v 7.752953 15.080837 -0.028164
v 7.788433 15.096870 -0.035388
v 7.839688 15.103832 -0.040486
v 7.873664 15.152898 -0.032545
v 7.904378 15.222708 -0.023637
v 7.939246 15.274386 -0.048833
v 7.928125 15.324871 -0.087753
v 7.923358 15.350503 -0.157278
v 7.861121 15.359503 -0.236070
v 7.794621 15.368059 -0.268415
v 7.801143 15.387440 -0.302014
v 7.762346 15.410101 -0.388875
v 7.777089 15.384642 -0.475190
v 7.752200 15.362295 -0.526688
v 7.738041 15.355467 -0.583300
v 7.691190 15.332165 -0.678587
v 7.678955 15.318493 -0.755894
v 7.661340 15.291813 -0.834658
v 7.561671 15.246895 -0.867310
v 7.469947 15.188400 -0.875259
v 7.356845 15.110231 -0.837590
v -7.230364 15.093287 -0.797857
v -7.343857 15.174313 -0.847593
v -7.463732 15.237423 -0.854815
v -7.570145 15.285676 -0.825639
v -7.574744 15.312704 -0.744748
v -7.584526 15.332092 -0.664189
v -7.692918 15.354521 -0.586238
v -7.709195 15.375439 -0.499508
v -7.706742 15.405473 -0.390035
v -7.822102 15.366334 -0.242391
v -7.879377 15.366211 -0.159572
v -7.890415 15.325171 -0.085701
v -7.902065 15.276800 -0.046107
v -7.856440 15.218721 -0.021411
v -7.819008 15.139938 -0.033245
v -7.760450 15.127464 -0.034134
v -7.694144 15.101073 -0.027294
v -7.582380 15.099470 0.012319
v -7.576444 15.035464 0.084462
v -7.512757 15.034132 0.138161
v -7.453978 15.000164 0.174492
v -7.354532 14.970901 0.158474
v -7.325350 14.902750 0.140349
v -7.327692 14.833929 0.099175
v -7.301103 14.796749 -0.012963
v -7.281787 14.807952 -0.135279
v -7.326633 14.861605 -0.259870
v -7.392910 14.964509 -0.360017
v -7.450409 15.031421 -0.388382
v -7.432516 15.031544 -0.463484
v -7.418999 15.018393 -0.515551
v -7.268353 14.962823 -0.605807
v -7.254027 14.972363 -0.680574
v -7.237974 15.014320 -0.762678
v -1.222950 0.838232 -0.214466
v -1.473305 0.726440 -0.044690
v -1.469414 0.499789 0.174224
v -1.506619 0.230357 0.249445
v -1.556995 0.237969 0.431398
v -1.607687 0.232308 0.613080
v -1.590064 0.342930 0.858389
v -1.438421 0.429609 1.137259
v -1.265368 0.375622 1.696384
v -1.127315 0.304669 2.115770
v -0.916931 0.339864 2.198013
v -0.735979 0.294293 2.187562
v -0.618690 0.206471 1.825113
v -0.674408 -0.007553 1.463143
v -1.052550 0.019789 1.123034
v -1.223215 0.129407 0.638830
v -1.156381 0.112285 0.331947
v -1.085221 0.061178 0.023424
v -0.826842 0.024332 -0.293970
v -0.730984 0.005686 -0.434553
v -0.816836 0.312104 -0.588221
v -0.997490 0.545471 -0.561927
v -1.120813 0.690570 -0.398236
v 1.297958 0.531535 -0.355178
v 1.168685 0.320716 -0.572380
v 1.007399 0.018897 -0.538538
v 1.292319 0.045988 -0.260326
v 1.433939 0.096380 0.085441
v 1.534232 0.071685 0.936856
v 1.321216 0.037459 1.295298
v 0.832678 -0.057638 1.809898
v 0.737693 -0.006884 2.233702
v 0.957598 0.005017 2.211728
v 1.179945 0.006266 2.113103
v 1.392481 0.069623 2.013006
v 1.639025 0.204381 1.768389
v 1.777298 0.235596 1.425739
v 1.722205 0.189748 1.048506
v 1.665779 0.056830 0.868429
v 1.460579 0.302711 -0.228591
v 7.487172 15.062077 -0.806801
v 7.505846 15.036131 -0.718803
v 7.521231 15.030266 -0.625369
v 7.649439 15.062274 -0.541822
v 7.674189 15.066696 -0.476731
v 7.718225 15.063967 -0.382888
v 7.635448 15.046630 -0.337695
v 7.577280 15.018604 -0.288095
v 7.524101 14.886308 -0.208965
v 7.457405 14.808483 -0.092890
v 7.430536 14.774647 0.002904
v 7.401829 14.782980 0.083040
v 7.413786 14.803549 0.161557
v 7.421117 14.857035 0.197775
v 7.459328 14.922409 0.219398
v 7.555345 14.939587 0.220733
v 7.595396 14.969322 0.177845
v 7.638513 14.978863 0.139892
v 7.642694 15.000296 0.074690
v 7.677839 15.007051 0.029126
v 7.685643 15.026701 0.012230
v 7.714073 15.051174 -0.008735
v 7.782636 15.043972 -0.049474
v 7.821461 15.060188 -0.063965
v 7.857303 15.064884 -0.068786
v 7.881329 15.111246 -0.042980
v 7.923274 15.167183 -0.030853
v 7.947105 15.228044 -0.025179
v 7.997942 15.280701 -0.060723
v 7.985567 15.324805 -0.095462
v 7.971103 15.342064 -0.158184
v 7.908196 15.346625 -0.231070
v 7.855325 15.353850 -0.265912
v 7.847465 15.387507 -0.299776
v 7.839940 15.409466 -0.391191
v 7.820569 15.383152 -0.463629
v 7.784755 15.362877 -0.499628
v 7.819203 15.359808 -0.523081
v 7.811650 15.360079 -0.582846
v 7.742864 15.334024 -0.664088
v 7.736231 15.325577 -0.704056
v 7.727506 15.322654 -0.766245
v 7.701837 15.294498 -0.840403
v 7.641161 15.252783 -0.874654
v 7.558383 15.196397 -0.882728
v 7.469780 15.125322 -0.863564
v -7.356845 15.110231 -0.837590
v -7.469947 15.188400 -0.875259
v -7.561671 15.246895 -0.867310
v -7.661340 15.291813 -0.834658
v -7.678955 15.318493 -0.755894
v -7.691190 15.332165 -0.678587
v -7.738041 15.355467 -0.583300
v -7.752200 15.362295 -0.526688
v -7.777089 15.384642 -0.475190
v -7.762346 15.410101 -0.388875
v -7.801143 15.387440 -0.302014
v -7.794621 15.368059 -0.268415
v -7.861121 15.359503 -0.236070
v -7.923358 15.350503 -0.157278
v -7.928125 15.324871 -0.087753
v -7.939246 15.274386 -0.048833
v -7.904378 15.222708 -0.023637
v -7.873664 15.152898 -0.032545
v -7.839688 15.103832 -0.040486
v -7.788433 15.096870 -0.035388
v -7.752953 15.080837 -0.028164
v -7.645426 15.073458 -0.011257
v -7.611450 15.045188 0.020940
v -7.625581 15.017482 0.051638
v -7.603703 15.005589 0.112339
v -7.549381 15.007404 0.164924
v -7.508187 14.974205 0.200050
v -7.405647 14.951005 0.189408
v -7.371199 14.879082 0.171813
v -7.372313 14.821916 0.139435
v -7.365262 14.790197 0.048296
v -7.366349 14.785181 -0.058385
v -7.394165 14.823058 -0.182465
v -7.468804 14.927025 -0.292635
v -7.517244 15.026228 -0.342419
v -7.586756 15.059213 -0.397030
v -7.555400 15.058426 -0.472899
v -7.539737 15.046977 -0.529848
v -7.400464 14.993517 -0.613488
v -7.380480 15.000977 -0.703903
v -7.363952 15.033190 -0.790568
v -1.249130 0.712727 -0.271123
v -1.394195 0.458262 -0.054827
v -1.487628 0.220854 0.139096
v -1.426966 0.117729 0.226136
v -1.424449 0.143133 0.420176
v -1.463595 0.142395 0.600139
v -1.642155 0.209230 0.807022
v -1.628755 0.302349 1.077141
v -1.489426 0.327544 1.492619
v -1.325600 0.241311 1.982492
v -1.180521 0.102483 2.157308
v -0.950625 0.133894 2.256219
v -0.730719 0.121994 2.278177
v -0.597985 0.059172 1.825922
v -0.876791 -0.000417 1.445375
v -1.265928 0.035788 1.061397
v -1.398217 0.144680 0.603057
v -1.351930 0.138924 0.409083
v -1.316634 0.103458 0.200569
v -1.320046 0.078374 0.062987
v -1.038389 0.030157 -0.313340
v -0.852147 0.007888 -0.507102
v -1.008140 0.321023 -0.615239
v -1.147006 0.557010 -0.520552
v 1.339614 0.298921 -0.446601
v 1.188203 0.028429 -0.507941
v 1.425483 0.050781 -0.237115
v 1.588450 0.074472 1.168384
v 1.347410 -0.001923 1.624529
v 1.089320 -0.053753 1.734208
v 1.387848 0.001839 1.974514
v 1.661113 0.082332 1.806337
v 1.728306 0.197803 1.697605
v 1.849633 0.158672 1.433011
v 1.727974 0.039076 1.049281
v 7.576193 15.081699 -0.816670
v 7.594560 15.052639 -0.730352
v 7.619198 15.050947 -0.633943
v 7.757942 15.066669 -0.556628
v 7.788740 15.061283 -0.492671
v 7.822716 15.060213 -0.393134
v 7.746124 15.058271 -0.327260
v 7.680906 15.042587 -0.282184
v 7.630430 14.994453 -0.195640
v 7.567497 14.865814 -0.120806
v 7.502167 14.801123 -0.020332
v 7.455621 14.772612 0.031451
v 7.448876 14.767426 0.105839
v 7.486837 14.803745 0.188960
v 7.484775 14.845692 0.216257
v 7.506207 14.895204 0.233524
v 7.631657 14.906916 0.253103
v 7.671290 14.935185 0.213283
v 7.697573 14.936832 0.173149
v 7.676446 14.965183 0.114772
v 7.669366 14.982057 0.053218
v 7.688932 14.982455 0.009830
v 7.709836 15.004202 -0.010805
v 7.746459 15.024734 -0.039388
v 7.759419 15.018452 -0.133529
v 7.817280 15.033897 -0.133292
v 7.864494 15.043297 -0.128584
v 7.903681 15.071775 -0.069907
v 7.943928 15.115454 -0.046539
v 7.969736 15.176739 -0.028953
v 8.009816 15.230742 -0.039892
v 8.048891 15.275473 -0.066099
v 8.041506 15.315066 -0.099618
v 8.026901 15.338938 -0.158881
v 7.942004 15.332331 -0.230680
v 7.895515 15.342897 -0.255973
v 7.891585 15.351540 -0.274873
v 7.887878 15.368753 -0.295662
v 7.895041 15.387917 -0.382610
v 7.884673 15.376993 -0.462996
v 7.827091 15.355839 -0.500221
v 7.878932 15.347965 -0.521969
v 7.861513 15.353655 -0.584003
v 7.804710 15.335068 -0.659537
v 7.756743 15.324965 -0.682536
v 7.784810 15.324879 -0.708685
v 7.756910 15.324578 -0.767859
v 7.735618 15.296635 -0.842287
v 7.696012 15.258047 -0.874687
v 7.636534 15.192952 -0.888442
v 7.560780 15.137379 -0.875164
v -7.469780 15.125322 -0.863564
v -7.558383 15.196397 -0.882728
v -7.641161 15.252783 -0.874654
v -7.701837 15.294498 -0.840403
v -7.727506 15.322654 -0.766245
v -7.736231 15.325577 -0.704056
v -7.742864 15.334024 -0.664088
v -7.811650 15.360079 -0.582846
v -7.819203 15.359808 -0.523081
v -7.784755 15.362877 -0.499628
v -7.820569 15.383152 -0.463629
v -7.839940 15.409466 -0.391191
v -7.847465 15.387507 -0.299776
v -7.855325 15.353850 -0.265912
v -7.908196 15.346625 -0.231070
v -7.971103 15.342064 -0.158184
v -7.985567 15.324805 -0.095462
v -7.997942 15.280701 -0.060723
v -7.947105 15.228044 -0.025179
v -7.923274 15.167183 -0.030853
v -7.881329 15.111246 -0.042980
v -7.857303 15.064884 -0.068786
v -7.821461 15.060188 -0.063965
v -7.782636 15.043972 -0.049474
v -7.714073 15.051174 -0.008735
v -7.685643 15.026701 0.012230
v -7.677839 15.007051 0.029126
v -7.642694 15.000296 0.074690
v -7.638513 14.978863 0.139892
v -7.595396 14.969322 0.177845
v -7.555345 14.939587 0.220733
v -7.459328 14.922409 0.219398
v -7.421117 14.857035 0.197775
v -7.413786 14.803549 0.161557
v -7.401829 14.782980 0.083040
v -7.430536 14.774647 0.002904
v -7.457405 14.808483 -0.092890
v -7.524101 14.886308 -0.208965
v -7.577280 15.018604 -0.288095
v -7.635448 15.046630 -0.337695
v -7.718225 15.063967 -0.382888
v -7.674189 15.066696 -0.476731
v -7.649439 15.062274 -0.541822
v -7.521231 15.030266 -0.625369
v -7.505846 15.036131 -0.718803
v -7.487172 15.062077 -0.806801
v -1.297958 0.531535 -0.355178
v -1.460579 0.302711 -0.228591
v -1.433939 0.096380 0.085441
v -1.665779 0.056830 0.868429
v -1.722205 0.189748 1.048506
v -1.777298 0.235596 1.425739
v -1.639025 0.204381 1.768389
v -1.392481 0.069623 2.013006
v -1.179945 0.006266 2.113103
v -0.957598 0.005017 2.211728
v -0.737693 -0.006884 2.233702
v -0.832678 -0.057638 1.809898
v -1.321216 0.037459 1.295298
v -1.534232 0.071685 0.936856
v -1.292319 0.045988 -0.260326
v -1.007399 0.018897 -0.538538
v -1.168685 0.320716 -0.572380
v 1.308423 0.036929 -0.434554
v 1.660010 0.016472 1.482037
v 1.658558 -0.002174 1.789556
v 1.799815 0.091307 1.711734
v 1.858122 0.001895 1.427785
v 7.664879 15.096956 -0.824396
v 7.695093 15.077850 -0.737903
v 7.722100 15.068871 -0.641058
v 7.831913 15.057039 -0.571433
v 7.876618 15.052788 -0.492849
v 7.881662 15.042723 -0.390823
v 7.848273 15.053450 -0.323347
v 7.764241 15.052116 -0.273883
v 7.722100 15.020012 -0.213614
v 7.665772 14.967291 -0.113946
v 7.585474 14.852909 -0.044761
v 7.518834 14.800789 0.004078
v 7.487534 14.767872 0.071496
v 7.512590 14.773447 0.140048
v 7.578256 14.773560 0.231004
v 7.581377 14.802742 0.259505
v 7.600496 14.850233 0.267928
v 7.712985 14.883144 0.310811
v 7.739267 14.910643 0.263630
v 7.764464 14.920581 0.215053
v 7.720176 14.932087 0.147479
v 7.692332 14.953714 0.088377
v 7.680292 14.959846 0.033728
v 7.662984 14.933784 -0.012907
v 7.664991 14.944389 -0.044837
v 7.795876 15.036029 -0.216488
v 7.873552 15.043951 -0.213533
v 7.910928 15.041824 -0.138320
v 7.961542 15.080811 -0.073703
v 7.995490 15.123429 -0.049982
v 8.021661 15.184763 -0.039022
v 8.060654 15.228769 -0.043465
v 8.120548 15.274984 -0.073745
v 8.109037 15.317848 -0.105730
v 8.097471 15.337885 -0.163290
v 8.014499 15.328985 -0.226184
v 7.917115 15.328915 -0.254716
v 7.893063 15.343144 -0.265748
v 7.915109 15.334242 -0.278803
v 7.931386 15.362114 -0.297945
v 7.934061 15.377176 -0.373351
v 7.921742 15.361309 -0.464420
v 7.891195 15.351418 -0.484702
v 7.886652 15.343801 -0.511230
v 7.913715 15.332653 -0.522340
v 7.896044 15.349417 -0.586191
v 7.852677 15.334024 -0.656006
v 7.791471 15.322004 -0.685006
v 7.813602 15.319359 -0.711038
v 7.789994 15.326558 -0.771357
v 7.774749 15.298759 -0.840495
v 7.733749 15.255262 -0.874835
v 7.692361 15.202068 -0.886516
v 7.644812 15.140144 -0.879713
v -7.560780 15.137379 -0.875164
v -7.636534 15.192952 -0.888442
v -7.696012 15.258047 -0.874687
v -7.735618 15.296635 -0.842287
v -7.756910 15.324578 -0.767859
v -7.784810 15.324879 -0.708685
v -7.756743 15.324965 -0.682536
v -7.804710 15.335068 -0.659537
v -7.861513 15.353655 -0.584003
v -7.878932 15.347965 -0.521969
v -7.827091 15.355839 -0.500221
v -7.884673 15.376993 -0.462996
v -7.895041 15.387917 -0.382610
v -7.887878 15.368753 -0.295662
v -7.891585 15.351540 -0.274873
v -7.895515 15.342897 -0.255973
v -7.942004 15.332331 -0.230680
v -8.026901 15.338938 -0.158881
v -8.041506 15.315066 -0.099618
v -8.048891 15.275473 -0.066099
v -8.009816 15.230742 -0.039892
v -7.969736 15.176739 -0.028953
v -7.943928 15.115454 -0.046539
v -7.903681 15.071775 -0.069907
v -7.864494 15.043297 -0.128584
v -7.817280 15.033897 -0.133292
v -7.759419 15.018452 -0.133529
v -7.746459 15.024734 -0.039388
v -7.709836 15.004202 -0.010805
v -7.688932 14.982455 0.009830
v -7.669366 14.982057 0.053218
v -7.676446 14.965183 0.114772
v -7.697573 14.936832 0.173149
v -7.671290 14.935185 0.213283
v -7.631657 14.906916 0.253103
v -7.506207 14.895204 0.233524
v -7.484775 14.845692 0.216257
v -7.486837 14.803745 0.188960
v -7.448876 14.767426 0.105839
v -7.455621 14.772612 0.031451
v -7.502167 14.801123 -0.020332
v -7.567497 14.865814 -0.120806
v -7.630430 14.994453 -0.195640
v -7.680906 15.042587 -0.282184
v -7.746124 15.058271 -0.327260
v -7.822716 15.060213 -0.393134
v -7.788740 15.061283 -0.492671
v -7.757942 15.066669 -0.556628
v -7.619198 15.050947 -0.633943
v -7.594560 15.052639 -0.730352
v -7.576193 15.081699 -0.816670
v -1.339614 0.298921 -0.446601
v -1.425483 0.050781 -0.237115
v -1.727974 0.039076 1.049281
v -1.849633 0.158672 1.433011
v -1.728306 0.197803 1.697605
v -1.661113 0.082332 1.806337
v -1.387848 0.001839 1.974514
v -1.089320 -0.053753 1.734208
v -1.347410 -0.001923 1.624529
v -1.588450 0.074472 1.168384
v -1.188203 0.028429 -0.507941
v 1.804760 0.000000 1.699879
v 7.719201 15.096733 -0.828114
v 7.737457 15.072575 -0.750018
v 7.789548 15.059755 -0.656772
v 7.898749 15.061422 -0.569905
v 7.906858 15.058706 -0.522053
v 7.934590 15.050877 -0.460011
v 7.936765 15.041091 -0.387983
v 7.887405 15.048854 -0.308112
v 7.864244 15.052694 -0.275021
v 7.594281 14.846304 -0.017244
v 7.545813 14.787830 0.029519
v 7.535835 14.763609 0.102060
v 7.590937 14.745633 0.186075
v 7.655042 14.737967 0.277201
v 7.655375 14.779161 0.314615
v 7.677198 14.829218 0.331502
v 7.743032 14.873869 0.318249
v 7.778790 14.899744 0.274982
v 7.802508 14.910196 0.229301
v 7.778734 14.907357 0.176449
v 7.739463 14.918031 0.127729
v 7.697935 14.930650 0.064274
v 7.666162 14.916909 0.012637
v 7.914941 15.042524 -0.229217
v 7.960065 15.042564 -0.145477
v 8.005440 15.090727 -0.080749
v 8.025117 15.140291 -0.051007
v 8.064360 15.184641 -0.042297
v 8.127098 15.230110 -0.051453
v 8.186047 15.278784 -0.082650
v 8.178160 15.320910 -0.110017
v 8.167122 15.339878 -0.164848
v 8.084064 15.328205 -0.226360
v 7.938019 15.314939 -0.253897
v 7.910816 15.328260 -0.266266
v 7.936207 15.318780 -0.271590
v 7.967953 15.354692 -0.297552
v 7.976147 15.369390 -0.372113
v 7.964497 15.354673 -0.461037
v 7.916614 15.330057 -0.484895
v 7.892867 15.342772 -0.498649
v 7.910593 15.321542 -0.509823
v 7.946855 15.328389 -0.524617
v 7.926257 15.348356 -0.586043
v 7.885927 15.331508 -0.652736
v 7.841222 15.316757 -0.679713
v 7.827815 15.314927 -0.694351
v 7.843228 15.317892 -0.714870
v 7.816891 15.324162 -0.774860
v 7.805323 15.298542 -0.839645
v 7.768561 15.255924 -0.871764
v 7.732412 15.209444 -0.882923
v 7.694255 15.146609 -0.878458
v -7.644812 15.140144 -0.879713
v -7.692361 15.202068 -0.886516
v -7.733749 15.255262 -0.874835
v -7.774749 15.298759 -0.840495
v -7.789994 15.326558 -0.771357
v -7.813602 15.319359 -0.711038
v -7.791471 15.322004 -0.685006
v -7.852677 15.334024 -0.656006
v -7.896044 15.349417 -0.586191
v -7.913715 15.332653 -0.522340
v -7.886652 15.343801 -0.511230
v -7.891195 15.351418 -0.484702
v -7.921742 15.361309 -0.464420
v -7.934061 15.377176 -0.373351
v -7.931386 15.362114 -0.297945
v -7.915109 15.334242 -0.278803
v -7.893063 15.343144 -0.265748
v -7.917115 15.328915 -0.254716
v -8.014499 15.328985 -0.226184
v -8.097471 15.337885 -0.163290
v -8.109037 15.317848 -0.105730
v -8.120548 15.274984 -0.073745
v -8.060654 15.228769 -0.043465
v -8.021661 15.184763 -0.039022
v -7.995490 15.123429 -0.049982
v -7.961542 15.080811 -0.073703
v -7.910928 15.041824 -0.138320
v -7.873552 15.043951 -0.213533
v -7.795876 15.036029 -0.216488
v -7.722100 15.020012 -0.213614
v -7.665772 14.967291 -0.113946
v -7.664991 14.944389 -0.044837
v -7.662984 14.933784 -0.012907
v -7.680292 14.959846 0.033728
v -7.692332 14.953714 0.088377
v -7.720176 14.932087 0.147479
v -7.764464 14.920581 0.215053
v -7.739267 14.910643 0.263630
v -7.712985 14.883144 0.310811
v -7.600496 14.850233 0.267928
v -7.581377 14.802742 0.259505
v -7.578256 14.773560 0.231004
v -7.512590 14.773447 0.140048
v -7.487534 14.767872 0.071496
v -7.518834 14.800789 0.004078
v -7.585474 14.852909 -0.044761
v -7.764241 15.052116 -0.273883
v -7.848273 15.053450 -0.323347
v -7.881662 15.042723 -0.390823
v -7.876618 15.052788 -0.492849
v -7.831913 15.057039 -0.571433
v -7.722100 15.068871 -0.641058
v -7.695093 15.077850 -0.737903
v -7.664879 15.096956 -0.824396
v -1.308423 0.036929 -0.434554
v -1.858122 0.001895 1.427785
v -1.799815 0.091307 1.711734
v -1.658558 -0.002174 1.789556
v -1.660010 0.016472 1.482037
v 7.765300 15.103479 -0.830692
v 7.793589 15.078575 -0.758461
v 7.826171 15.082296 -0.698855
v 7.875949 15.068487 -0.633792
v 7.947969 15.075661 -0.583470
v 7.971325 15.082817 -0.525478
v 7.920154 15.058222 -0.498259
v 7.986237 15.070711 -0.464448
v 8.004410 15.054953 -0.377306
v 7.948805 15.055569 -0.295782
v 7.903152 15.052329 -0.275876
v 7.613484 14.834124 0.007754
v 7.566382 14.763805 0.052641
v 7.610641 14.726149 0.143426
v 7.658441 14.715503 0.251935
v 7.675526 14.723724 0.295010
v 7.682299 14.774090 0.330892
v 7.701224 14.816706 0.342286
v 7.765885 14.855585 0.334680
v 7.807023 14.895208 0.288932
v 7.831105 14.902314 0.242434
v 7.811817 14.895292 0.194275
v 7.789075 14.896319 0.152239
v 7.744369 14.897058 0.098565
v 7.680377 14.892763 0.033658
v 7.966587 15.051594 -0.232589
v 8.007530 15.054372 -0.147442
v 8.032336 15.110459 -0.086852
v 8.072861 15.138325 -0.055015
v 8.130806 15.189395 -0.051620
v 8.195801 15.229565 -0.060921
v 8.222334 15.282793 -0.088274
v 8.219046 15.323843 -0.111636
v 8.208065 15.342323 -0.164513
v 8.160627 15.328141 -0.227595
v 8.083841 15.290321 -0.253245
v 8.003600 15.280931 -0.253050
v 7.965472 15.280252 -0.257010
v 7.939635 15.308620 -0.264006
v 7.963409 15.281342 -0.266654
v 7.995712 15.281466 -0.273025
v 8.076595 15.357553 -0.305818
v 8.071104 15.371826 -0.370728
v 8.061378 15.358664 -0.455903
v 7.935706 15.307605 -0.485098
v 7.912154 15.322304 -0.498070
v 7.933643 15.302586 -0.504706
v 8.027067 15.326926 -0.528770
v 8.021410 15.347546 -0.588139
v 7.907611 15.326071 -0.651424
v 7.865832 15.309828 -0.677759
v 7.833585 15.308928 -0.688350
v 7.848719 15.305414 -0.699298
v 7.875893 15.312408 -0.717509
v 7.854544 15.319639 -0.770537
v 7.839103 15.298956 -0.839461
v 7.802620 15.252600 -0.869924
v 7.765857 15.208085 -0.878631
v 7.739379 15.150244 -0.875462
v -7.694255 15.146609 -0.878458
v -7.732412 15.209444 -0.882923
v -7.768561 15.255924 -0.871764
v -7.805323 15.298542 -0.839645
v -7.816891 15.324162 -0.774860
v -7.843228 15.317892 -0.714870
v -7.827815 15.314927 -0.694351
v -7.841222 15.316757 -0.679713
v -7.885927 15.331508 -0.652736
v -7.926257 15.348356 -0.586043
v -7.946855 15.328389 -0.524617
v -7.910593 15.321542 -0.509823
v -7.892867 15.342772 -0.498649
v -7.916614 15.330057 -0.484895
v -7.964497 15.354673 -0.461037
v -7.976147 15.369390 -0.372113
v -7.967953 15.354692 -0.297552
v -7.936207 15.318780 -0.271590
v -7.910816 15.328260 -0.266266
v -7.938019 15.314939 -0.253897
v -8.084064 15.328205 -0.226360
v -8.167122 15.339878 -0.164848
v -8.178160 15.320910 -0.110017
v -8.186047 15.278784 -0.082650
v -8.127098 15.230110 -0.051453
v -8.064360 15.184641 -0.042297
v -8.025117 15.140291 -0.051007
v -8.005440 15.090727 -0.080749
v -7.960065 15.042564 -0.145477
v -7.914941 15.042524 -0.229217
v -7.864244 15.052694 -0.275021
v -7.594281 14.846304 -0.017244
v -7.666162 14.916909 0.012637
v -7.697935 14.930650 0.064274
v -7.739463 14.918031 0.127729
v -7.778734 14.907357 0.176449
v -7.802508 14.910196 0.229301
v -7.778790 14.899744 0.274982
v -7.743032 14.873869 0.318249
v -7.677198 14.829218 0.331502
v -7.655375 14.779161 0.314615
v -7.655042 14.737967 0.277201
v -7.590937 14.745633 0.186075
v -7.535835 14.763609 0.102060
v -7.545813 14.787830 0.029519
v -7.887405 15.048854 -0.308112
v -7.936765 15.041091 -0.387983
v -7.934590 15.050877 -0.460011
v -7.906858 15.058706 -0.522053
v -7.898749 15.061422 -0.569905
v -7.789548 15.059755 -0.656772
v -7.737457 15.072575 -0.750018
v -7.719201 15.096733 -0.828114
v -1.804760 0.000000 1.699879
v 7.790746 15.116249 -0.834865
v 7.823273 15.091049 -0.763179
v 7.864021 15.101797 -0.704872
v 7.845931 15.073818 -0.672224
v 7.924863 15.083899 -0.638611
v 7.981108 15.104342 -0.578980
v 7.996967 15.116249 -0.512727
v 7.967507 15.083040 -0.500840
v 8.017508 15.108034 -0.468554
v 8.025257 15.075270 -0.378067
v 7.995908 15.066641 -0.291278
v 7.970490 15.061954 -0.271088
v 7.632771 14.809179 0.020859
v 7.628340 14.732087 0.101600
v 7.668252 14.708286 0.194657
v 7.676697 14.703213 0.264943
v 7.697963 14.698725 0.306410
v 7.709222 14.740923 0.339691
v 7.726280 14.799089 0.354784
v 7.809253 14.831307 0.344184
v 7.848580 14.870607 0.296772
v 7.872828 14.881793 0.259971
v 7.850615 14.883688 0.200353
v 7.819872 14.886606 0.163628
v 7.786064 14.873394 0.110218
v 7.725360 14.853439 0.063661
v 8.000813 15.073343 -0.234264
v 8.039192 15.085584 -0.150664
v 8.063328 15.098509 -0.086033
v 8.129523 15.138448 -0.064826
v 8.198561 15.190166 -0.067696
v 8.237496 15.228443 -0.066966
v 8.271584 15.278816 -0.076897
v 8.260937 15.326321 -0.112048
v 8.256087 15.342001 -0.170372
v 8.208900 15.328411 -0.228824
v 8.172334 15.290102 -0.255349
v 8.088190 15.215981 -0.260380
v 8.020575 15.203033 -0.257528
v 7.994040 15.198542 -0.255937
v 7.962211 15.279104 -0.261587
v 7.992256 15.197533 -0.265608
v 8.031527 15.216096 -0.272509
v 8.098475 15.293266 -0.275349
v 8.184625 15.355604 -0.313101
v 8.182424 15.374025 -0.381503
v 8.182034 15.352087 -0.457709
v 8.046774 15.283887 -0.483368
v 7.983979 15.271283 -0.485330
v 7.954547 15.268513 -0.487757
v 7.933894 15.299778 -0.497320
v 7.955272 15.265406 -0.497844
v 7.994069 15.282898 -0.501495
v 8.043289 15.273317 -0.504107
v 8.114974 15.322539 -0.530420
v 8.111602 15.342327 -0.585263
v 8.011656 15.331642 -0.649258
v 7.889467 15.287443 -0.675532
v 7.855325 15.300498 -0.686004
v 7.873106 15.279182 -0.693403
v 7.897354 15.304935 -0.724394
v 7.891028 15.319328 -0.773940
v 7.882973 15.296343 -0.832858
v 7.835313 15.251640 -0.864063
v 7.802286 15.208834 -0.874520
v 7.777006 15.155272 -0.870543
v -7.739379 15.150244 -0.875462
v -7.765857 15.208085 -0.878631
v -7.802620 15.252600 -0.869924
v -7.839103 15.298956 -0.839461
v -7.854544 15.319639 -0.770537
v -7.875893 15.312408 -0.717509
v -7.848719 15.305414 -0.699298
v -7.833585 15.308928 -0.688350
v -7.865832 15.309828 -0.677759
v -7.907611 15.326071 -0.651424
v -8.021410 15.347546 -0.588139
v -8.027067 15.326926 -0.528770
v -7.933643 15.302586 -0.504706
v -7.912154 15.322304 -0.498070
v -7.935706 15.307605 -0.485098
v -8.061378 15.358664 -0.455903
v -8.071104 15.371826 -0.370728
v -8.076595 15.357553 -0.305818
v -7.995712 15.281466 -0.273025
v -7.963409 15.281342 -0.266654
v -7.939635 15.308620 -0.264006
v -7.965472 15.280252 -0.257010
v -8.003600 15.280931 -0.253050
v -8.083841 15.290321 -0.253245
v -8.160627 15.328141 -0.227595
v -8.208065 15.342323 -0.164513
v -8.219046 15.323843 -0.111636
v -8.222334 15.282793 -0.088274
v -8.195801 15.229565 -0.060921
v -8.130806 15.189395 -0.051620
v -8.072861 15.138325 -0.055015
v -8.032336 15.110459 -0.086852
v -8.007530 15.054372 -0.147442
v -7.966587 15.051594 -0.232589
v -7.903152 15.052329 -0.275876
v -7.613484 14.834124 0.007754
v -7.680377 14.892763 0.033658
v -7.744369 14.897058 0.098565
v -7.789075 14.896319 0.152239
v -7.811817 14.895292 0.194275
v -7.831105 14.902314 0.242434
v -7.807023 14.895208 0.288932
v -7.765885 14.855585 0.334680
v -7.701224 14.816706 0.342286
v -7.682299 14.774090 0.330892
v -7.675526 14.723724 0.295010
v -7.658441 14.715503 0.251935
v -7.610641 14.726149 0.143426
v -7.566382 14.763805 0.052641
v -7.948805 15.055569 -0.295782
v -8.004410 15.054953 -0.377306
v -7.986237 15.070711 -0.464448
v -7.920154 15.058222 -0.498259
v -7.971325 15.082817 -0.525478
v -7.947969 15.075661 -0.583470
v -7.875949 15.068487 -0.633792
v -7.826171 15.082296 -0.698855
v -7.793589 15.078575 -0.758461
v -7.765300 15.103479 -0.830692
v 7.815607 15.134909 -0.836423
v 7.849695 15.120104 -0.770052
v 7.885649 15.131361 -0.705221
v 7.890220 15.098472 -0.679936
v 7.952206 15.126724 -0.642505
v 8.009174 15.107848 -0.583484
v 8.023361 15.128494 -0.518179
v 7.994821 15.110574 -0.498033
v 8.050787 15.119742 -0.463545
v 8.063107 15.081564 -0.382013
v 8.019320 15.098110 -0.280690
v 7.993789 15.072143 -0.268758
v 7.677004 14.780752 0.058962
v 7.695204 14.712632 0.143379
v 7.697545 14.699645 0.207667
v 7.704234 14.681054 0.278569
v 7.740048 14.677069 0.324504
v 7.739463 14.715893 0.348437
v 7.774302 14.769045 0.360871
v 7.837710 14.810852 0.356879
v 7.884005 14.849230 0.331820
v 7.918397 14.838892 0.284077
v 7.891892 14.874816 0.210822
v 7.853736 14.871666 0.168238
v 7.820235 14.858540 0.117849
v 7.767195 14.809932 0.099415
v 8.021939 15.100209 -0.232464
v 8.061657 15.081079 -0.148225
v 8.130025 15.095281 -0.092536
v 8.197056 15.143324 -0.083982
v 8.239336 15.188904 -0.079779
v 8.275151 15.223936 -0.062685
v 8.320692 15.278727 -0.082647
v 8.312527 15.319246 -0.117617
v 8.313948 15.331499 -0.172931
v 8.253384 15.325239 -0.227720
v 8.227937 15.285863 -0.257370
v 8.176012 15.226715 -0.265823
v 8.105917 15.148420 -0.254616
v 8.036182 15.151806 -0.253041
v 8.006081 15.152366 -0.254438
v 7.991866 15.198492 -0.260168
v 8.004855 15.152466 -0.268122
v 8.049477 15.157056 -0.273630
v 8.107811 15.229094 -0.271974
v 8.191705 15.304628 -0.278181
v 8.280809 15.359419 -0.318530
v 8.275737 15.377405 -0.388883
v 8.280586 15.362038 -0.460332
v 8.188443 15.306705 -0.479125
v 8.055496 15.222761 -0.490778
v 8.011990 15.218921 -0.491275
v 7.982920 15.206013 -0.490249
v 7.953097 15.266956 -0.492448
v 7.997217 15.199358 -0.498387
v 8.011962 15.216518 -0.498273
v 8.052402 15.224512 -0.497916
v 8.123420 15.285355 -0.503399
v 8.221889 15.328760 -0.531039
v 8.214920 15.345407 -0.596993
v 8.111211 15.330143 -0.653609
v 8.003098 15.270761 -0.677029
v 7.913994 15.262203 -0.674515
v 7.898804 15.257290 -0.677620
v 7.874946 15.277113 -0.685661
v 7.891530 15.256684 -0.690418
v 7.900169 15.258743 -0.693930
v 7.911263 15.255546 -0.696104
v 7.942088 15.305664 -0.729812
v 7.936096 15.317360 -0.775440
v 7.928347 15.303152 -0.829081
v 7.879935 15.253975 -0.860411
v 7.830853 15.208913 -0.870546
v 7.800056 15.163120 -0.866395
v -7.777006 15.155272 -0.870543
v -7.802286 15.208834 -0.874520
v -7.835313 15.251640 -0.864063
v -7.882973 15.296343 -0.832858
v -7.891028 15.319328 -0.773940
v -7.897354 15.304935 -0.724394
v -7.873106 15.279182 -0.693403
v -7.855325 15.300498 -0.686004
v -7.889467 15.287443 -0.675532
v -8.011656 15.331642 -0.649258
v -8.111602 15.342327 -0.585263
v -8.114974 15.322539 -0.530420
v -8.043289 15.273317 -0.504107
v -7.994069 15.282898 -0.501495
v -7.955272 15.265406 -0.497844
v -7.933894 15.299778 -0.497320
v -7.954547 15.268513 -0.487757
v -7.983979 15.271283 -0.485330
v -8.046774 15.283887 -0.483368
v -8.182034 15.352087 -0.457709
v -8.182424 15.374025 -0.381503
v -8.184625 15.355604 -0.313101
v -8.098475 15.293266 -0.275349
v -8.031527 15.216096 -0.272509
v -7.992256 15.197533 -0.265608
v -7.962211 15.279104 -0.261587
v -7.994040 15.198542 -0.255937
v -8.020575 15.203033 -0.257528
v -8.088190 15.215981 -0.260380
v -8.172334 15.290102 -0.255349
v -8.208900 15.328411 -0.228824
v -8.256087 15.342001 -0.170372
v -8.260937 15.326321 -0.112048
v -8.271584 15.278816 -0.076897
v -8.237496 15.228443 -0.066966
v -8.198561 15.190166 -0.067696
v -8.129523 15.138448 -0.064826
v -8.063328 15.098509 -0.086033
v -8.039192 15.085584 -0.150664
v -8.000813 15.073343 -0.234264
v -7.970490 15.061954 -0.271088
v -7.632771 14.809179 0.020859
v -7.725360 14.853439 0.063661
v -7.786064 14.873394 0.110218
v -7.819872 14.886606 0.163628
v -7.850615 14.883688 0.200353
v -7.872828 14.881793 0.259971
v -7.848580 14.870607 0.296772
v -7.809253 14.831307 0.344184
v -7.726280 14.799089 0.354784
v -7.709222 14.740923 0.339691
v -7.697963 14.698725 0.306410
v -7.676697 14.703213 0.264943
v -7.668252 14.708286 0.194657
v -7.628340 14.732087 0.101600
v -7.995908 15.066641 -0.291278
v -8.025257 15.075270 -0.378067
v -8.017508 15.108034 -0.468554
v -7.967507 15.083040 -0.500840
v -7.996967 15.116249 -0.512727
v -7.981108 15.104342 -0.578980
v -7.924863 15.083899 -0.638611
v -7.845931 15.073818 -0.672224
v -7.864021 15.101797 -0.704872
v -7.823273 15.091049 -0.763179
v -7.790746 15.116249 -0.834865
v 7.839271 15.141759 -0.832955
v 7.872772 15.123547 -0.771702
v 7.895320 15.136932 -0.713841
v 7.901786 15.129444 -0.684738
v 7.984452 15.134792 -0.644431
v 8.057615 15.106314 -0.584569
v 8.058702 15.122448 -0.522822
v 8.021996 15.155813 -0.497944
v 8.001511 15.155033 -0.500464
v 8.000757 15.159445 -0.494798
v 8.005969 15.156199 -0.489839
v 8.034983 15.157396 -0.487590
v 8.097025 15.109758 -0.457327
v 8.117399 15.073823 -0.381275
v 8.061628 15.101400 -0.286169
v 8.007614 15.096727 -0.262833
v 7.737791 14.764194 0.104721
v 7.723800 14.712912 0.163156
v 7.727116 14.666199 0.223294
v 7.746376 14.658785 0.293458
v 7.791889 14.658173 0.342252
v 7.808055 14.698111 0.358368
v 7.811985 14.753908 0.370662
v 7.834951 14.799953 0.334565
v 7.882388 14.831476 0.309927
v 7.915916 14.831337 0.282198
v 7.934005 14.844046 0.248591
v 7.895933 14.855726 0.187828
v 7.853625 14.843099 0.125678
v 7.795568 14.798809 0.110549
v 8.055135 15.098565 -0.232698
v 8.121692 15.075096 -0.150514
v 8.197529 15.107500 -0.107001
v 8.241789 15.148153 -0.098932
v 8.278300 15.174479 -0.078753
v 8.313307 15.219242 -0.065863
v 8.366764 15.280361 -0.096886
v 8.364312 15.309524 -0.120697
v 8.357010 15.324169 -0.175838
v 8.310632 15.321789 -0.225973
v 8.255865 15.280968 -0.262487
v 8.236382 15.231901 -0.270043
v 8.185545 15.156710 -0.251124
v 8.119713 15.105495 -0.233790
v 7.999002 15.152100 -0.261305
v 8.112215 15.163210 -0.276406
v 8.192986 15.244619 -0.275489
v 8.292793 15.311859 -0.284776
v 8.322449 15.360704 -0.319186
v 8.319968 15.376925 -0.390227
v 8.318798 15.359550 -0.459930
v 8.291232 15.315256 -0.488047
v 8.197920 15.229864 -0.489145
v 8.072219 15.156811 -0.485048
v 7.982529 15.198430 -0.493880
v 8.052850 15.159063 -0.499374
v 8.124535 15.236311 -0.499212
v 8.230556 15.291552 -0.504678
v 8.254052 15.332312 -0.537689
v 8.250374 15.345012 -0.598724
v 8.217569 15.332268 -0.655755
v 8.117372 15.287479 -0.680937
v 8.008505 15.220429 -0.680897
v 7.922104 15.212328 -0.682667
v 7.906803 15.205459 -0.681566
v 7.888157 15.251534 -0.684922
v 7.903737 15.204728 -0.690641
v 7.910315 15.207397 -0.691458
v 7.917115 15.206915 -0.690945
v 7.948917 15.261513 -0.698356
v 7.987490 15.310789 -0.732465
v 7.979436 15.317982 -0.780515
v 7.976538 15.308748 -0.826183
v 7.929992 15.263447 -0.858519
v 7.874166 15.204872 -0.867396
v 7.823300 15.164711 -0.865244
v -7.800056 15.163120 -0.866395
v -7.830853 15.208913 -0.870546
v -7.879935 15.253975 -0.860411
v -7.928347 15.303152 -0.829081
v -7.936096 15.317360 -0.775440
v -7.942088 15.305664 -0.729812
v -7.911263 15.255546 -0.696104
v -7.900169 15.258743 -0.693930
v -7.891530 15.256684 -0.690418
v -7.874946 15.277113 -0.685661
v -7.898804 15.257290 -0.677620
v -7.913994 15.262203 -0.674515
v -8.003098 15.270761 -0.677029
v -8.111211 15.330143 -0.653609
v -8.214920 15.345407 -0.596993
v -8.221889 15.328760 -0.531039
v -8.123420 15.285355 -0.503399
v -8.052402 15.224512 -0.497916
v -8.011962 15.216518 -0.498273
v -7.997217 15.199358 -0.498387
v -7.953097 15.266956 -0.492448
v -7.982920 15.206013 -0.490249
v -8.011990 15.218921 -0.491275
v -8.055496 15.222761 -0.490778
v -8.188443 15.306705 -0.479125
v -8.280586 15.362038 -0.460332
v -8.275737 15.377405 -0.388883
v -8.280809 15.359419 -0.318530
v -8.191705 15.304628 -0.278181
v -8.107811 15.229094 -0.271974
v -8.049477 15.157056 -0.273630
v -8.004855 15.152466 -0.268122
v -7.991866 15.198492 -0.260168
v -8.006081 15.152366 -0.254438
v -8.036182 15.151806 -0.253041
v -8.105917 15.148420 -0.254616
v -8.176012 15.226715 -0.265823
v -8.227937 15.285863 -0.257370
v -8.253384 15.325239 -0.227720
v -8.313948 15.331499 -0.172931
v -8.312527 15.319246 -0.117617
v -8.320692 15.278727 -0.082647
v -8.275151 15.223936 -0.062685
v -8.239336 15.188904 -0.079779
v -8.197056 15.143324 -0.083982
v -8.130025 15.095281 -0.092536
v -8.061657 15.081079 -0.148225
v -8.021939 15.100209 -0.232464
v -7.993789 15.072143 -0.268758
v -7.677004 14.780752 0.058962
v -7.767195 14.809932 0.099415
v -7.820235 14.858540 0.117849
v -7.853736 14.871666 0.168238
v -7.891892 14.874816 0.210822
v -7.918397 14.838892 0.284077
v -7.884005 14.849230 0.331820
v -7.837710 14.810852 0.356879
v -7.774302 14.769045 0.360871
v -7.739463 14.715893 0.348437
v -7.740048 14.677069 0.324504
v -7.704234 14.681054 0.278569
v -7.697545 14.699645 0.207667
v -7.695204 14.712632 0.143379
v -8.019320 15.098110 -0.280690
v -8.063107 15.081564 -0.382013
v -8.050787 15.119742 -0.463545
v -7.994821 15.110574 -0.498033
v -8.023361 15.128494 -0.518179
v -8.009174 15.107848 -0.583484
v -7.952206 15.126724 -0.642505
v -7.890220 15.098472 -0.679936
v -7.885649 15.131361 -0.705221
v -7.849695 15.120104 -0.770052
v -7.815607 15.134909 -0.836423
v 7.879851 15.141376 -0.830765
v 7.891391 15.121565 -0.772522
v 7.912154 15.132496 -0.721113
v 7.902651 15.150607 -0.697283
v 7.900950 15.149393 -0.692732
v 7.901897 15.151925 -0.686399
v 7.911207 15.154570 -0.679231
v 7.948666 15.158785 -0.680591
v 8.041254 15.133677 -0.645671
v 8.134484 15.115774 -0.593220
v 8.134150 15.133495 -0.538826
v 8.203354 15.119872 -0.456157
v 8.206058 15.092604 -0.389873
v 8.122583 15.095880 -0.287139
v 7.766582 14.760376 0.127565
v 7.753846 14.688216 0.169536
v 7.778065 14.632139 0.235424
v 7.797491 14.629744 0.318793
v 7.818255 14.647387 0.368538
v 7.838099 14.678685 0.388901
v 7.812626 14.698557 0.351614
v 7.810814 14.742566 0.353582
v 7.847800 14.789698 0.333094
v 7.899584 14.822502 0.311558
v 7.950533 14.820912 0.311666
v 7.954602 14.823839 0.309938
v 7.952568 14.839197 0.267800
v 7.944541 14.826208 0.211906
v 7.906915 14.814529 0.140355
v 7.826088 14.784456 0.120474
v 8.199814 15.092934 -0.154243
v 8.243546 15.116520 -0.119515
v 8.275374 15.146540 -0.105128
v 8.309127 15.173635 -0.085690
v 8.369524 15.218410 -0.079199
v 8.434715 15.276651 -0.093843
v 8.426632 15.306957 -0.125034
v 8.418215 15.317480 -0.180138
v 8.357817 15.311804 -0.227330
v 8.283318 15.277710 -0.256742
v 8.256756 15.227417 -0.273660
v 8.234821 15.166183 -0.247141
v 8.197000 15.118265 -0.231806
v 8.201320 15.161963 -0.281364
v 8.302994 15.257427 -0.275034
v 8.327104 15.311349 -0.283708
v 8.363476 15.361312 -0.321170
v 8.367016 15.376331 -0.390099
v 8.361915 15.357342 -0.458952
v 8.321194 15.313013 -0.490767
v 8.299873 15.260444 -0.497964
v 8.197557 15.153360 -0.484839
v 8.131168 15.168393 -0.500157
v 8.241844 15.246258 -0.505428
v 8.258121 15.291140 -0.504146
v 8.280224 15.332133 -0.540557
v 8.280224 15.344534 -0.599153
v 8.248450 15.330114 -0.655320
v 8.225456 15.294353 -0.685310
v 8.124535 15.224178 -0.684777
v 8.018818 15.168614 -0.680351
v 7.897856 15.202080 -0.686483
v 7.920683 15.147547 -0.697481
v 7.954714 15.211668 -0.691154
v 7.994654 15.268808 -0.701280
v 8.032336 15.315598 -0.733240
v 8.021355 15.322733 -0.785393
v 8.026455 15.308825 -0.825486
v 7.983896 15.266029 -0.861055
v 7.929769 15.210428 -0.868951
v 7.874166 15.162746 -0.857273
v -7.823300 15.164711 -0.865244
v -7.874166 15.204872 -0.867396
v -7.929992 15.263447 -0.858519
v -7.976538 15.308748 -0.826183
v -7.979436 15.317982 -0.780515
v -7.987490 15.310789 -0.732465
v -7.948917 15.261513 -0.698356
v -7.917115 15.206915 -0.690945
v -7.910315 15.207397 -0.691458
v -7.903737 15.204728 -0.690641
v -7.888157 15.251534 -0.684922
v -7.906803 15.205459 -0.681566
v -7.922104 15.212328 -0.682667
v -8.008505 15.220429 -0.680897
v -8.117372 15.287479 -0.680937
v -8.217569 15.332268 -0.655755
v -8.250374 15.345012 -0.598724
v -8.254052 15.332312 -0.537689
v -8.230556 15.291552 -0.504678
v -8.124535 15.236311 -0.499212
v -8.052850 15.159063 -0.499374
v -8.021996 15.155813 -0.497944
v -8.001511 15.155033 -0.500464
v -7.982529 15.198430 -0.493880
v -8.005969 15.156199 -0.489839
v -8.034983 15.157396 -0.487590
v -8.072219 15.156811 -0.485048
v -8.197920 15.229864 -0.489145
v -8.291232 15.315256 -0.488047
v -8.318798 15.359550 -0.459930
v -8.319968 15.376925 -0.390227
v -8.322449 15.360704 -0.319186
v -8.292793 15.311859 -0.284776
v -8.192986 15.244619 -0.275489
v -8.112215 15.163210 -0.276406
v -8.061628 15.101400 -0.286169
v -7.999002 15.152100 -0.261305
v -8.055135 15.098565 -0.232698
v -8.119713 15.105495 -0.233790
v -8.185545 15.156710 -0.251124
v -8.236382 15.231901 -0.270043
v -8.255865 15.280968 -0.262487
v -8.310632 15.321789 -0.225973
v -8.357010 15.324169 -0.175838
v -8.364312 15.309524 -0.120697
v -8.366764 15.280361 -0.096886
v -8.313307 15.219242 -0.065863
v -8.278300 15.174479 -0.078753
v -8.241789 15.148153 -0.098932
v -8.197529 15.107500 -0.107001
v -8.121692 15.075096 -0.150514
v -8.007614 15.096727 -0.262833
v -7.737791 14.764194 0.104721
v -7.795568 14.798809 0.110549
v -7.853625 14.843099 0.125678
v -7.895933 14.855726 0.187828
v -7.934005 14.844046 0.248591
v -7.915916 14.831337 0.282198
v -7.882388 14.831476 0.309927
v -7.834951 14.799953 0.334565
v -7.811985 14.753908 0.370662
v -7.808055 14.698111 0.358368
v -7.791889 14.658173 0.342252
v -7.746376 14.658785 0.293458
v -7.727116 14.666199 0.223294
v -7.723800 14.712912 0.163156
v -8.117399 15.073823 -0.381275
v -8.097025 15.109758 -0.457327
v -8.000757 15.159445 -0.494798
v -8.058702 15.122448 -0.522822
v -8.057615 15.106314 -0.584569
v -7.984452 15.134792 -0.644431
v -7.901786 15.129444 -0.684738
v -7.895320 15.136932 -0.713841
v -7.872772 15.123547 -0.771702
v -7.839271 15.141759 -0.832955
v 7.936402 15.143887 -0.830453
v 7.943649 15.122664 -0.780543
v 7.953209 15.136622 -0.729006
v 8.129106 15.132460 -0.643773
v 8.252047 15.142069 -0.603856
v 8.257452 15.157120 -0.547954
v 8.320387 15.149586 -0.441527
v 8.322226 15.129936 -0.395974
v 8.206449 15.117219 -0.299439
v 7.791276 14.737020 0.131829
v 7.818228 14.657642 0.180311
v 7.836873 14.606554 0.273126
v 7.828372 14.616198 0.358242
v 7.898832 14.653461 0.447979
v 7.906134 14.683033 0.454577
v 7.841110 14.683535 0.386791
v 7.829599 14.737885 0.360132
v 7.947495 14.759762 0.430340
v 7.969318 14.793348 0.409779
v 7.981805 14.816843 0.380977
v 7.999281 14.825066 0.370196
v 8.016337 14.813387 0.358248
v 7.974279 14.821859 0.241712
v 7.948638 14.798170 0.186000
v 7.877510 14.746440 0.143373
v 8.244715 15.103886 -0.156149
v 8.271835 15.134806 -0.126700
v 8.298452 15.125624 -0.128372
v 8.386692 15.164335 -0.101117
v 8.449152 15.221972 -0.079433
v 8.477052 15.282518 -0.091354
v 8.476105 15.316576 -0.125711
v 8.472397 15.329998 -0.181075
v 8.421978 15.306037 -0.227985
v 8.354333 15.285077 -0.253875
v 8.285631 15.220671 -0.270982
v 8.256115 15.175142 -0.257130
v 8.245106 15.126244 -0.229415
v 8.316457 15.174495 -0.304049
v 8.331228 15.254807 -0.273011
v 8.361357 15.311132 -0.284726
v 8.433712 15.338722 -0.333615
v 8.430757 15.357785 -0.391049
v 8.428415 15.339657 -0.454340
v 8.356145 15.311530 -0.487883
v 8.324483 15.257475 -0.498769
v 8.302409 15.193302 -0.473953
v 8.249175 15.178680 -0.522089
v 8.264838 15.244158 -0.508298
v 8.281088 15.290691 -0.508984
v 8.372812 15.315628 -0.545284
v 8.368214 15.329284 -0.601815
v 8.278830 15.328203 -0.652862
v 8.249454 15.292492 -0.688091
v 8.232202 15.249315 -0.694228
v 8.124311 15.161324 -0.680945
v 7.957251 15.159145 -0.700477
v 7.998862 15.222828 -0.691979
v 8.042843 15.273543 -0.703685
v 8.069683 15.315119 -0.733722
v 8.066450 15.320272 -0.784894
v 8.067036 15.306591 -0.831174
v 8.036795 15.271599 -0.865060
v 7.989887 15.217327 -0.873023
v 7.930271 15.172752 -0.854012
v -7.874166 15.162746 -0.857273
v -7.929769 15.210428 -0.868951
v -7.983896 15.266029 -0.861055
v -8.026455 15.308825 -0.825486
v -8.021355 15.322733 -0.785393
v -8.032336 15.315598 -0.733240
v -7.994654 15.268808 -0.701280
v -7.954714 15.211668 -0.691154
v -7.920683 15.147547 -0.697481
v -7.902651 15.150607 -0.697283
v -7.900950 15.149393 -0.692732
v -7.897856 15.202080 -0.686483
v -7.911207 15.154570 -0.679231
v -7.948666 15.158785 -0.680591
v -8.018818 15.168614 -0.680351
v -8.124535 15.224178 -0.684777
v -8.225456 15.294353 -0.685310
v -8.248450 15.330114 -0.655320
v -8.280224 15.344534 -0.599153
v -8.280224 15.332133 -0.540557
v -8.258121 15.291140 -0.504146
v -8.241844 15.246258 -0.505428
v -8.131168 15.168393 -0.500157
v -8.197557 15.153360 -0.484839
v -8.299873 15.260444 -0.497964
v -8.321194 15.313013 -0.490767
v -8.361915 15.357342 -0.458952
v -8.367016 15.376331 -0.390099
v -8.363476 15.361312 -0.321170
v -8.327104 15.311349 -0.283708
v -8.302994 15.257427 -0.275034
v -8.201320 15.161963 -0.281364
v -8.122583 15.095880 -0.287139
v -8.197000 15.118265 -0.231806
v -8.234821 15.166183 -0.247141
v -8.256756 15.227417 -0.273660
v -8.283318 15.277710 -0.256742
v -8.357817 15.311804 -0.227330
v -8.418215 15.317480 -0.180138
v -8.426632 15.306957 -0.125034
v -8.434715 15.276651 -0.093843
v -8.369524 15.218410 -0.079199
v -8.309127 15.173635 -0.085690
v -8.275374 15.146540 -0.105128
v -8.243546 15.116520 -0.119515
v -8.199814 15.092934 -0.154243
v -7.766582 14.760376 0.127565
v -7.826088 14.784456 0.120474
v -7.906915 14.814529 0.140355
v -7.944541 14.826208 0.211906
v -7.952568 14.839197 0.267800
v -7.954602 14.823839 0.309938
v -7.950533 14.820912 0.311666
v -7.899584 14.822502 0.311558
v -7.847800 14.789698 0.333094
v -7.810814 14.742566 0.353582
v -7.812626 14.698557 0.351614
v -7.838099 14.678685 0.388901
v -7.818255 14.647387 0.368538
v -7.797491 14.629744 0.318793
v -7.778065 14.632139 0.235424
v -7.753846 14.688216 0.169536
v -8.206058 15.092604 -0.389873
v -8.203354 15.119872 -0.456157
v -8.134150 15.133495 -0.538826
v -8.134484 15.115774 -0.593220
v -8.041254 15.133677 -0.645671
v -7.901897 15.151925 -0.686399
v -7.912154 15.132496 -0.721113
v -7.891391 15.121565 -0.772522
v -7.879851 15.141376 -0.830765
v 8.001733 15.145570 -0.832002
v 8.007224 15.127903 -0.785176
v 8.012407 15.142462 -0.733340
v 8.249704 15.158207 -0.644319
v 8.261718 15.159394 -0.603861
v 8.263752 15.169138 -0.548431
v 8.331953 15.166103 -0.442213
v 8.334266 15.151020 -0.395815
v 8.323481 15.147657 -0.331179
v 7.854767 14.702765 0.151253
v 7.883419 14.634453 0.229596
v 7.861205 14.602512 0.304743
v 7.904323 14.615194 0.416374
v 7.966253 14.698642 0.450522
v 7.942450 14.721189 0.455332
v 7.891530 14.693680 0.448128
v 7.919958 14.724227 0.446505
v 7.970238 14.749338 0.443651
v 7.989024 14.784792 0.419548
v 8.012129 14.773811 0.413885
v 8.042063 14.804302 0.318141
v 7.980969 14.788832 0.225332
v 7.944402 14.729132 0.185281
v 8.275179 15.123709 -0.160765
v 8.298173 15.115124 -0.166074
v 8.389758 15.116113 -0.139602
v 8.464955 15.174231 -0.106836
v 8.484241 15.225523 -0.078840
v 8.503584 15.277840 -0.096251
v 8.498791 15.310070 -0.125772
v 8.496645 15.326004 -0.182766
v 8.470558 15.316151 -0.228542
v 8.425517 15.279791 -0.252946
v 8.355866 15.220993 -0.269494
v 8.289253 15.162544 -0.248551
v 8.264421 15.142906 -0.225775
v 8.334434 15.190384 -0.303003
v 8.360353 15.249086 -0.276119
v 8.437474 15.306452 -0.292189
v 8.527917 15.341334 -0.341614
v 8.519556 15.353683 -0.394692
v 8.524599 15.340475 -0.449083
v 8.427691 15.311020 -0.479103
v 8.351769 15.251032 -0.498956
v 8.328331 15.203653 -0.483983
v 8.263613 15.191737 -0.521381
v 8.286133 15.239234 -0.510127
v 8.375182 15.291569 -0.523201
v 8.461248 15.315765 -0.549200
v 8.453027 15.325923 -0.606422
v 8.364814 15.315445 -0.655083
v 8.277548 15.291287 -0.685945
v 8.251934 15.246879 -0.695240
v 8.234710 15.194127 -0.672918
v 8.004715 15.167507 -0.703627
v 8.045491 15.231953 -0.693164
v 8.070993 15.275110 -0.698487
v 8.094963 15.305550 -0.733753
v 8.095102 15.319862 -0.787218
v 8.095018 15.303301 -0.829435
v 8.067816 15.277252 -0.868982
v 8.043234 15.226667 -0.876828
v 7.994598 15.179029 -0.855152
v -7.930271 15.172752 -0.854012
v -7.989887 15.217327 -0.873023
v -8.036795 15.271599 -0.865060
v -8.067036 15.306591 -0.831174
v -8.066450 15.320272 -0.784894
v -8.069683 15.315119 -0.733722
v -8.042843 15.273543 -0.703685
v -7.998862 15.222828 -0.691979
v -7.957251 15.159145 -0.700477
v -8.124311 15.161324 -0.680945
v -8.232202 15.249315 -0.694228
v -8.249454 15.292492 -0.688091
v -8.278830 15.328203 -0.652862
v -8.368214 15.329284 -0.601815
v -8.372812 15.315628 -0.545284
v -8.281088 15.290691 -0.508984
v -8.264838 15.244158 -0.508298
v -8.249175 15.178680 -0.522089
v -8.302409 15.193302 -0.473953
v -8.324483 15.257475 -0.498769
v -8.356145 15.311530 -0.487883
v -8.428415 15.339657 -0.454340
v -8.430757 15.357785 -0.391049
v -8.433712 15.338722 -0.333615
v -8.361357 15.311132 -0.284726
v -8.331228 15.254807 -0.273011
v -8.316457 15.174495 -0.304049
v -8.206449 15.117219 -0.299439
v -8.245106 15.126244 -0.229415
v -8.256115 15.175142 -0.257130
v -8.285631 15.220671 -0.270982
v -8.354333 15.285077 -0.253875
v -8.421978 15.306037 -0.227985
v -8.472397 15.329998 -0.181075
v -8.476105 15.316576 -0.125711
v -8.477052 15.282518 -0.091354
v -8.449152 15.221972 -0.079433
v -8.386692 15.164335 -0.101117
v -8.298452 15.125624 -0.128372
v -8.271835 15.134806 -0.126700
v -8.244715 15.103886 -0.156149
v -7.791276 14.737020 0.131829
v -7.877510 14.746440 0.143373
v -7.948638 14.798170 0.186000
v -7.974279 14.821859 0.241712
v -8.016337 14.813387 0.358248
v -7.999281 14.825066 0.370196
v -7.981805 14.816843 0.380977
v -7.969318 14.793348 0.409779
v -7.947495 14.759762 0.430340
v -7.829599 14.737885 0.360132
v -7.841110 14.683535 0.386791
v -7.906134 14.683033 0.454577
v -7.898832 14.653461 0.447979
v -7.828372 14.616198 0.358242
v -7.836873 14.606554 0.273126
v -7.818228 14.657642 0.180311
v -8.322226 15.129936 -0.395974
v -8.320387 15.149586 -0.441527
v -8.257452 15.157120 -0.547954
v -8.252047 15.142069 -0.603856
v -8.129106 15.132460 -0.643773
v -7.953209 15.136622 -0.729006
v -7.943649 15.122664 -0.780543
v -7.936402 15.143887 -0.830453
v 8.061378 15.146174 -0.834129
v 8.067007 15.132668 -0.786814
v 8.069154 15.145880 -0.734464
v 8.259013 15.171791 -0.645069
v 8.284515 15.152997 -0.606938
v 8.284878 15.164898 -0.557631
v 8.363337 15.162725 -0.442371
v 8.362780 15.143223 -0.398889
v 8.335325 15.162872 -0.333428
v 7.919513 14.677431 0.199058
v 7.900838 14.630774 0.266484
v 7.903793 14.608004 0.350831
v 7.981247 14.657811 0.424105
v 7.992062 14.730526 0.434771
v 8.043121 14.750091 0.366252
v 8.009648 14.768152 0.263140
v 7.974558 14.726038 0.215521
v 8.288586 15.136349 -0.228322
v 8.392099 15.111393 -0.182504
v 8.475018 15.137964 -0.133203
v 8.487726 15.181916 -0.106421
v 8.507236 15.225115 -0.081094
v 8.538452 15.273156 -0.101145
v 8.529840 15.303565 -0.125836
v 8.529255 15.322008 -0.184455
v 8.495949 15.312954 -0.230042
v 8.471617 15.286442 -0.257041
v 8.432068 15.226452 -0.276057
v 8.376492 15.177681 -0.256770
v 8.364172 15.179440 -0.304107
v 8.439118 15.240962 -0.283103
v 8.528948 15.307377 -0.298697
v 8.577110 15.352247 -0.341279
v 8.574072 15.367908 -0.394553
v 8.572789 15.352024 -0.449061
v 8.529227 15.310585 -0.477411
v 8.427552 15.243941 -0.497961
v 8.357483 15.190517 -0.478705
v 8.287415 15.182737 -0.522719
v 8.377327 15.233013 -0.512816
v 8.468328 15.287430 -0.526398
v 8.500630 15.324736 -0.550877
v 8.496728 15.337610 -0.606955
v 8.455618 15.316109 -0.656231
v 8.363838 15.291304 -0.668902
v 8.273813 15.241570 -0.695733
v 8.255306 15.202646 -0.682146
v 8.055079 15.170895 -0.705934
v 8.075508 15.230057 -0.689574
v 8.105665 15.270592 -0.702063
v 8.152127 15.311657 -0.732005
v 8.148503 15.321102 -0.789989
v 8.146637 15.309342 -0.832766
v 8.093596 15.272242 -0.866641
v 8.069739 15.232792 -0.873882
v 8.053434 15.181013 -0.858137
v -7.994598 15.179029 -0.855152
v -8.043234 15.226667 -0.876828
v -8.067816 15.277252 -0.868982
v -8.095018 15.303301 -0.829435
v -8.095102 15.319862 -0.787218
v -8.094963 15.305550 -0.733753
v -8.070993 15.275110 -0.698487
v -8.045491 15.231953 -0.693164
v -8.004715 15.167507 -0.703627
v -8.234710 15.194127 -0.672918
v -8.251934 15.246879 -0.695240
v -8.277548 15.291287 -0.685945
v -8.364814 15.315445 -0.655083
v -8.453027 15.325923 -0.606422
v -8.461248 15.315765 -0.549200
v -8.375182 15.291569 -0.523201
v -8.286133 15.239234 -0.510127
v -8.263613 15.191737 -0.521381
v -8.328331 15.203653 -0.483983
v -8.351769 15.251032 -0.498956
v -8.427691 15.311020 -0.479103
v -8.524599 15.340475 -0.449083
v -8.519556 15.353683 -0.394692
v -8.527917 15.341334 -0.341614
v -8.437474 15.306452 -0.292189
v -8.360353 15.249086 -0.276119
v -8.334434 15.190384 -0.303003
v -8.323481 15.147657 -0.331179
v -8.264421 15.142906 -0.225775
v -8.289253 15.162544 -0.248551
v -8.355866 15.220993 -0.269494
v -8.425517 15.279791 -0.252946
v -8.470558 15.316151 -0.228542
v -8.496645 15.326004 -0.182766
v -8.498791 15.310070 -0.125772
v -8.503584 15.277840 -0.096251
v -8.484241 15.225523 -0.078840
v -8.464955 15.174231 -0.106836
v -8.389758 15.116113 -0.139602
v -8.298173 15.115124 -0.166074
v -8.275179 15.123709 -0.160765
v -7.854767 14.702765 0.151253
v -7.944402 14.729132 0.185281
v -7.980969 14.788832 0.225332
v -8.042063 14.804302 0.318141
v -8.012129 14.773811 0.413885
v -7.989024 14.784792 0.419548
v -7.970238 14.749338 0.443651
v -7.919958 14.724227 0.446505
v -7.891530 14.693680 0.448128
v -7.942450 14.721189 0.455332
v -7.966253 14.698642 0.450522
v -7.904323 14.615194 0.416374
v -7.861205 14.602512 0.304743
v -7.883419 14.634453 0.229596
v -8.334266 15.151020 -0.395815
v -8.331953 15.166103 -0.442213
v -8.263752 15.169138 -0.548431
v -8.261718 15.159394 -0.603861
v -8.249704 15.158207 -0.644319
v -8.012407 15.142462 -0.733340
v -8.007224 15.127903 -0.785176
v -8.001733 15.145570 -0.832002
v 8.075563 15.159751 -0.829580
v 8.077571 15.147669 -0.789607
v 8.078742 15.157080 -0.737872
v 8.284154 15.169020 -0.645587
v 8.397228 15.140123 -0.608460
v 8.395054 15.151596 -0.565360
v 8.458629 15.135855 -0.435666
v 8.467101 15.127578 -0.398036
v 8.361887 15.157729 -0.343420
v 7.949251 14.673531 0.241130
v 7.957780 14.629799 0.339176
v 8.018260 14.703854 0.405540
v 8.020518 14.718763 0.298154
v 8.383849 15.119054 -0.220189
v 8.473177 15.129181 -0.190077
v 8.487197 15.161901 -0.136753
v 8.505871 15.183411 -0.109509
v 8.540069 15.224840 -0.081919
v 8.614123 15.309515 -0.120421
v 8.599909 15.343884 -0.152225
v 8.593693 15.348322 -0.183600
v 8.529673 15.309761 -0.231538
v 8.498401 15.280525 -0.256575
v 8.473818 15.231250 -0.277273
v 8.452608 15.180155 -0.264265
v 8.459325 15.185785 -0.311538
v 8.552806 15.244587 -0.286972
v 8.577640 15.313525 -0.300464
v 8.596954 15.344855 -0.340805
v 8.595699 15.363375 -0.395985
v 8.595895 15.348392 -0.445970
v 8.574797 15.318802 -0.476834
v 8.531569 15.249712 -0.497911
v 8.451103 15.197800 -0.477361
v 8.392629 15.187960 -0.531496
v 8.481706 15.236277 -0.511091
v 8.501383 15.292919 -0.523382
v 8.516294 15.319230 -0.550092
v 8.514037 15.333886 -0.608488
v 8.494192 15.325597 -0.658152
v 8.459520 15.290989 -0.672402
v 8.364312 15.235469 -0.691684
v 8.278774 15.191836 -0.677807
v 8.077961 15.178905 -0.706628
v 8.105387 15.227139 -0.700658
v 8.154663 15.281472 -0.708131
v 8.198198 15.296410 -0.737568
v 8.190728 15.305292 -0.796221
v 8.193600 15.295931 -0.838624
v 8.141201 15.287770 -0.864790
v 8.094099 15.228163 -0.870133
v 8.072638 15.189785 -0.863383
v -8.053434 15.181013 -0.858137
v -8.069739 15.232792 -0.873882
v -8.093596 15.272242 -0.866641
v -8.146637 15.309342 -0.832766
v -8.148503 15.321102 -0.789989
v -8.152127 15.311657 -0.732005
v -8.105665 15.270592 -0.702063
v -8.075508 15.230057 -0.689574
v -8.055079 15.170895 -0.705934
v -8.255306 15.202646 -0.682146
v -8.273813 15.241570 -0.695733
v -8.363838 15.291304 -0.668902
v -8.455618 15.316109 -0.656231
v -8.496728 15.337610 -0.606955
v -8.500630 15.324736 -0.550877
v -8.468328 15.287430 -0.526398
v -8.377327 15.233013 -0.512816
v -8.287415 15.182737 -0.522719
v -8.357483 15.190517 -0.478705
v -8.427552 15.243941 -0.497961
v -8.529227 15.310585 -0.477411
v -8.572789 15.352024 -0.449061
v -8.574072 15.367908 -0.394553
v -8.577110 15.352247 -0.341279
v -8.528948 15.307377 -0.298697
v -8.439118 15.240962 -0.283103
v -8.364172 15.179440 -0.304107
v -8.335325 15.162872 -0.333428
v -8.288586 15.136349 -0.228322
v -8.376492 15.177681 -0.256770
v -8.432068 15.226452 -0.276057
v -8.471617 15.286442 -0.257041
v -8.495949 15.312954 -0.230042
v -8.529255 15.322008 -0.184455
v -8.529840 15.303565 -0.125836
v -8.538452 15.273156 -0.101145
v -8.507236 15.225115 -0.081094
v -8.487726 15.181916 -0.106421
v -8.475018 15.137964 -0.133203
v -8.392099 15.111393 -0.182504
v -7.919513 14.677431 0.199058
v -7.974558 14.726038 0.215521
v -8.009648 14.768152 0.263140
v -8.043121 14.750091 0.366252
v -7.992062 14.730526 0.434771
v -7.981247 14.657811 0.424105
v -7.903793 14.608004 0.350831
v -7.900838 14.630774 0.266484
v -8.362780 15.143223 -0.398889
v -8.363337 15.162725 -0.442371
v -8.284878 15.164898 -0.557631
v -8.284515 15.152997 -0.606938
v -8.259013 15.171791 -0.645069
v -8.069154 15.145880 -0.734464
v -8.067007 15.132668 -0.786814
v -8.061378 15.146174 -0.834129
v 8.092009 15.163163 -0.827730
v 8.094015 15.151178 -0.790524
v 8.097944 15.160065 -0.741980
v 8.389758 15.146930 -0.641805
v 8.496171 15.155107 -0.616509
v 8.497871 15.162971 -0.567595
v 8.569724 15.159014 -0.444169
v 8.573653 15.145792 -0.405305
v 8.463226 15.141542 -0.349590
v 7.993650 14.672442 0.319785
v 8.468857 15.140459 -0.232966
v 8.485775 15.151518 -0.193539
v 8.505229 15.162078 -0.137818
v 8.532320 15.184906 -0.112597
v 8.585638 15.248621 -0.087006
v 8.613983 15.287491 -0.127096
v 8.589317 15.311321 -0.155137
v 8.584663 15.325239 -0.184057
v 8.601302 15.347639 -0.212630
v 8.533546 15.274609 -0.256110
v 8.495809 15.230194 -0.275898
v 8.478835 15.186519 -0.267348
v 8.571368 15.190287 -0.319163
v 8.585861 15.248936 -0.285096
v 8.601888 15.308174 -0.305646
v 8.645841 15.338339 -0.341327
v 8.642162 15.359312 -0.396961
v 8.643108 15.345728 -0.442333
v 8.598989 15.312584 -0.475625
v 8.577890 15.255960 -0.496570
v 8.558937 15.209326 -0.481924
v 8.495975 15.191652 -0.539924
v 8.508240 15.239856 -0.509823
v 8.520725 15.288525 -0.528279
v 8.567494 15.312600 -0.559459
v 8.566853 15.330160 -0.610199
v 8.513229 15.321476 -0.656323
v 8.495893 15.297255 -0.676324
v 8.465429 15.241110 -0.696753
v 8.382902 15.197835 -0.678765
v 8.103212 15.177918 -0.710617
v 8.152963 15.236221 -0.705346
v 8.204831 15.270857 -0.715221
v 8.233345 15.305059 -0.739876
v 8.230111 15.315811 -0.796700
v 8.228383 15.304470 -0.840676
v 8.196609 15.273827 -0.855662
v 8.142177 15.238516 -0.870665
v 8.090476 15.185219 -0.860453
v -8.072638 15.189785 -0.863383
v -8.094099 15.228163 -0.870133
v -8.141201 15.287770 -0.864790
v -8.193600 15.295931 -0.838624
v -8.190728 15.305292 -0.796221
v -8.198198 15.296410 -0.737568
v -8.154663 15.281472 -0.708131
v -8.105387 15.227139 -0.700658
v -8.077961 15.178905 -0.706628
v -8.278774 15.191836 -0.677807
v -8.364312 15.235469 -0.691684
v -8.459520 15.290989 -0.672402
v -8.494192 15.325597 -0.658152
v -8.514037 15.333886 -0.608488
v -8.516294 15.319230 -0.550092
v -8.501383 15.292919 -0.523382
v -8.481706 15.236277 -0.511091
v -8.392629 15.187960 -0.531496
v -8.451103 15.197800 -0.477361
v -8.531569 15.249712 -0.497911
v -8.574797 15.318802 -0.476834
v -8.595895 15.348392 -0.445970
v -8.595699 15.363375 -0.395985
v -8.596954 15.344855 -0.340805
v -8.577640 15.313525 -0.300464
v -8.552806 15.244587 -0.286972
v -8.459325 15.185785 -0.311538
v -8.361887 15.157729 -0.343420
v -8.383849 15.119054 -0.220189
v -8.452608 15.180155 -0.264265
v -8.473818 15.231250 -0.277273
v -8.498401 15.280525 -0.256575
v -8.529673 15.309761 -0.231538
v -8.593693 15.348322 -0.183600
v -8.599909 15.343884 -0.152225
v -8.614123 15.309515 -0.120421
v -8.540069 15.224840 -0.081919
v -8.505871 15.183411 -0.109509
v -8.487197 15.161901 -0.136753
v -8.473177 15.129181 -0.190077
v -7.949251 14.673531 0.241130
v -8.020518 14.718763 0.298154
v -8.018260 14.703854 0.405540
v -7.957780 14.629799 0.339176
v -8.467101 15.127578 -0.398036
v -8.458629 15.135855 -0.435666
v -8.395054 15.151596 -0.565360
v -8.397228 15.140123 -0.608460
v -8.284154 15.169020 -0.645587
v -8.078742 15.157080 -0.737872
v -8.077571 15.147669 -0.789607
v -8.075563 15.159751 -0.829580
v 8.149451 15.167845 -0.825723
v 8.151736 15.155283 -0.793807
v 8.154942 15.164711 -0.746392
v 8.492297 15.165972 -0.650997
v 8.509159 15.170719 -0.620049
v 8.510525 15.180099 -0.571212
v 8.587338 15.179110 -0.447528
v 8.589931 15.164803 -0.409068
v 8.574490 15.155373 -0.350259
v 8.482654 15.163752 -0.236126
v 8.503056 15.151506 -0.195406
v 8.531623 15.162256 -0.138886
v 8.586140 15.182961 -0.093277
v 8.641409 15.241087 -0.090495
v 8.651583 15.279762 -0.109883
v 8.643973 15.280369 -0.123353
v 8.630901 15.298367 -0.149360
v 8.625049 15.307026 -0.184377
v 8.590961 15.314400 -0.210766
v 8.609496 15.324713 -0.245421
v 8.526133 15.229136 -0.274527
v 8.497064 15.187193 -0.265045
v 8.590292 15.198988 -0.318104
v 8.606848 15.248405 -0.287800
v 8.646118 15.302826 -0.311025
v 8.729733 15.371052 -0.350410
v 8.724410 15.381161 -0.398558
v 8.732465 15.378822 -0.440872
v 8.643973 15.304770 -0.473423
v 8.596815 15.254765 -0.500926
v 8.583492 15.205072 -0.484678
v 8.511166 15.198807 -0.539208
v 8.524962 15.239410 -0.514411
v 8.575577 15.284132 -0.533352
v 8.628783 15.344532 -0.580151
v 8.625189 15.348503 -0.610740
v 8.567270 15.319048 -0.649080
v 8.515514 15.291707 -0.675571
v 8.497871 15.245607 -0.697668
v 8.482932 15.207296 -0.684423
v 8.155556 15.187840 -0.723404
v 8.216872 15.224796 -0.701444
v 8.234598 15.275819 -0.712507
v 8.247587 15.299564 -0.742362
v 8.245690 15.312458 -0.798085
v 8.245245 15.301203 -0.841180
v 8.229359 15.279428 -0.859182
v 8.201933 15.228889 -0.877569
v 8.146971 15.195011 -0.854177
v -8.090476 15.185219 -0.860453
v -8.142177 15.238516 -0.870665
v -8.196609 15.273827 -0.855662
v -8.228383 15.304470 -0.840676
v -8.230111 15.315811 -0.796700
v -8.233345 15.305059 -0.739876
v -8.204831 15.270857 -0.715221
v -8.152963 15.236221 -0.705346
v -8.103212 15.177918 -0.710617
v -8.382902 15.197835 -0.678765
v -8.465429 15.241110 -0.696753
v -8.495893 15.297255 -0.676324
v -8.513229 15.321476 -0.656323
v -8.566853 15.330160 -0.610199
v -8.567494 15.312600 -0.559459
v -8.520725 15.288525 -0.528279
v -8.508240 15.239856 -0.509823
v -8.495975 15.191652 -0.539924
v -8.558937 15.209326 -0.481924
v -8.577890 15.255960 -0.496570
v -8.598989 15.312584 -0.475625
v -8.643108 15.345728 -0.442333
v -8.642162 15.359312 -0.396961
v -8.645841 15.338339 -0.341327
v -8.601888 15.308174 -0.305646
v -8.585861 15.248936 -0.285096
v -8.571368 15.190287 -0.319163
v -8.463226 15.141542 -0.349590
v -8.468857 15.140459 -0.232966
v -8.478835 15.186519 -0.267348
v -8.495809 15.230194 -0.275898
v -8.533546 15.274609 -0.256110
v -8.601302 15.347639 -0.212630
v -8.584663 15.325239 -0.184057
v -8.589317 15.311321 -0.155137
v -8.613983 15.287491 -0.127096
v -8.585638 15.248621 -0.087006
v -8.532320 15.184906 -0.112597
v -8.505229 15.162078 -0.137818
v -8.485775 15.151518 -0.193539
v -7.993650 14.672442 0.319785
v -8.573653 15.145792 -0.405305
v -8.569724 15.159014 -0.444169
v -8.497871 15.162971 -0.567595
v -8.496171 15.155107 -0.616509
v -8.389758 15.146930 -0.641805
v -8.097944 15.160065 -0.741980
v -8.094015 15.151178 -0.790524
v -8.092009 15.163163 -0.827730
v 8.229331 15.160542 -0.836450
v 8.232843 15.150799 -0.805393
v 8.234654 15.158134 -0.752421
v 8.506344 15.182489 -0.654194
v 8.520142 15.170717 -0.621805
v 8.522175 15.180272 -0.572138
v 8.600773 15.178823 -0.448818
v 8.603672 15.164801 -0.410860
v 8.590321 15.176208 -0.354114
v 8.499682 15.163498 -0.237559
v 8.528698 15.151492 -0.197271
v 8.583632 15.151808 -0.134496
v 8.642162 15.196560 -0.095348
v 8.717108 15.260220 -0.101167
v 8.708746 15.287228 -0.106368
v 8.695647 15.289997 -0.113439
v 8.714655 15.313728 -0.157752
v 8.714878 15.321656 -0.189202
v 8.632155 15.307001 -0.215643
v 8.611447 15.303991 -0.234967
v 8.590683 15.255087 -0.283775
v 8.523653 15.187862 -0.262743
v 8.604980 15.200703 -0.321343
v 8.647095 15.247799 -0.289965
v 8.745398 15.339585 -0.326951
v 8.717666 15.341450 -0.355039
v 8.712341 15.356518 -0.398714
v 8.721093 15.344731 -0.433807
v 8.742638 15.355759 -0.465538
v 8.636364 15.253639 -0.501439
v 8.598236 15.205837 -0.481497
v 8.522900 15.200218 -0.542265
v 8.577249 15.238965 -0.516278
v 8.643360 15.314332 -0.547355
v 8.620672 15.315864 -0.581642
v 8.615489 15.328244 -0.610731
v 8.630260 15.347879 -0.638377
v 8.570671 15.286161 -0.674997
v 8.513089 15.244635 -0.698872
v 8.502582 15.203803 -0.687163
v 8.229720 15.184610 -0.727395
v 8.240787 15.228031 -0.700290
v 8.252018 15.271856 -0.716918
v 8.277242 15.293506 -0.745083
v 8.276350 15.309103 -0.799710
v 8.276740 15.299076 -0.834714
v 8.247029 15.274443 -0.858497
v 8.231142 15.232958 -0.878386
v 8.218906 15.189919 -0.866262
v -8.146971 15.195011 -0.854177
v -8.201933 15.228889 -0.877569
v -8.229359 15.279428 -0.859182
v -8.245245 15.301203 -0.841180
v -8.245690 15.312458 -0.798085
v -8.247587 15.299564 -0.742362
v -8.234598 15.275819 -0.712507
v -8.216872 15.224796 -0.701444
v -8.155556 15.187840 -0.723404
v -8.482932 15.207296 -0.684423
v -8.497871 15.245607 -0.697668
v -8.515514 15.291707 -0.675571
v -8.567270 15.319048 -0.649080
v -8.625189 15.348503 -0.610740
v -8.628783 15.344532 -0.580151
v -8.575577 15.284132 -0.533352
v -8.524962 15.239410 -0.514411
v -8.511166 15.198807 -0.539208
v -8.583492 15.205072 -0.484678
v -8.596815 15.254765 -0.500926
v -8.643973 15.304770 -0.473423
v -8.732465 15.378822 -0.440872
v -8.724410 15.381161 -0.398558
v -8.729733 15.371052 -0.350410
v -8.646118 15.302826 -0.311025
v -8.606848 15.248405 -0.287800
v -8.590292 15.198988 -0.318104
v -8.574490 15.155373 -0.350259
v -8.482654 15.163752 -0.236126
v -8.497064 15.187193 -0.265045
v -8.526133 15.229136 -0.274527
v -8.609496 15.324713 -0.245421
v -8.590961 15.314400 -0.210766
v -8.625049 15.307026 -0.184377
v -8.630901 15.298367 -0.149360
v -8.643973 15.280369 -0.123353
v -8.651583 15.279762 -0.109883
v -8.641409 15.241087 -0.090495
v -8.586140 15.182961 -0.093277
v -8.531623 15.162256 -0.138886
v -8.503056 15.151506 -0.195406
v -8.589931 15.164803 -0.409068
v -8.587338 15.179110 -0.447528
v -8.510525 15.180099 -0.571212
v -8.509159 15.170719 -0.620049
v -8.492297 15.165972 -0.650997
v -8.154942 15.164711 -0.746392
v -8.151736 15.155283 -0.793807
v -8.149451 15.167845 -0.825723
v 8.238779 15.176104 -0.839254
v 8.241343 15.165503 -0.808493
v 8.242820 15.174225 -0.755584
v 8.517103 15.182248 -0.655504
v 8.566658 15.170719 -0.623739
v 8.569333 15.180445 -0.573236
v 8.634163 15.178534 -0.450306
v 8.637367 15.164801 -0.412847
v 8.604870 15.176424 -0.354956
v 8.525074 15.163248 -0.238991
v 8.586363 15.124901 -0.185275
v 8.644392 15.158974 -0.125003
v 8.716661 15.222469 -0.098193
v 8.748518 15.277077 -0.134800
v 8.732687 15.301590 -0.139123
v 8.745258 15.314203 -0.192009
v 8.714515 15.317471 -0.223994
v 8.646036 15.298461 -0.242829
v 8.641771 15.301929 -0.257849
v 8.635723 15.240084 -0.283769
v 8.578838 15.186724 -0.279355
v 8.639626 15.202419 -0.324779
v 8.712425 15.274523 -0.293129
v 8.745369 15.316196 -0.334342
v 8.764962 15.327801 -0.358685
v 8.759026 15.336965 -0.397607
v 8.767694 15.336966 -0.432098
v 8.744617 15.333717 -0.453930
v 8.676777 15.282135 -0.502523
v 8.632936 15.206606 -0.478518
v 8.570141 15.201628 -0.545496
v 8.617468 15.260874 -0.516339
v 8.643221 15.295111 -0.553921
v 8.658466 15.304656 -0.575792
v 8.652947 15.312191 -0.610310
v 8.621899 15.318569 -0.636429
v 8.638538 15.327620 -0.670485
v 8.563870 15.243662 -0.698811
v 8.514455 15.204429 -0.684518
v 8.243433 15.191055 -0.726771
v 8.255836 15.227625 -0.704427
v 8.284515 15.267887 -0.721565
v 8.345304 15.327944 -0.763912
v 8.341707 15.331717 -0.795976
v 8.346363 15.331141 -0.820929
v 8.279806 15.269455 -0.858048
v 8.244883 15.232069 -0.876878
v 8.235379 15.195292 -0.868937
v -8.218906 15.189919 -0.866262
v -8.231142 15.232958 -0.878386
v -8.247029 15.274443 -0.858497
v -8.276740 15.299076 -0.834714
v -8.276350 15.309103 -0.799710
v -8.277242 15.293506 -0.745083
v -8.252018 15.271856 -0.716918
v -8.240787 15.228031 -0.700290
v -8.229720 15.184610 -0.727395
v -8.502582 15.203803 -0.687163
v -8.513089 15.244635 -0.698872
v -8.570671 15.286161 -0.674997
v -8.630260 15.347879 -0.638377
v -8.615489 15.328244 -0.610731
v -8.620672 15.315864 -0.581642
v -8.643360 15.314332 -0.547355
v -8.577249 15.238965 -0.516278
v -8.522900 15.200218 -0.542265
v -8.598236 15.205837 -0.481497
v -8.636364 15.253639 -0.501439
v -8.742638 15.355759 -0.465538
v -8.721093 15.344731 -0.433807
v -8.712341 15.356518 -0.398714
v -8.717666 15.341450 -0.355039
v -8.745398 15.339585 -0.326951
v -8.647095 15.247799 -0.289965
v -8.604980 15.200703 -0.321343
v -8.590321 15.176208 -0.354114
v -8.499682 15.163498 -0.237559
v -8.523653 15.187862 -0.262743
v -8.590683 15.255087 -0.283775
v -8.611447 15.303991 -0.234967
v -8.632155 15.307001 -0.215643
v -8.714878 15.321656 -0.189202
v -8.714655 15.313728 -0.157752
v -8.695647 15.289997 -0.113439
v -8.708746 15.287228 -0.106368
v -8.717108 15.260220 -0.101167
v -8.642162 15.196560 -0.095348
v -8.583632 15.151808 -0.134496
v -8.528698 15.151492 -0.197271
v -8.603672 15.164801 -0.410860
v -8.600773 15.178823 -0.448818
v -8.522175 15.180272 -0.572138
v -8.520142 15.170717 -0.621805
v -8.506344 15.182489 -0.654194
v -8.234654 15.158134 -0.752421
v -8.232843 15.150799 -0.805393
v -8.229331 15.160542 -0.836450
v 8.248450 15.175890 -0.840428
v 8.251209 15.165503 -0.810076
v 8.253327 15.174372 -0.756415
v 8.563396 15.182011 -0.656989
v 8.617746 15.153064 -0.611333
v 8.615517 15.176554 -0.561326
v 8.710558 15.176849 -0.475987
v 8.715157 15.143307 -0.399355
v 8.639402 15.176638 -0.355998
v 8.580928 15.156271 -0.259652
v 8.641438 15.125128 -0.182365
v 8.696957 15.165554 -0.133690
v 8.753841 15.244365 -0.132146
v 8.762817 15.288450 -0.191733
v 8.728424 15.304133 -0.245811
v 8.698685 15.309000 -0.238021
v 8.703729 15.303139 -0.258451
v 8.710697 15.262115 -0.280378
v 8.634804 15.197603 -0.277420
v 8.713037 15.204777 -0.304492
v 8.775665 15.266954 -0.293243
v 8.787567 15.308084 -0.314534
v 8.779011 15.312933 -0.329464
v 8.860144 15.344368 -0.365837
v 8.860840 15.352823 -0.401194
v 8.861286 15.348424 -0.441098
v 8.783916 15.327948 -0.461960
v 8.779456 15.331642 -0.478674
v 8.739905 15.265920 -0.506726
v 8.708607 15.209259 -0.496400
v 8.617830 15.203556 -0.527003
v 8.668277 15.254658 -0.517763
v 8.677419 15.288453 -0.536830
v 8.670284 15.292440 -0.549994
v 8.734639 15.318256 -0.583298
v 8.734527 15.325212 -0.614728
v 8.659246 15.312191 -0.641066
v 8.640350 15.309518 -0.660192
v 8.608047 15.266790 -0.707412
v 8.561864 15.205055 -0.682049
v 8.253969 15.192326 -0.729513
v 8.285965 15.227221 -0.708800
v 8.357735 15.299128 -0.735129
v 8.336106 15.300676 -0.765306
v 8.331869 15.312151 -0.795892
v 8.336969 15.303232 -0.819616
v 8.352103 15.311987 -0.850389
v 8.273729 15.231176 -0.875604
v 8.246081 15.195845 -0.866560
v -8.235379 15.195292 -0.868937
v -8.244883 15.232069 -0.876878
v -8.279806 15.269455 -0.858048
v -8.346363 15.331141 -0.820929
v -8.341707 15.331717 -0.795976
v -8.345304 15.327944 -0.763912
v -8.284515 15.267887 -0.721565
v -8.255836 15.227625 -0.704427
v -8.243433 15.191055 -0.726771
v -8.514455 15.204429 -0.684518
v -8.563870 15.243662 -0.698811
v -8.638538 15.327620 -0.670485
v -8.621899 15.318569 -0.636429
v -8.652947 15.312191 -0.610310
v -8.658466 15.304656 -0.575792
v -8.643221 15.295111 -0.553921
v -8.617468 15.260874 -0.516339
v -8.570141 15.201628 -0.545496
v -8.632936 15.206606 -0.478518
v -8.676777 15.282135 -0.502523
v -8.744617 15.333717 -0.453930
v -8.767694 15.336966 -0.432098
v -8.759026 15.336965 -0.397607
v -8.764962 15.327801 -0.358685
v -8.745369 15.316196 -0.334342
v -8.712425 15.274523 -0.293129
v -8.639626 15.202419 -0.324779
v -8.604870 15.176424 -0.354956
v -8.525074 15.163248 -0.238991
v -8.578838 15.186724 -0.279355
v -8.635723 15.240084 -0.283769
v -8.641771 15.301929 -0.257849
v -8.646036 15.298461 -0.242829
v -8.714515 15.317471 -0.223994
v -8.745258 15.314203 -0.192009
v -8.732687 15.301590 -0.139123
v -8.748518 15.277077 -0.134800
v -8.716661 15.222469 -0.098193
v -8.644392 15.158974 -0.125003
v -8.586363 15.124901 -0.185275
v -8.637367 15.164801 -0.412847
v -8.634163 15.178534 -0.450306
v -8.569333 15.180445 -0.573236
v -8.566658 15.170719 -0.623739
v -8.517103 15.182248 -0.655504
v -8.242820 15.174225 -0.755584
v -8.241343 15.165503 -0.808493
v -8.238779 15.176104 -0.839254
v 8.273228 15.175673 -0.841838
v 8.276182 15.165503 -0.811898
v 8.278914 15.174520 -0.757485
v 8.612618 15.180609 -0.679384
v 8.667775 15.153393 -0.608256
v 8.670758 15.182964 -0.551736
v 8.779651 15.180458 -0.473576
v 8.777422 15.143717 -0.395043
v 8.711060 15.171906 -0.343138
v 8.642133 15.159648 -0.253236
v 8.693026 15.139231 -0.185659
v 8.745285 15.208127 -0.149075
v 8.759221 15.248941 -0.188906
v 8.737732 15.278799 -0.259273
v 8.701918 15.221128 -0.280503
v 8.776585 15.219629 -0.298608
v 8.862261 15.287546 -0.303068
v 8.852814 15.316592 -0.309029
v 8.838153 15.318586 -0.317215
v 8.878984 15.331726 -0.351658
v 8.895289 15.344979 -0.403689
v 8.880657 15.334015 -0.454192
v 8.844730 15.345016 -0.454172
v 8.850249 15.333191 -0.479109
v 8.858527 15.289606 -0.503463
v 8.771847 15.220718 -0.500492
v 8.668919 15.215773 -0.522541
v 8.737537 15.271570 -0.527541
v 8.729845 15.295443 -0.532725
v 8.717943 15.297073 -0.539824
v 8.750023 15.307888 -0.570928
v 8.762092 15.318768 -0.617362
v 8.734137 15.321604 -0.650197
v 8.671705 15.304771 -0.667806
v 8.667803 15.307806 -0.682606
v 8.662145 15.253802 -0.708164
v 8.610639 15.207249 -0.697500
v 8.279611 15.193594 -0.732496
v 8.335409 15.247826 -0.704460
v 8.357428 15.280581 -0.740980
v 8.370639 15.289749 -0.761276
v 8.365231 15.296953 -0.796018
v 8.370973 15.297001 -0.823797
v 8.353804 15.294512 -0.841058
v 8.324289 15.253269 -0.890069
v 8.271863 15.196396 -0.864419
v -8.246081 15.195845 -0.866560
v -8.273729 15.231176 -0.875604
v -8.352103 15.311987 -0.850389
v -8.336969 15.303232 -0.819616
v -8.331869 15.312151 -0.795892
v -8.336106 15.300676 -0.765306
v -8.357735 15.299128 -0.735129
v -8.285965 15.227221 -0.708800
v -8.253969 15.192326 -0.729513
v -8.561864 15.205055 -0.682049
v -8.608047 15.266790 -0.707412
v -8.640350 15.309518 -0.660192
v -8.659246 15.312191 -0.641066
v -8.734527 15.325212 -0.614728
v -8.734639 15.318256 -0.583298
v -8.670284 15.292440 -0.549994
v -8.677419 15.288453 -0.536830
v -8.668277 15.254658 -0.517763
v -8.617830 15.203556 -0.527003
v -8.708607 15.209259 -0.496400
v -8.739905 15.265920 -0.506726
v -8.779456 15.331642 -0.478674
v -8.783916 15.327948 -0.461960
v -8.861286 15.348424 -0.441098
v -8.860840 15.352823 -0.401194
v -8.860144 15.344368 -0.365837
v -8.779011 15.312933 -0.329464
v -8.787567 15.308084 -0.314534
v -8.775665 15.266954 -0.293243
v -8.713037 15.204777 -0.304492
v -8.639402 15.176638 -0.355998
v -8.580928 15.156271 -0.259652
v -8.634804 15.197603 -0.277420
v -8.710697 15.262115 -0.280378
v -8.703729 15.303139 -0.258451
v -8.698685 15.309000 -0.238021
v -8.728424 15.304133 -0.245811
v -8.762817 15.288450 -0.191733
v -8.753841 15.244365 -0.132146
v -8.696957 15.165554 -0.133690
v -8.641438 15.125128 -0.182365
v -8.715157 15.143307 -0.399355
v -8.710558 15.176849 -0.475987
v -8.615517 15.176554 -0.561326
v -8.617746 15.153064 -0.611333
v -8.563396 15.182011 -0.656989
v -8.253327 15.174372 -0.756415
v -8.251209 15.165503 -0.810076
v -8.248450 15.175890 -0.840428
v 8.328748 15.170135 -0.862878
v 8.333626 15.143579 -0.796661
v 8.332260 15.166345 -0.746326
v 8.668055 15.183577 -0.678074
v 8.714600 15.165874 -0.611319
v 8.718975 15.188887 -0.559880
v 8.838209 15.184862 -0.466996
v 8.835923 15.158897 -0.397696
v 8.779678 15.179720 -0.331418
v 8.693361 15.163609 -0.247484
v 8.755347 15.207865 -0.189815
v 8.749020 15.241252 -0.259543
v 8.861649 15.247390 -0.299720
v 8.892419 15.305381 -0.342726
v 8.915133 15.317648 -0.403056
v 8.896320 15.306982 -0.459763
v 8.848577 15.246020 -0.503750
v 8.737091 15.238584 -0.524559
v 8.760921 15.286224 -0.563149
v 8.778035 15.296315 -0.617039
v 8.749411 15.309766 -0.662068
v 8.720089 15.314183 -0.663564
v 8.724550 15.309074 -0.683844
v 8.730737 15.273269 -0.705589
v 8.661282 15.216660 -0.701901
v 8.335689 15.192539 -0.709848
v 8.391765 15.241447 -0.709073
v 8.389034 15.274036 -0.726704
v 8.382289 15.274549 -0.738457
v 8.439481 15.302639 -0.771075
v 8.439369 15.309317 -0.800034
v 8.439062 15.305836 -0.830597
v 8.382317 15.289879 -0.847928
v 8.378750 15.292814 -0.861298
v 8.373760 15.240790 -0.884286
v 8.326853 15.195803 -0.880454
v -8.271863 15.196396 -0.864419
v -8.324289 15.253269 -0.890069
v -8.353804 15.294512 -0.841058
v -8.370973 15.297001 -0.823797
v -8.365231 15.296953 -0.796018
v -8.370639 15.289749 -0.761276
v -8.357428 15.280581 -0.740980
v -8.335409 15.247826 -0.704460
v -8.279611 15.193594 -0.732496
v -8.610639 15.207249 -0.697500
v -8.662145 15.253802 -0.708164
v -8.667803 15.307806 -0.682606
v -8.671705 15.304771 -0.667806
v -8.734137 15.321604 -0.650197
v -8.762092 15.318768 -0.617362
v -8.750023 15.307888 -0.570928
v -8.717943 15.297073 -0.539824
v -8.729845 15.295443 -0.532725
v -8.737537 15.271570 -0.527541
v -8.668919 15.215773 -0.522541
v -8.771847 15.220718 -0.500492
v -8.858527 15.289606 -0.503463
v -8.850249 15.333191 -0.479109
v -8.844730 15.345016 -0.454172
v -8.880657 15.334015 -0.454192
v -8.895289 15.344979 -0.403689
v -8.878984 15.331726 -0.351658
v -8.838153 15.318586 -0.317215
v -8.852814 15.316592 -0.309029
v -8.862261 15.287546 -0.303068
v -8.776585 15.219629 -0.298608
v -8.711060 15.171906 -0.343138
v -8.642133 15.159648 -0.253236
v -8.701918 15.221128 -0.280503
v -8.737732 15.278799 -0.259273
v -8.759221 15.248941 -0.188906
v -8.745285 15.208127 -0.149075
v -8.693026 15.139231 -0.185659
v -8.777422 15.143717 -0.395043
v -8.779651 15.180458 -0.473576
v -8.670758 15.182964 -0.551736
v -8.667775 15.153393 -0.608256
v -8.612618 15.180609 -0.679384
v -8.278914 15.174520 -0.757485
v -8.276182 15.165503 -0.811898
v -8.273228 15.175673 -0.841838
v 8.379306 15.172970 -0.856986
v 8.379112 15.143761 -0.793885
v 8.382734 15.172327 -0.739583
v 8.715129 15.187202 -0.672935
v 8.771234 15.225975 -0.615171
v 8.762092 15.226685 -0.589923
v 8.894230 15.233624 -0.440953
v 8.906606 15.232057 -0.401069
v 8.840021 15.186907 -0.339760
v 8.743669 15.208094 -0.249245
v 8.903734 15.274704 -0.350658
v 8.911009 15.275694 -0.399996
v 8.900445 15.269742 -0.452974
v 8.769868 15.261021 -0.570337
v 8.774774 15.261829 -0.614268
v 8.761869 15.287546 -0.667207
v 8.722738 15.237448 -0.705723
v 8.381843 15.203962 -0.713273
v 8.443243 15.257572 -0.721094
v 8.435858 15.278755 -0.725553
v 8.426074 15.283188 -0.737875
v 8.453640 15.292435 -0.756390
v 8.464481 15.303034 -0.802422
v 8.450434 15.294430 -0.845523
v 8.426074 15.298731 -0.843006
v 8.430116 15.293802 -0.861002
v 8.435802 15.259268 -0.880236
v 8.373063 15.204967 -0.878561
v -8.326853 15.195803 -0.880454
v -8.373760 15.240790 -0.884286
v -8.378750 15.292814 -0.861298
v -8.382317 15.289879 -0.847928
v -8.439062 15.305836 -0.830597
v -8.439369 15.309317 -0.800034
v -8.439481 15.302639 -0.771075
v -8.382289 15.274549 -0.738457
v -8.389034 15.274036 -0.726704
v -8.391765 15.241447 -0.709073
v -8.335689 15.192539 -0.709848
v -8.661282 15.216660 -0.701901
v -8.730737 15.273269 -0.705589
v -8.724550 15.309074 -0.683844
v -8.720089 15.314183 -0.663564
v -8.749411 15.309766 -0.662068
v -8.778035 15.296315 -0.617039
v -8.760921 15.286224 -0.563149
v -8.737091 15.238584 -0.524559
v -8.848577 15.246020 -0.503750
v -8.896320 15.306982 -0.459763
v -8.915133 15.317648 -0.403056
v -8.892419 15.305381 -0.342726
v -8.861649 15.247390 -0.299720
v -8.779678 15.179720 -0.331418
v -8.693361 15.163609 -0.247484
v -8.749020 15.241252 -0.259543
v -8.755347 15.207865 -0.189815
v -8.835923 15.158897 -0.397696
v -8.838209 15.184862 -0.466996
v -8.718975 15.188887 -0.559880
v -8.714600 15.165874 -0.611319
v -8.668055 15.183577 -0.678074
v -8.332260 15.166345 -0.746326
v -8.333626 15.143579 -0.796661
v -8.328748 15.170135 -0.862878
v 8.421978 15.176268 -0.851097
v 8.421671 15.155663 -0.796681
v 8.425907 15.177867 -0.748795
v 8.760531 15.227277 -0.650468
v 8.894564 15.232915 -0.372824
v 8.765297 15.256932 -0.661226
v 8.442992 15.225788 -0.718320
v 8.466850 15.271763 -0.752889
v 8.479031 15.281357 -0.802085
v 8.462614 15.273047 -0.850754
v 8.428695 15.224751 -0.880292
v -8.373063 15.204967 -0.878561
v -8.435802 15.259268 -0.880236
v -8.430116 15.293802 -0.861002
v -8.426074 15.298731 -0.843006
v -8.450434 15.294430 -0.845523
v -8.464481 15.303034 -0.802422
v -8.453640 15.292435 -0.756390
v -8.426074 15.283188 -0.737875
v -8.435858 15.278755 -0.725553
v -8.443243 15.257572 -0.721094
v -8.381843 15.203962 -0.713273
v -8.722738 15.237448 -0.705723
v -8.761869 15.287546 -0.667207
v -8.774774 15.261829 -0.614268
v -8.769868 15.261021 -0.570337
v -8.900445 15.269742 -0.452974
v -8.911009 15.275694 -0.399996
v -8.903734 15.274704 -0.350658
v -8.840021 15.186907 -0.339760
v -8.743669 15.208094 -0.249245
v -8.906606 15.232057 -0.401069
v -8.894230 15.233624 -0.440953
v -8.762092 15.226685 -0.589923
v -8.771234 15.225975 -0.615171
v -8.715129 15.187202 -0.672935
v -8.382734 15.172327 -0.739583
v -8.379112 15.143761 -0.793885
v -8.379306 15.172970 -0.856986
v 8.463310 15.214859 -0.832150
v 8.473038 15.213490 -0.800271
v 8.464537 15.214167 -0.777321
v 8.472118 15.247267 -0.760016
v 8.476159 15.248075 -0.799512
v 8.467575 15.243460 -0.841913
v -8.428695 15.224751 -0.880292
v -8.462614 15.273047 -0.850754
v -8.479031 15.281357 -0.802085
v -8.466850 15.271763 -0.752889
v -8.442992 15.225788 -0.718320
v -8.765297 15.256932 -0.661226
v -8.894564 15.232915 -0.372824
v -8.760531 15.227277 -0.650468
v -8.425907 15.177867 -0.748795
v -8.421671 15.155663 -0.796681
v -8.421978 15.176268 -0.851097
v -8.467575 15.243460 -0.841913
v -8.476159 15.248075 -0.799512
v -8.472118 15.247267 -0.760016
v -8.464537 15.214167 -0.777321
v -8.473038 15.213490 -0.800271
v -8.463310 15.214859 -0.832150
v 0.584079 3.985318 0.039486
v 0.525810 4.004066 -0.270090
v 0.678515 4.041131 -0.546681
v 0.934682 4.131462 -0.692763
v 1.121921 4.168015 -0.696262
v 1.326815 4.204610 -0.643206
v 1.494772 4.200193 -0.421607
v 1.512993 4.168451 -0.123521
v 1.445986 4.131135 0.136055
v 1.335391 4.111623 0.345533
v 1.212589 4.087455 0.431452
v 1.065513 4.060671 0.454719
v 0.890485 4.035827 0.392925
v 0.723916 3.996467 0.258710
v -0.890485 4.035827 0.392921
v -1.065513 4.060672 0.454718
v -1.212589 4.087455 0.431452
v -1.335391 4.111623 0.345533
v -1.445986 4.131135 0.136055
v -1.512993 4.168451 -0.123521
v -1.494772 4.200193 -0.421607
v -1.326815 4.204610 -0.643206
v -1.121921 4.168015 -0.696262
v -0.934682 4.131462 -0.692763
v -0.678515 4.041131 -0.546681
v -0.525810 4.004066 -0.270096
v -0.584079 3.985318 0.039486
v -0.723915 3.996467 0.258713
v 0.599645 3.328516 0.065787
v 0.547148 3.335949 -0.228300
v 0.684030 3.415162 -0.490351
v 0.925137 3.497440 -0.595404
v 1.092570 3.538699 -0.606106
v 1.275853 3.570264 -0.559788
v 1.443277 3.557825 -0.354674
v 1.465488 3.527380 -0.080642
v 1.397693 3.496448 0.152269
v 1.299189 3.480533 0.326340
v 1.184157 3.454885 0.403689
v 1.047650 3.424062 0.424685
v 0.886612 3.391963 0.373140
v 0.728794 3.354675 0.254799
v -0.886611 3.391963 0.373139
v -1.047651 3.424062 0.424689
v -1.184157 3.454885 0.403692
v -1.299189 3.480533 0.326340
v -1.397693 3.496448 0.152269
v -1.465488 3.527380 -0.080642
v -1.443277 3.557825 -0.354674
v -1.275853 3.570264 -0.559788
v -1.092570 3.538699 -0.606106
v -0.925137 3.497440 -0.595404
v -0.684030 3.415162 -0.490351
v -0.547148 3.335949 -0.228304
v -0.599645 3.328516 0.065787
v -0.728793 3.354675 0.254806
vn -0.790245 0.609788 0.060589
vn -0.529145 0.817857 -0.226087
vn -0.493045 -0.312960 -0.811765
vn -0.423462 -0.099242 -0.900462
vn -0.943993 0.234730 0.231905
vn -0.400356 0.046283 -0.915190
vn 0.398291 0.532708 0.746717
vn 0.280843 0.231644 0.931380
vn 0.817154 -0.310003 0.485961
vn 0.889650 -0.118051 0.441121
vn 0.147624 0.031453 0.988543
vn 0.664672 -0.491974 0.562292
vn 0.103753 0.862093 -0.496016
vn 0.255673 -0.006083 -0.966744
vn 0.389932 0.867268 -0.309514
vn 0.666821 0.303319 -0.680696
vn -0.543634 -0.649765 0.531288
vn -0.902488 -0.430433 0.015580
vn -0.355735 -0.602880 -0.714135
vn -0.067841 -0.997651 -0.009470
vn 0.553170 0.832318 -0.035353
vn 0.865342 0.340418 -0.367829
vn -0.385663 -0.544862 0.744574
vn 0.050374 -0.933237 0.355713
vn -0.420923 0.598261 0.681841
vn 0.003560 0.942731 0.333535
vn -0.630652 0.174011 0.756306
vn -0.237749 0.855016 0.460894
vn -0.416568 0.616300 0.668316
vn -0.549711 0.399406 0.733684
vn 0.216414 0.967864 0.128076
vn 0.033241 0.994089 0.103356
vn -0.679269 0.173445 0.713099
vn -0.674430 0.021621 0.738022
vn -0.027629 0.993934 0.106447
vn -0.671534 0.217088 0.708459
vn -0.400542 0.615877 0.678426
vn -0.159886 0.886600 0.434024
vn -0.564950 0.342060 0.750884
vn -0.097139 -0.361659 -0.927236
vn -0.273498 -0.630314 -0.726569
vn 0.153693 -0.150786 -0.976546
vn 0.334804 -0.845892 -0.415178
vn 0.494014 -0.634938 -0.593973
vn 0.597237 -0.460938 -0.656387
vn -0.216280 -0.850528 -0.479401
vn 0.125986 -0.966900 -0.221883
vn 0.631822 -0.377263 -0.677107
vn 0.411963 -0.143894 -0.899767
vn 0.183683 -0.964288 -0.190811
vn 0.665811 -0.408656 -0.624257
vn 0.184959 -0.835966 -0.516674
vn 0.350077 -0.594154 -0.724173
vn 0.535724 -0.399208 -0.744065
vn -0.932272 0.359797 0.037611
vn -0.812502 0.381727 -0.440597
vn -0.689779 -0.722611 -0.045143
vn -0.797049 -0.602853 0.035799
vn -0.758615 0.292060 0.582413
vn -0.886119 -0.454186 -0.092246
vn 0.721998 0.547365 -0.423214
vn 0.911437 0.399052 -0.100204
vn 0.973757 -0.198021 -0.112184
vn 0.891425 -0.244894 -0.381298
vn 0.801139 0.489567 0.344238
vn 0.941958 -0.206714 0.264545
vn -0.376982 0.213389 -0.901304
vn -0.382303 -0.855416 -0.349440
vn 0.001852 0.262973 -0.964801
vn 0.035192 -0.829974 -0.556691
vn -0.096104 0.035267 0.994746
vn -0.495185 -0.065368 0.866325
vn -0.440468 -0.813834 0.379028
vn 0.046550 -0.858232 0.511147
vn 0.294403 0.324515 -0.898898
vn 0.442483 -0.496575 -0.746741
vn 0.244805 0.271234 0.930861
vn 0.449148 -0.560123 0.696080
vn 0.087585 0.992021 0.090683
vn 0.053293 0.970721 -0.234222
vn 0.084312 0.912138 0.401118
vn -0.029409 0.992505 -0.118609
vn -0.043140 0.994905 0.091116
vn -0.075973 0.953563 0.291453
vn 0.019342 0.739403 -0.672985
vn -0.016447 0.805487 -0.592385
vn -0.086766 0.710440 0.698389
vn 0.004961 0.634421 0.772972
vn -0.057165 0.852955 -0.518845
vn -0.124187 0.736596 0.664833
vn 0.015999 0.995940 0.088588
vn 0.007770 0.960356 -0.278668
vn -0.016143 0.893416 0.448940
vn -0.075926 -0.993057 -0.089851
vn -0.045432 -0.970292 0.237632
vn -0.067960 -0.901750 -0.426882
vn 0.003816 -0.994709 0.102665
vn 0.008738 -0.995031 -0.099186
vn 0.045794 -0.957838 -0.283636
vn -0.028814 -0.723199 0.690038
vn 0.012229 -0.810367 0.585795
vn 0.099310 -0.678382 -0.727966
vn 0.039781 -0.546454 -0.836544
vn 0.061658 -0.865112 0.497775
vn 0.119083 -0.731048 -0.671855
vn -0.023091 -0.961784 0.272833
vn -0.036390 -0.994961 -0.093427
vn 0.017472 -0.885390 -0.464521
vn -0.925301 0.377040 0.040726
vn -0.795664 0.386902 -0.466075
vn -0.671966 -0.738818 -0.051086
vn -0.796663 -0.603491 0.033575
vn -0.759373 0.278728 0.587932
vn -0.844670 -0.535116 -0.013576
vn 0.727535 0.594842 -0.341841
vn 0.866466 0.499225 0.003230
vn 0.972521 -0.225361 -0.058443
vn 0.936890 -0.200474 -0.286439
vn 0.771424 0.508399 0.382669
vn 0.939908 -0.217375 0.263291
vn -0.389695 0.193557 -0.900374
vn -0.320831 -0.874762 -0.363124
vn -0.012035 0.288717 -0.957339
vn 0.040893 -0.748929 -0.661387
vn -0.059454 0.051468 0.996903
vn -0.435218 -0.054754 0.898659
vn -0.413009 -0.820023 0.396214
vn 0.022872 -0.798655 0.601354
vn 0.260380 0.302980 -0.916736
vn 0.394830 -0.501750 -0.769647
vn 0.249394 0.232600 0.940053
vn 0.372208 -0.530316 0.761726
vn 0.077633 0.992476 0.094686
vn 0.040058 0.974688 -0.219950
vn 0.081071 0.927791 0.364185
vn -0.024748 0.992792 -0.117267
vn -0.027641 0.992281 0.120892
vn -0.041280 0.944305 0.326473
vn -0.023497 0.774518 -0.632115
vn -0.022601 0.840629 -0.541139
vn -0.033142 0.723691 0.689328
vn 0.014306 0.670813 0.741488
vn -0.035779 0.883912 -0.466282
vn -0.060077 0.744180 0.665272
vn 0.022088 0.993645 0.110368
vn 0.003838 0.968873 -0.247530
vn 0.010890 0.898668 0.438494
vn -0.066141 -0.993390 -0.093818
vn -0.033260 -0.974072 0.223782
vn -0.068056 -0.919325 -0.387569
vn 0.013864 -0.992223 0.123698
vn 0.005600 -0.992112 -0.125231
vn 0.020037 -0.941579 -0.336195
vn 0.013620 -0.761585 0.647922
vn 0.006044 -0.844291 0.535852
vn 0.035556 -0.671653 -0.740012
vn 0.031147 -0.575503 -0.817207
vn 0.037568 -0.888264 0.457795
vn 0.046524 -0.709106 -0.703565
vn -0.020496 -0.964983 0.261509
vn -0.034944 -0.992989 -0.112920
vn -0.006623 -0.884833 -0.465861
vn -0.912077 0.408932 0.029856
vn -0.835727 0.316807 -0.448546
vn -0.666753 -0.744104 -0.041819
vn -0.828485 -0.557940 0.048121
vn -0.819723 0.206231 0.534343
vn -0.840021 -0.540287 0.049546
vn 0.787368 0.496911 -0.364871
vn 0.873542 0.457033 0.167468
vn 0.984154 -0.140892 0.107656
vn 0.937320 -0.128080 -0.324079
vn 0.763771 0.413600 0.495569
vn 0.903722 -0.217345 0.368846
vn -0.383827 0.192956 -0.903020
vn -0.317760 -0.851612 -0.416876
vn 0.001700 0.240284 -0.970701
vn 0.042874 -0.671790 -0.739500
vn 0.021276 -0.012692 0.999693
vn -0.369271 -0.035349 0.928649
vn -0.372922 -0.820175 0.433870
vn 0.114129 -0.769564 0.628288
vn 0.285366 0.256181 -0.923546
vn 0.378495 -0.386500 -0.841046
vn 0.338578 0.151099 0.928727
vn 0.484405 -0.510608 0.710374
vn 0.040667 0.994920 0.092086
vn -0.006660 0.961947 -0.273155
vn 0.045727 0.920449 0.388179
vn -0.022150 0.992549 -0.119819
vn -0.020802 0.991825 0.125901
vn -0.019411 0.956570 0.290856
vn -0.062667 0.790087 -0.609783
vn -0.029978 0.838040 -0.544785
vn -0.014196 0.736248 0.676563
vn -0.016342 0.662985 0.748454
vn -0.022417 0.869977 -0.492582
vn -0.018148 0.758208 0.651760
vn 0.011268 0.993315 0.114886
vn -0.008790 0.964301 -0.264662
vn 0.010544 0.902541 0.430476
vn -0.028286 -0.995438 -0.091118
vn 0.014671 -0.960324 0.278502
vn -0.032869 -0.910227 -0.412803
vn -0.005759 -0.990985 0.133846
vn -0.011812 -0.990629 -0.136065
vn -0.016182 -0.951249 -0.307999
vn 0.051148 -0.779618 0.624163
vn 0.007759 -0.828993 0.559205
vn -0.007232 -0.679295 -0.733829
vn 0.060362 -0.551298 -0.832122
vn 0.002734 -0.856623 0.515935
vn -0.024921 -0.723603 -0.689766
vn -0.011199 -0.960169 0.279196
vn -0.029189 -0.992102 -0.121994
vn -0.017050 -0.884833 -0.465596
vn -0.933208 0.358385 0.026122
vn -0.867474 0.272311 -0.416335
vn -0.738155 -0.673937 -0.030617
vn -0.877146 -0.478117 0.044949
vn -0.851869 0.176039 0.493285
vn -0.887696 -0.458510 0.042020
vn 0.776358 0.462940 -0.427732
vn 0.914282 0.396128 -0.084683
vn 0.986416 -0.092628 -0.135657
vn 0.924472 -0.118627 -0.362326
vn 0.848810 0.359351 0.387799
vn 0.946868 -0.161312 0.278244
vn -0.430969 0.159240 -0.888205
vn -0.381856 -0.811658 -0.442037
vn 0.003590 0.210764 -0.977530
vn 0.054679 -0.658355 -0.750719
vn 0.027721 -0.024039 0.999327
vn -0.416698 -0.029352 0.908571
vn -0.426507 -0.788458 0.443199
vn 0.126103 -0.733740 0.667625
vn 0.384449 0.245305 -0.889957
vn 0.439087 -0.348594 -0.828061
vn 0.369529 0.148601 0.917260
vn 0.504750 -0.476101 0.720108
vn 0.051219 0.993524 0.101426
vn -0.009709 0.952042 -0.305813
vn 0.054346 0.903145 0.425881
vn -0.026533 0.992847 -0.116404
vn -0.026206 0.986647 0.160754
vn -0.023235 0.941874 0.335161
vn -0.076045 0.760429 -0.644954
vn -0.038919 0.810648 -0.584240
vn -0.017688 0.705022 0.708965
vn -0.018821 0.627389 0.778478
vn -0.033182 0.849209 -0.527013
vn -0.020759 0.726765 0.686572
vn 0.014316 0.991363 0.130362
vn -0.011338 0.956615 -0.291134
vn 0.012516 0.883958 0.467398
vn -0.036027 -0.994318 -0.100173
vn 0.018985 -0.949946 0.311836
vn -0.036704 -0.890082 -0.454319
vn -0.011709 -0.990789 0.134906
vn -0.015152 -0.985381 -0.169688
vn -0.019253 -0.935544 -0.352686
vn 0.062931 -0.749190 0.659359
vn 0.009904 -0.801838 0.597460
vn -0.004440 -0.644063 -0.764960
vn 0.068123 -0.515851 -0.853966
vn 0.007072 -0.836144 0.548464
vn -0.027054 -0.689960 -0.723342
vn -0.014659 -0.951467 0.307403
vn -0.036669 -0.990089 -0.135566
vn -0.021524 -0.864938 -0.501417
vn 0.790238 0.609796 0.060597
vn 0.423461 -0.099233 -0.900463
vn 0.493120 -0.312928 -0.811732
vn 0.529150 0.817863 -0.226056
vn 0.943995 0.234739 0.231887
vn 0.400348 0.046284 -0.915193
vn -0.398291 0.532705 0.746719
vn -0.889645 -0.118063 0.441126
vn -0.817157 -0.310008 0.485952
vn -0.280850 0.231643 0.931378
vn -0.664689 -0.491968 0.562277
vn -0.147643 0.031455 0.988540
vn -0.255687 -0.006041 -0.966741
vn -0.103726 0.862122 -0.495971
vn -0.666841 0.303322 -0.680676
vn -0.389951 0.867255 -0.309527
vn 0.543619 -0.649779 0.531286
vn 0.067860 -0.997650 -0.009507
vn 0.355758 -0.602851 -0.714148
vn 0.902484 -0.430442 0.015601
vn -0.865350 0.340399 -0.367829
vn -0.553187 0.832306 -0.035361
vn 0.385652 -0.544879 0.744567
vn -0.050374 -0.933243 0.355697
vn -0.003560 0.942735 0.333523
vn 0.420923 0.598257 0.681845
vn 0.630652 0.174015 0.756305
vn 0.416566 0.616297 0.668320
vn 0.237749 0.855015 0.460896
vn 0.549708 0.399401 0.733690
vn -0.216414 0.967871 0.128027
vn -0.033242 0.994089 0.103356
vn 0.674428 0.021617 0.738024
vn 0.679267 0.173433 0.713104
vn 0.027628 0.993933 0.106457
vn 0.671536 0.217078 0.708461
vn 0.159887 0.886602 0.434021
vn 0.400540 0.615873 0.678430
vn 0.564946 0.342056 0.750889
vn 0.097143 -0.361660 -0.927235
vn 0.273507 -0.630322 -0.726559
vn -0.153692 -0.150783 -0.976547
vn -0.334805 -0.845891 -0.415181
vn -0.494013 -0.634935 -0.593977
vn -0.597237 -0.460936 -0.656389
vn 0.216294 -0.850548 -0.479360
vn -0.125982 -0.966903 -0.221873
vn -0.631820 -0.377248 -0.677117
vn -0.411955 -0.143873 -0.899774
vn -0.183679 -0.964291 -0.190803
vn -0.665813 -0.408646 -0.624261
vn -0.184957 -0.835967 -0.516672
vn -0.350076 -0.594151 -0.724176
vn -0.535723 -0.399207 -0.744066
vn 0.932273 0.359791 0.037636
vn 0.797044 -0.602858 0.035817
vn 0.689800 -0.722591 -0.045150
vn 0.812504 0.381729 -0.440590
vn 0.758604 0.292100 0.582407
vn 0.886119 -0.454191 -0.092214
vn -0.721956 0.547403 -0.423237
vn -0.891459 -0.244861 -0.381241
vn -0.973767 -0.197992 -0.112150
vn -0.911426 0.399072 -0.100222
vn -0.941966 -0.206686 0.264539
vn -0.801132 0.489565 0.344257
vn 0.382316 -0.855410 -0.349439
vn 0.377020 0.213395 -0.901287
vn -0.035193 -0.829943 -0.556737
vn -0.001860 0.262942 -0.964810
vn 0.096102 0.035255 0.994747
vn -0.046552 -0.858217 0.511172
vn 0.440467 -0.813812 0.379076
vn 0.495180 -0.065357 0.866329
vn -0.442474 -0.496540 -0.746769
vn -0.294385 0.324481 -0.898916
vn -0.244789 0.271211 0.930872
vn -0.449136 -0.560120 0.696091
vn -0.053293 0.970717 -0.234240
vn -0.087585 0.992022 0.090671
vn -0.084313 0.912140 0.401114
vn 0.043141 0.994906 0.091110
vn 0.029410 0.992505 -0.118613
vn 0.075975 0.953566 0.291444
vn -0.019342 0.739401 -0.672987
vn 0.016446 0.805475 -0.592402
vn -0.004961 0.634428 0.772966
vn 0.086770 0.710459 0.698369
vn 0.057164 0.852939 -0.518871
vn 0.124192 0.736616 0.664810
vn -0.007770 0.960353 -0.278678
vn -0.015998 0.995941 0.088580
vn 0.016144 0.893421 0.448931
vn 0.075927 -0.993058 -0.089843
vn 0.045433 -0.970291 0.237637
vn 0.067960 -0.901749 -0.426883
vn -0.003817 -0.994709 0.102660
vn -0.008738 -0.995031 -0.099183
vn -0.045793 -0.957839 -0.283633
vn 0.028815 -0.723212 0.690024
vn -0.012229 -0.810374 0.585785
vn -0.099310 -0.678373 -0.727975
vn -0.039782 -0.546453 -0.836545
vn -0.061660 -0.865112 0.497774
vn -0.119082 -0.731038 -0.671866
vn 0.023091 -0.961786 0.272828
vn 0.036390 -0.994961 -0.093426
vn -0.017472 -0.885389 -0.464522
vn 0.925313 0.377011 0.040738
vn 0.796663 -0.603489 0.033597
vn 0.671955 -0.738829 -0.051074
vn 0.795671 0.386877 -0.466084
vn 0.759367 0.278712 0.587947
vn 0.844671 -0.535115 -0.013527
vn -0.727522 0.594880 -0.341804
vn -0.936893 -0.200455 -0.286443
vn -0.972516 -0.225378 -0.058450
vn -0.866467 0.499225 0.003213
vn -0.939886 -0.217415 0.263333
vn -0.771436 0.508366 0.382689
vn 0.320837 -0.874769 -0.363102
vn 0.389716 0.193542 -0.900368
vn -0.040891 -0.748951 -0.661362
vn 0.012035 0.288708 -0.957342
vn 0.059462 0.051483 0.996902
vn -0.022867 -0.798647 0.601366
vn 0.413007 -0.820010 0.396242
vn 0.435194 -0.054770 0.898669
vn -0.394853 -0.501765 -0.769625
vn -0.260397 0.302996 -0.916726
vn -0.249391 0.232628 0.940047
vn -0.372184 -0.530306 0.761744
vn -0.040058 0.974691 -0.219937
vn -0.077634 0.992474 0.094697
vn -0.081071 0.927791 0.364186
vn 0.027641 0.992280 0.120895
vn 0.024748 0.992792 -0.117265
vn 0.041279 0.944302 0.326481
vn 0.023498 0.774516 -0.632118
vn 0.022602 0.840630 -0.541138
vn -0.014305 0.670813 0.741489
vn 0.033143 0.723696 0.689322
vn 0.035779 0.883917 -0.466273
vn 0.060076 0.744187 0.665264
vn -0.003838 0.968874 -0.247523
vn -0.022088 0.993645 0.110375
vn -0.010890 0.898667 0.438497
vn 0.066141 -0.993390 -0.093818
vn 0.033260 -0.974074 0.223770
vn 0.068058 -0.919331 -0.387554
vn -0.013864 -0.992220 0.123727
vn -0.005599 -0.992113 -0.125220
vn -0.020036 -0.941579 -0.336197
vn -0.013618 -0.761580 0.647928
vn -0.006043 -0.844284 0.535862
vn -0.035557 -0.671655 -0.740010
vn -0.031145 -0.575499 -0.817209
vn -0.037570 -0.888259 0.457804
vn -0.046522 -0.709114 -0.703558
vn 0.020496 -0.964979 0.261524
vn 0.034944 -0.992990 -0.112914
vn 0.006623 -0.884834 -0.465859
vn 0.912066 0.408955 0.029858
vn 0.828486 -0.557939 0.048123
vn 0.666738 -0.744119 -0.041799
vn 0.835726 0.316831 -0.448532
vn 0.819728 0.206225 0.534338
vn 0.840018 -0.540293 0.049527
vn -0.787395 0.496892 -0.364839
vn -0.937323 -0.128100 -0.324062
vn -0.984154 -0.140879 0.107672
vn -0.873549 0.457017 0.167474
vn -0.903720 -0.217329 0.368861
vn -0.763764 0.413582 0.495595
vn 0.317754 -0.851617 -0.416869
vn 0.383842 0.192946 -0.903015
vn -0.042874 -0.671788 -0.739502
vn -0.001701 0.240284 -0.970701
vn -0.021271 -0.012676 0.999693
vn -0.114126 -0.769582 0.628266
vn 0.372936 -0.820198 0.433813
vn 0.369299 -0.035357 0.928638
vn -0.378493 -0.386504 -0.841046
vn -0.285374 0.256183 -0.923543
vn -0.338568 0.151105 0.928730
vn -0.484414 -0.510593 0.710379
vn 0.006662 0.961944 -0.273166
vn -0.040667 0.994922 0.092066
vn -0.045727 0.920455 0.388165
vn 0.020802 0.991825 0.125898
vn 0.022149 0.992549 -0.119816
vn 0.019409 0.956574 0.290841
vn 0.062669 0.790095 -0.609772
vn 0.029978 0.838039 -0.544785
vn 0.016342 0.662990 0.748450
vn 0.014195 0.736271 0.676538
vn 0.022415 0.869972 -0.492591
vn 0.018146 0.758231 0.651733
vn 0.008790 0.964300 -0.264668
vn -0.011268 0.993316 0.114875
vn -0.010544 0.902549 0.430459
vn 0.028285 -0.995440 -0.091105
vn -0.014672 -0.960320 0.278513
vn 0.032869 -0.910230 -0.412797
vn 0.005759 -0.990983 0.133861
vn 0.011813 -0.990630 -0.136058
vn 0.016183 -0.951254 -0.307983
vn -0.051146 -0.779612 0.624171
vn -0.007759 -0.828971 0.559237
vn 0.007234 -0.679305 -0.733820
vn -0.060362 -0.551302 -0.832119
vn -0.002735 -0.856598 0.515976
vn 0.024925 -0.723618 -0.689751
vn 0.011199 -0.960163 0.279216
vn 0.029189 -0.992103 -0.121984
vn 0.017050 -0.884841 -0.465582
vn 0.933210 0.358383 0.026106
vn 0.877130 -0.478144 0.044961
vn 0.738125 -0.673966 -0.030667
vn 0.867467 0.272305 -0.416356
vn 0.851865 0.176037 0.493292
vn 0.887696 -0.458510 0.042001
vn -0.776360 0.462951 -0.427716
vn -0.924494 -0.118595 -0.362280
vn -0.986419 -0.092625 -0.135638
vn -0.914275 0.396145 -0.084679
vn -0.946866 -0.161323 0.278245
vn -0.848817 0.359368 0.387768
vn 0.381842 -0.811644 -0.442076
vn 0.430937 0.159238 -0.888221
vn -0.054682 -0.658338 -0.750733
vn -0.003588 0.210777 -0.977527
vn -0.027721 -0.024034 0.999327
vn -0.126106 -0.733743 0.667621
vn 0.426528 -0.788448 0.443198
vn 0.416712 -0.029352 0.908565
vn -0.439099 -0.348586 -0.828058
vn -0.384468 0.245328 -0.889943
vn -0.369540 0.148615 0.917253
vn -0.504746 -0.476119 0.720099
vn 0.009708 0.952043 -0.305811
vn -0.051220 0.993524 0.101424
vn -0.054347 0.903148 0.425875
vn 0.026206 0.986648 0.160743
vn 0.026534 0.992846 -0.116420
vn 0.023234 0.941879 0.335149
vn 0.076042 0.760424 -0.644960
vn 0.038919 0.810649 -0.584238
vn 0.018821 0.627397 0.778472
vn 0.017688 0.705041 0.708946
vn 0.033184 0.849211 -0.527010
vn 0.020760 0.726786 0.686550
vn 0.011338 0.956613 -0.291140
vn -0.014316 0.991364 0.130356
vn -0.012516 0.883963 0.467390
vn 0.036027 -0.994318 -0.100169
vn -0.018985 -0.949948 0.311832
vn 0.036702 -0.890083 -0.454318
vn 0.011709 -0.990792 0.134883
vn 0.015152 -0.985382 -0.169684
vn 0.019254 -0.935548 -0.352676
vn -0.062933 -0.749192 0.659357
vn -0.009904 -0.801852 0.597440
vn 0.004439 -0.644062 -0.764961
vn -0.068123 -0.515848 -0.853968
vn -0.007071 -0.836166 0.548431
vn 0.027054 -0.689962 -0.723340
vn 0.014660 -0.951472 0.307385
vn 0.036669 -0.990090 -0.135564
vn 0.021524 -0.864941 -0.501412
vn 0.272936 0.101045 0.956711
vn 0.235153 0.343807 0.909120
vn 0.198469 0.407211 0.891510
vn 0.196758 0.210987 0.957482
vn 0.370133 0.096361 0.923968
vn 0.280320 0.336598 0.898957
vn 0.185439 0.590655 0.785328
vn 0.192842 0.629578 0.752624
vn 0.185098 0.499458 0.846334
vn 0.189648 0.331414 0.924229
vn 0.211902 0.116544 0.970317
vn 0.237965 0.008371 0.971238
vn 0.369945 -0.074784 0.926039
vn 0.473278 -0.102742 0.874901
vn 0.490440 0.065939 0.868977
vn 0.348461 0.327213 0.878355
vn 0.185109 0.561519 0.806493
vn 0.142678 0.686638 0.712861
vn 0.183771 0.687285 0.702758
vn 0.208298 0.662650 0.719380
vn 0.251980 0.565431 0.785362
vn 0.258497 0.437858 0.861081
vn 0.227701 0.232139 0.945655
vn 0.274202 0.097511 0.956716
vn 0.283309 0.000565 0.959029
vn 0.297797 -0.080131 0.951260
vn 0.477647 -0.195212 0.856590
vn 0.553963 -0.224665 0.801655
vn 0.586973 -0.130563 0.799009
vn 0.593538 0.043304 0.803640
vn 0.406638 0.324876 0.853874
vn 0.206326 0.543752 0.813488
vn 0.116131 0.663187 0.739390
vn 0.181808 0.146026 0.972431
vn 0.111960 0.141438 0.983596
vn 0.208197 0.660931 0.720989
vn 0.271036 0.668117 0.692935
vn 0.379719 0.585016 0.716638
vn 0.384739 0.490196 0.782102
vn 0.303382 0.338386 0.890760
vn 0.296138 0.199572 0.934063
vn 0.342146 0.099763 0.934336
vn 0.358883 0.029994 0.932900
vn 0.305319 -0.052555 0.950799
vn 0.392520 -0.158559 0.905973
vn 0.571564 -0.274684 0.773216
vn 0.612425 -0.317131 0.724129
vn 0.653773 -0.232053 0.720231
vn 0.707919 -0.158323 0.688320
vn 0.720118 0.003444 0.693843
vn 0.471951 0.291379 0.832082
vn 0.233370 0.527816 0.816670
vn 0.125857 0.639273 0.758610
vn 0.261593 0.161926 0.951498
vn 0.177866 -0.250004 0.951768
vn 0.041287 -0.238593 0.970242
vn 0.040563 0.138070 0.989592
vn 0.237316 0.629196 0.740131
vn 0.377910 0.647787 0.661481
vn 0.496357 0.554175 0.668221
vn 0.495520 0.493210 0.714985
vn 0.426724 0.411072 0.805560
vn 0.383166 0.289704 0.877072
vn 0.378677 0.201299 0.903373
vn 0.413445 0.108343 0.904060
vn 0.404653 0.051787 0.913003
vn 0.374061 -0.001226 0.927403
vn 0.359743 -0.110940 0.926432
vn 0.508849 -0.216856 0.833094
vn 0.647493 -0.303654 0.698962
vn 0.664802 -0.363550 0.652587
vn 0.697095 -0.323615 0.639791
vn 0.777399 -0.228202 0.586152
vn 0.826757 -0.180049 0.532969
vn 0.836658 -0.007842 0.547670
vn 0.554384 0.255802 0.791975
vn 0.239184 0.485817 0.840698
vn 0.150429 0.598319 0.787011
vn 0.334886 0.197666 0.921292
vn 0.315771 -0.245826 0.916438
vn 0.176852 -0.218305 0.959722
vn 0.047654 -0.212546 0.975988
vn -0.087767 -0.207519 0.974286
vn -0.014811 0.190665 0.981543
vn 0.302660 0.588369 0.749813
vn 0.506893 0.588821 0.629564
vn 0.600638 0.494786 0.628030
vn 0.574953 0.462915 0.674640
vn 0.514654 0.453580 0.727597
vn 0.503636 0.360358 0.785171
vn 0.512513 0.325115 0.794752
vn 0.593408 0.302512 0.745891
vn 0.460241 0.055136 0.886080
vn 0.421436 0.046224 0.905679
vn 0.413493 0.028398 0.910065
vn 0.400918 -0.051044 0.914691
vn 0.442224 -0.162576 0.882047
vn 0.607259 -0.242632 0.756549
vn 0.697969 -0.346914 0.626490
vn 0.716922 -0.388009 0.579199
vn 0.725578 -0.387781 0.568474
vn 0.813537 -0.298547 0.499026
vn 0.865228 -0.236341 0.442181
vn 0.904105 -0.165592 0.393921
vn 0.851450 0.087550 0.517076
vn 0.605233 0.259281 0.752640
vn 0.251371 0.427419 0.868404
vn 0.146100 0.522771 0.839860
vn 0.393412 0.243856 0.886432
vn 0.449802 -0.215229 0.866807
vn 0.303654 -0.207526 0.929907
vn 0.180265 -0.108696 0.977594
vn 0.068939 -0.105402 0.992037
vn -0.087944 -0.200133 0.975814
vn -0.205815 -0.148915 0.967194
vn -0.046004 0.201837 0.978338
vn 0.389325 0.539921 0.746265
vn 0.619629 0.502725 0.602766
vn 0.691325 0.386634 0.610396
vn 0.662872 0.365131 0.653667
vn 0.561389 0.432639 0.705455
vn 0.542336 0.464954 0.699779
vn 0.550065 0.479596 0.683679
vn 0.592380 0.432109 0.679976
vn 0.646658 0.410288 0.643037
vn 0.684395 0.667736 0.292801
vn 0.612373 0.030080 0.789997
vn 0.443085 -0.024374 0.896148
vn 0.407248 0.031121 0.912787
vn 0.422336 0.048679 0.905132
vn 0.446788 0.010472 0.894579
vn 0.461855 -0.081368 0.883215
vn 0.534820 -0.195229 0.822103
vn 0.669317 -0.311643 0.674458
vn 0.725893 -0.393240 0.564306
vn 0.750505 -0.417102 0.512609
vn 0.752817 -0.416276 0.509883
vn 0.821059 -0.363004 0.440557
vn 0.883989 -0.278607 0.375423
vn 0.910770 -0.230814 0.342378
vn 0.943078 -0.148328 0.297664
vn 0.934317 -0.056128 0.351997
vn 0.937967 0.013086 0.346477
vn 0.858270 0.071184 0.508237
vn 0.605741 0.247314 0.756249
vn 0.293450 0.383031 0.875885
vn 0.155606 0.434176 0.887287
vn 0.388286 0.272481 0.880334
vn 0.579785 -0.147228 0.801358
vn 0.439924 -0.190301 0.877640
vn 0.288234 -0.103885 0.951908
vn 0.179594 -0.066205 0.981511
vn 0.074338 -0.052302 0.995861
vn -0.057888 -0.098576 0.993445
vn -0.225395 -0.164928 0.960206
vn -0.279160 -0.083527 0.956605
vn -0.067808 0.213319 0.974627
vn 0.518422 0.440035 0.733217
vn 0.714324 0.370638 0.593607
vn 0.761735 0.232860 0.604596
vn 0.723432 0.231294 0.650500
vn 0.602126 0.342417 0.721246
vn 0.416723 0.449439 0.790156
vn 0.436494 0.494988 0.751306
vn 0.446487 0.543430 0.710868
vn 0.591702 0.517051 0.618504
vn 0.709817 0.489033 0.506958
vn 0.699472 0.674758 0.235456
vn 0.809823 0.583998 0.055969
vn 0.936968 0.348796 0.020786
vn 0.969358 -0.100676 0.224073
vn 0.593395 -0.385440 0.706625
vn 0.383426 -0.024237 0.923253
vn 0.376243 0.018314 0.926340
vn 0.401708 0.059096 0.913859
vn 0.447589 0.065937 0.891805
vn 0.507095 0.015299 0.861754
vn 0.531751 -0.114357 0.839145
vn 0.616108 -0.296782 0.729610
vn 0.703802 -0.368930 0.607086
vn 0.746118 -0.431084 0.507419
vn 0.766779 -0.453889 0.453911
vn 0.773926 -0.438803 0.456608
vn 0.814968 -0.404085 0.415383
vn 0.882419 -0.323102 0.341966
vn 0.910800 -0.271961 0.310614
vn 0.939522 -0.205847 0.273725
vn 0.964667 -0.116922 0.236109
vn 0.968188 -0.049434 0.245291
vn 0.969723 -0.003019 0.244190
vn 0.941998 0.003799 0.335598
vn 0.832293 0.054003 0.551699
vn 0.577547 0.164339 0.799645
vn 0.332054 0.336014 0.881382
vn 0.201905 0.346427 0.916091
vn 0.390332 0.241472 0.888444
vn 0.652942 -0.090178 0.752020
vn 0.574454 -0.162670 0.802210
vn 0.405263 -0.099362 0.908785
vn 0.282671 -0.078090 0.956033
vn 0.149386 0.434562 0.888167
vn 0.060025 0.418069 0.906430
vn -0.045332 -0.043230 0.998036
vn -0.201080 -0.083229 0.976033
vn -0.326966 -0.120032 0.937382
vn -0.326341 -0.024397 0.944937
vn 0.032910 0.205890 0.978022
vn 0.616028 0.312966 0.722884
vn 0.776426 0.211854 0.593532
vn 0.761910 0.099957 0.639923
vn 0.729181 0.104180 0.676345
vn 0.632725 0.231486 0.738967
vn 0.409205 0.363319 0.836989
vn 0.000001 0.488517 0.872554
vn 0.000002 0.553108 0.833110
vn 0.000000 0.623119 0.782127
vn 0.465466 0.614752 0.636726
vn 0.637583 0.598660 0.484864
vn 0.754532 0.627763 0.191299
vn 0.693937 0.695000 0.188220
vn 0.947088 0.139254 0.289192
vn 0.745726 -0.555192 0.368314
vn 0.371860 -0.438378 0.818257
vn 0.368523 0.039843 0.928764
vn 0.354745 -0.023437 0.934669
vn 0.368923 0.056096 0.927766
vn 0.415330 0.106426 0.903424
vn 0.492435 0.102682 0.864271
vn 0.568778 0.030170 0.821938
vn 0.577597 -0.273290 0.769217
vn 0.658181 -0.346182 0.668548
vn 0.733080 -0.397921 0.551591
vn 0.752662 -0.491123 0.438518
vn 0.766168 -0.505469 0.396847
vn 0.783886 -0.468856 0.407059
vn 0.805653 -0.444443 0.391655
vn 0.869510 -0.361337 0.336732
vn 0.905092 -0.299690 0.301652
vn 0.930587 -0.252329 0.265214
vn 0.955972 -0.172507 0.237402
vn 0.971152 -0.080383 0.224503
vn 0.974439 -0.028450 0.222844
vn 0.974306 -0.010869 0.224967
vn 0.970031 -0.006856 0.242883
vn 0.938966 -0.000945 0.344008
vn 0.820573 -0.014054 0.571369
vn 0.572499 0.006012 0.819884
vn 0.370680 0.205966 0.905635
vn 0.257157 0.272865 0.927046
vn 0.418770 0.184601 0.889131
vn 0.697388 -0.054960 0.714584
vn 0.669606 -0.137044 0.729963
vn 0.527834 -0.096912 0.843801
vn 0.390074 -0.084006 0.916943
vn 0.238243 0.475148 0.847039
vn 0.006638 0.999302 0.036757
vn 0.005955 0.999377 0.034780
vn -0.036192 0.424992 0.904473
vn -0.191385 -0.035355 0.980878
vn -0.319913 -0.069141 0.944921
vn -0.381395 -0.076969 0.921202
vn -0.357312 0.006561 0.933962
vn 0.118113 0.159089 0.980174
vn 0.716660 0.173218 0.675569
vn 0.779792 0.091718 0.619284
vn 0.720162 -0.062009 0.691029
vn 0.677715 -0.046097 0.733878
vn 0.622692 0.124305 0.772530
vn 0.397998 0.252779 0.881873
vn 0.000000 0.385772 0.922594
vn -0.416719 0.449437 0.790159
vn -0.436489 0.494982 0.751313
vn -0.446484 0.543426 0.710873
vn -0.000000 0.715087 0.699036
vn 0.485701 0.696948 0.527597
vn 0.654741 0.721022 0.226807
vn 0.750046 0.625978 0.213503
vn 0.809551 0.397770 0.431749
vn 0.793573 -0.388715 0.468127
vn 0.316538 -0.820054 0.476776
vn 0.336750 -0.324815 0.883796
vn 0.245896 0.015094 0.969179
vn 0.243163 -0.092578 0.965557
vn 0.325946 0.018624 0.945205
vn 0.368842 0.133875 0.919801
vn 0.447707 0.169409 0.877986
vn 0.547823 0.152856 0.822511
vn 0.618935 -0.040023 0.784422
vn 0.551326 -0.203657 0.809051
vn 0.433883 -0.267296 0.860406
vn 0.633218 -0.298021 0.714295
vn 0.709163 -0.353653 0.609933
vn 0.748547 -0.464762 0.472942
vn 0.734033 -0.576199 0.359432
vn 0.737814 -0.600049 0.309146
vn 0.780218 -0.512530 0.358570
vn 0.801835 -0.476931 0.359997
vn 0.845027 -0.420728 0.330027
vn 0.894182 -0.326988 0.305806
vn 0.922788 -0.273844 0.271058
vn 0.944639 -0.220822 0.242684
vn 0.962688 -0.138559 0.232449
vn 0.969599 -0.048358 0.239873
vn 0.971093 -0.006942 0.238602
vn 0.974097 -0.006688 0.226032
vn 0.973376 -0.012799 0.228857
vn 0.970052 -0.009429 0.242716
vn 0.936024 -0.018357 0.351456
vn 0.813688 -0.122534 0.568241
vn 0.600303 -0.204796 0.773108
vn 0.414398 -0.018165 0.909915
vn 0.301445 0.147217 0.942050
vn 0.458687 0.135169 0.878257
vn 0.750854 -0.043997 0.659002
vn 0.728838 -0.111961 0.675470
vn 0.637223 -0.093205 0.765022
vn 0.507159 -0.072614 0.858788
vn 0.332122 0.491680 0.804951
vn 0.007945 0.999417 0.033213
vn 0.008114 0.998909 0.045982
vn 0.006298 0.999033 0.043515
vn 0.007554 0.999745 0.021268
vn -0.165268 0.464639 0.869941
vn -0.310388 -0.028746 0.950175
vn -0.376391 -0.054401 0.924862
vn -0.422567 -0.049302 0.904990
vn -0.375997 0.030079 0.926132
vn 0.408594 0.127609 0.903752
vn 0.741837 0.054329 0.668376
vn 0.710882 -0.069329 0.699886
vn 0.609223 -0.251158 0.752175
vn 0.532232 -0.246832 0.809817
vn 0.530510 -0.009067 0.847630
vn 0.364401 0.165163 0.916479
vn -0.000000 0.271221 0.962517
vn -0.409206 0.363320 0.836989
vn -0.561389 0.432639 0.705455
vn -0.542335 0.464953 0.699780
vn -0.550066 0.479596 0.683678
vn -0.465467 0.614753 0.636726
vn -0.000000 0.805541 0.592540
vn 0.465785 0.826829 0.315275
vn 0.738392 0.660293 0.137078
vn 0.850486 0.339417 0.401833
vn 0.730540 -0.139757 0.668415
vn 0.305574 -0.852027 0.425059
vn 0.162819 -0.815101 0.555968
vn 0.375190 -0.430648 0.820838
vn -0.000001 -0.034643 0.999400
vn -0.000002 -0.119751 0.992804
vn 0.227068 -0.035404 0.973235
vn 0.306994 0.136334 0.941896
vn 0.387897 0.228051 0.893045
vn 0.492550 0.251551 0.833137
vn 0.600268 0.132412 0.788762
vn 0.622459 -0.274577 0.732906
vn 0.473359 -0.456282 0.753484
vn -0.045915 -0.193915 0.979943
vn 0.524263 -0.196470 0.828582
vn 0.689685 -0.297155 0.660329
vn 0.750047 -0.422592 0.508768
vn 0.741171 -0.545217 0.391669
vn 0.632898 -0.737238 0.236475
vn 0.628253 -0.761983 0.157101
vn 0.739059 -0.625037 0.251238
vn 0.794531 -0.520816 0.312204
vn 0.823227 -0.469988 0.318448
vn 0.871472 -0.389691 0.297788
vn 0.915649 -0.295474 0.272549
vn 0.934645 -0.251218 0.251651
vn 0.952105 -0.187979 0.241164
vn 0.965895 -0.111941 0.233488
vn 0.924202 -0.003811 0.381885
vn 0.893731 0.142603 0.425333
vn 0.982462 0.027693 0.184397
vn 0.975407 -0.008995 0.220229
vn 0.973268 -0.003906 0.229641
vn 0.970712 -0.006092 0.240171
vn 0.934944 -0.043095 0.352168
vn 0.826458 -0.146792 0.543525
vn 0.628395 -0.297105 0.718921
vn 0.468976 -0.251471 0.846655
vn 0.323856 -0.075833 0.943062
vn 0.480958 0.022339 0.876459
vn 0.798663 -0.018901 0.601482
vn 0.773577 -0.081240 0.628474
vn 0.720627 -0.086730 0.687877
vn 0.611624 -0.050582 0.789530
vn 0.441885 0.513826 0.735337
vn 0.002012 0.999716 0.023754
vn 0.010521 0.999093 0.041268
vn 0.006237 0.999569 0.028671
vn 0.004235 0.999966 0.007039
vn -0.263991 0.521792 0.811197
vn -0.376433 -0.018469 0.926260
vn -0.425861 -0.026026 0.904414
vn -0.396861 0.073873 0.914901
vn 0.667049 0.017934 0.744798
vn 0.643288 -0.097183 0.759432
vn 0.548034 -0.254332 0.796853
vn 0.406212 -0.466320 0.785836
vn 0.279069 -0.491254 0.825100
vn 0.356184 -0.218742 0.908452
vn 0.306693 0.033305 0.951226
vn 0.000000 0.183063 0.983101
vn -0.398001 0.252780 0.881872
vn -0.602125 0.342417 0.721246
vn -0.574954 0.462916 0.674639
vn -0.495521 0.493212 0.714983
vn -0.514658 0.453584 0.727591
vn -0.591705 0.517053 0.618499
vn -0.485701 0.696948 0.527597
vn -0.000001 0.930068 0.367387
vn 0.485181 0.841066 0.239181
vn 0.863380 0.349283 0.364110
vn 0.736470 -0.079899 0.671735
vn 0.254944 -0.788682 0.559449
vn 0.226918 -0.830548 0.508624
vn -0.000001 -0.718075 0.695966
vn -0.245896 0.015094 0.969179
vn -0.243161 -0.092579 0.965558
vn -0.000001 -0.059272 0.998242
vn 0.211967 0.114202 0.970581
vn 0.307871 0.270073 0.912292
vn 0.420605 0.346488 0.838473
vn 0.540160 0.256986 0.801365
vn 0.626202 -0.055504 0.777682
vn 0.594180 -0.463778 0.657161
vn 0.429886 -0.711796 0.555468
vn -0.127740 -0.347661 0.928878
vn 0.347281 0.154741 0.924906
vn 0.611221 -0.174725 0.771933
vn 0.628637 -0.243852 0.738480
vn 0.666152 -0.246179 0.704015
vn 0.738986 -0.369797 0.563160
vn 0.749744 -0.512561 0.418527
vn 0.643958 -0.714947 0.272340
vn 0.403080 -0.911351 0.083464
vn 0.416871 -0.908959 0.003410
vn 0.612850 -0.787801 0.061514
vn 0.743888 -0.638116 0.198592
vn 0.800518 -0.534233 0.271598
vn 0.846771 -0.450891 0.282271
vn 0.898784 -0.355525 0.256495
vn 0.928583 -0.278041 0.245817
vn 0.941409 -0.231814 0.244971
vn 0.959828 -0.160424 0.230204
vn 0.948050 -0.112428 0.297593
vn 0.685176 0.046358 0.726901
vn -0.048468 0.584774 0.809747
vn 0.392352 0.846155 0.360668
vn 0.993268 0.090689 0.072067
vn 0.986304 0.034265 0.161337
vn 0.977047 0.027449 0.211247
vn 0.975039 0.017585 0.221337
vn 0.971701 -0.002373 0.236202
vn 0.934808 -0.022524 0.354438
vn 0.859861 -0.114250 0.497580
vn 0.646892 -0.357193 0.673753
vn 0.465868 -0.354237 0.810853
vn 0.342302 -0.268611 0.900376
vn 0.336968 -0.116656 0.934261
vn 0.816636 0.006637 0.577115
vn 0.769774 -0.065046 0.634993
vn 0.704256 -0.042625 0.708665
vn 0.518733 0.534585 0.667184
vn -0.002103 0.999959 0.008809
vn 0.005122 0.999576 0.028657
vn 0.003083 0.999961 0.008335
vn -0.000005 1.000000 -0.000035
vn -0.321475 0.540714 0.777356
vn -0.430684 0.019105 0.902300
vn -0.301967 0.669275 0.678887
vn -0.050973 0.655877 0.753145
vn 0.431735 -0.042375 0.901005
vn 0.212508 -0.145044 0.966335
vn 0.448577 -0.257478 0.855853
vn 0.404325 -0.418633 0.813183
vn 0.220605 -0.613211 0.758490
vn 0.072626 -0.497721 0.864291
vn 0.186797 -0.451402 0.872550
vn 0.203486 -0.182629 0.961894
vn 0.000000 0.054462 0.998516
vn -0.364401 0.165163 0.916479
vn -0.632725 0.231486 0.738967
vn -0.662873 0.365132 0.653665
vn -0.600639 0.494786 0.628029
vn -0.496358 0.554177 0.668219
vn -0.384741 0.490201 0.782098
vn -0.426726 0.411075 0.805557
vn -0.592385 0.432113 0.679969
vn -0.637584 0.598660 0.484864
vn -0.465785 0.826829 0.315275
vn -0.000000 0.955187 0.296003
vn 0.607387 0.492345 0.623440
vn 0.730856 -0.310496 0.607818
vn 0.321568 -0.780374 0.536294
vn 0.375306 -0.832866 0.406792
vn 0.235495 -0.855407 0.461325
vn -0.000000 -0.872652 0.488343
vn -0.375191 -0.430649 0.820837
vn -0.368517 0.039844 0.928767
vn -0.354742 -0.023437 0.934671
vn -0.227067 -0.035404 0.973235
vn 0.000000 0.098684 0.995119
vn 0.200289 0.279969 0.938883
vn 0.323609 0.429557 0.843064
vn 0.462629 0.366098 0.807432
vn 0.577721 0.088051 0.811471
vn 0.618662 -0.220746 0.754008
vn 0.476885 -0.725172 0.496695
vn 0.323355 -0.890984 0.318730
vn 0.337956 -0.620206 0.707906
vn 0.347472 0.652108 0.673809
vn 0.604867 0.040944 0.795273
vn 0.622377 -0.226811 0.749135
vn 0.597669 -0.234085 0.766809
vn 0.617560 -0.208592 0.758359
vn 0.721676 -0.309323 0.619277
vn 0.757251 -0.470584 0.452904
vn 0.654415 -0.690932 0.307172
vn 0.393085 -0.911338 0.122264
vn 0.233477 -0.972048 0.024741
vn 0.284686 -0.958325 -0.023805
vn 0.441267 -0.894485 -0.071976
vn 0.596881 -0.802293 0.007678
vn 0.742531 -0.652724 0.150330
vn 0.810268 -0.544267 0.217346
vn 0.876185 -0.422729 0.231515
vn 0.916764 -0.331366 0.223023
vn 0.933398 -0.268765 0.237767
vn 0.950353 -0.206281 0.232976
vn 0.924600 -0.095174 0.368859
vn 0.857736 -0.248816 0.449866
vn 0.607507 0.369556 0.703110
vn 0.078237 0.845947 0.527496
vn -0.747455 0.620832 0.236385
vn -0.525986 0.832891 -0.172140
vn 0.985675 0.140840 -0.092781
vn 0.991927 0.111259 0.060840
vn 0.985850 0.086819 0.143395
vn 0.979496 0.055732 0.193601
vn 0.978041 0.018218 0.207614
vn 0.970169 0.026536 0.240974
vn 0.936959 0.037679 0.347403
vn 0.800015 -0.196416 0.566919
vn 0.597442 -0.434299 0.674127
vn 0.419279 -0.400937 0.814527
vn 0.292928 -0.343975 0.892118
vn 0.429463 -0.193208 0.882175
vn 0.259158 -0.023735 0.965543
vn 0.638511 0.405944 0.653845
vn 0.591876 0.674157 0.441808
vn 0.765848 -0.029903 0.642326
vn 0.564980 0.589930 0.576871
vn -0.000017 1.000000 -0.000026
vn -0.000570 0.999954 0.009621
vn -0.000005 1.000000 -0.000076
vn 0.000013 1.000000 -0.000057
vn -0.353323 0.607307 0.711577
vn 0.029130 0.999371 0.020217
vn 0.193144 0.972314 0.131534
vn 0.825501 0.026755 0.563766
vn -0.124128 -0.779867 0.613514
vn 0.085096 -0.198051 0.976491
vn 0.324151 -0.356897 0.876100
vn 0.290045 -0.569444 0.769160
vn 0.139548 -0.670667 0.728513
vn -0.199139 -0.387153 0.900253
vn 0.238712 -0.353175 0.904590
vn 0.136894 -0.446577 0.884211
vn -0.000000 -0.155236 0.987877
vn -0.306689 0.033305 0.951227
vn -0.622693 0.124305 0.772530
vn -0.723430 0.231293 0.650502
vn -0.691326 0.386635 0.610395
vn -0.619631 0.502727 0.602764
vn -0.506895 0.588823 0.629560
vn -0.379723 0.585020 0.716632
vn -0.258498 0.437859 0.861080
vn -0.303381 0.338386 0.890761
vn -0.503641 0.360361 0.785166
vn -0.709820 0.489035 0.506953
vn -0.654742 0.721022 0.226803
vn -0.485181 0.841066 0.239181
vn 0.000001 0.600002 0.799999
vn 0.502558 -0.269370 0.821508
vn 0.439972 -0.739765 0.509090
vn 0.272258 -0.733193 0.623140
vn 0.000000 -0.732417 0.680857
vn -0.235495 -0.855408 0.461324
vn -0.336748 -0.324808 0.883799
vn -0.383422 -0.024237 0.923255
vn -0.376245 0.018314 0.926339
vn -0.325946 0.018624 0.945205
vn -0.211971 0.114204 0.970580
vn 0.000001 0.275866 0.961196
vn 0.185038 0.460464 0.868179
vn 0.355622 0.454734 0.816548
vn 0.507200 0.206563 0.836708
vn 0.585326 -0.080982 0.806744
vn 0.511039 -0.568778 0.644461
vn 0.366959 -0.868956 0.332050
vn 0.250260 -0.956372 0.150741
vn 0.834694 -0.519141 -0.183793
vn 0.259423 0.901018 0.347658
vn 0.565207 0.427517 0.705528
vn 0.661880 -0.150753 0.734294
vn 0.580384 -0.330358 0.744323
vn 0.544026 -0.260209 0.797701
vn 0.543409 -0.184138 0.819024
vn 0.664858 -0.239603 0.707498
vn 0.758265 -0.402228 0.513076
vn 0.679392 -0.659247 0.322213
vn 0.396188 -0.907602 0.138901
vn 0.218026 -0.974983 0.043284
vn 0.172564 -0.984596 0.028153
vn 0.215009 -0.975802 0.039766
vn 0.348867 -0.935862 -0.049539
vn 0.471731 -0.876819 -0.093049
vn 0.600328 -0.799326 -0.026163
vn 0.744881 -0.660429 0.094796
vn 0.828277 -0.540723 0.146889
vn 0.898428 -0.397321 0.186985
vn 0.923715 -0.321836 0.207781
vn 0.937872 -0.253221 0.237224
vn 0.919004 -0.208250 0.334758
vn 0.915936 -0.011758 0.401151
vn 0.839752 -0.495600 0.221806
vn 0.846345 -0.241660 0.474659
vn 0.883340 -0.165263 0.438632
vn 0.765823 0.541786 0.346386
vn 0.176377 0.982997 0.051069
vn -0.516902 0.828392 0.215822
vn -0.895749 0.438922 -0.070577
vn -0.633382 0.660206 -0.403678
vn 0.901723 0.151716 -0.404819
vn 0.991666 0.108561 -0.069371
vn 0.991277 0.117942 0.058822
vn 0.987626 0.087842 0.129921
vn 0.982387 0.040839 0.182343
vn 0.978419 0.041221 0.202479
vn 0.961518 0.100371 0.255750
vn 0.942253 0.093983 0.321446
vn 0.910595 0.043808 0.410971
vn 0.866009 0.060975 0.496297
vn 0.698870 -0.212284 0.683020
vn 0.479410 -0.521570 0.705784
vn 0.337662 -0.487482 0.805199
vn 0.223361 -0.381548 0.896957
vn 0.405175 -0.217785 0.887920
vn 0.715158 -0.453543 0.531835
vn -0.435931 0.091292 0.895338
vn -0.147123 0.953504 0.263029
vn -0.023195 0.998948 0.039562
vn 0.572154 0.671544 0.470817
vn 0.000830 0.999999 -0.000837
vn -0.000021 1.000000 0.000000
vn 0.000014 1.000000 -0.000076
vn -0.004651 0.999986 -0.002624
vn 0.023522 0.999595 0.016013
vn 0.155415 0.982482 0.102838
vn 0.815458 0.184569 0.548600
vn 0.090053 -0.994373 0.055784
vn -0.225750 -0.843910 0.486675
vn -0.414109 -0.072469 0.907338
vn -0.370175 -0.064227 0.926739
vn 0.011454 -0.210851 0.977451
vn 0.283140 -0.450896 0.846478
vn 0.267875 -0.661001 0.700943
vn 0.116307 -0.732652 0.670592
vn -0.004136 -0.388866 0.921285
vn -0.318585 -0.017557 0.947732
vn -0.100575 -0.062607 0.992958
vn 0.341745 -0.079667 0.936410
vn 0.139734 -0.387438 0.911244
vn -0.000000 -0.439903 0.898046
vn -0.203485 -0.182629 0.961894
vn -0.530506 -0.009065 0.847633
vn -0.729180 0.104179 0.676345
vn -0.761734 0.232860 0.604597
vn -0.714325 0.370639 0.593605
vn -0.518422 0.440036 0.733217
vn -0.389327 0.539922 0.746263
vn -0.377913 0.647792 0.661474
vn -0.251981 0.565431 0.785362
vn -0.189649 0.331412 0.924229
vn -0.227701 0.232139 0.945655
vn -0.383166 0.289704 0.877072
vn -0.646663 0.410292 0.643030
vn -0.754534 0.627765 0.191285
vn -0.738392 0.660294 0.137073
vn -0.607387 0.492347 0.623438
vn 0.000001 -0.232373 0.972627
vn -0.272259 -0.733195 0.623137
vn -0.375305 -0.832867 0.406790
vn -0.226917 -0.830549 0.508622
vn -0.162818 -0.815102 0.555967
vn -0.371862 -0.438380 0.818255
vn -0.443086 -0.024373 0.896148
vn -0.407259 0.031122 0.912782
vn -0.368922 0.056096 0.927766
vn -0.306995 0.136336 0.941895
vn -0.200292 0.279971 0.938882
vn 0.000001 0.452616 0.891706
vn 0.179685 0.501805 0.846111
vn 0.396446 0.284541 0.872850
vn 0.525896 0.032755 0.849918
vn 0.501215 -0.455085 0.735990
vn 0.408074 -0.760870 0.504532
vn 0.087291 -0.995442 0.038409
vn 0.099599 -0.995010 -0.006007
vn 0.919071 -0.272509 -0.284687
vn 0.193302 0.973270 0.124018
vn 0.413103 0.730908 0.543249
vn 0.657613 0.069417 0.750151
vn 0.620868 -0.289268 0.728593
vn 0.466242 -0.438176 0.768518
vn 0.447921 -0.310639 0.838374
vn 0.441556 -0.175640 0.879875
vn 0.570643 -0.187021 0.799619
vn 0.709609 -0.328833 0.623156
vn 0.698633 -0.610041 0.373849
vn 0.425470 -0.895406 0.131239
vn 0.220207 -0.974466 0.043886
vn 0.166066 -0.985838 0.023346
vn 0.115480 -0.992180 0.047366
vn 0.151065 -0.981870 0.114501
vn 0.314097 -0.946385 0.075485
vn 0.426670 -0.903803 -0.033072
vn 0.502198 -0.859850 -0.091947
vn 0.612738 -0.787683 -0.064092
vn 0.752554 -0.658246 0.019350
vn 0.847755 -0.523249 0.086726
vn 0.911741 -0.380150 0.155608
vn 0.923575 -0.316273 0.216753
vn 0.933520 -0.253588 0.253443
vn 0.926405 -0.262073 0.270354
vn 0.990145 -0.014863 -0.139258
vn 0.754199 -0.457064 -0.471462
vn 0.695390 -0.639803 -0.327238
vn 0.620723 -0.721507 -0.306806
vn 0.933271 -0.129249 0.335112
vn 0.843453 0.429422 -0.322773
vn 0.246028 0.700449 -0.669957
vn -0.433464 0.897803 -0.077838
vn -0.854325 0.515043 -0.069713
vn -0.888502 0.391036 -0.240114
vn -0.694618 0.474897 -0.540351
vn 0.631764 0.235921 -0.738387
vn 0.954892 0.022540 -0.296097
vn 0.993695 0.098591 -0.053382
vn 0.993067 0.098653 0.063915
vn 0.990317 0.066411 0.121909
vn 0.982525 0.060834 0.175910
vn 0.969731 0.110939 0.217518
vn 0.954744 0.146195 0.259021
vn 0.941278 0.143511 0.305616
vn 0.905804 0.176174 0.385334
vn 0.859710 0.224171 0.458962
vn 0.766170 0.109502 0.633240
vn 0.576096 -0.214369 0.788771
vn 0.391017 -0.594780 0.702384
vn 0.280891 -0.603726 0.746067
vn 0.161329 -0.462345 0.871900
vn 0.310533 -0.240775 0.919563
vn 0.760477 -0.004966 0.649345
vn 0.830422 -0.031967 0.556217
vn 0.709230 -0.551566 0.439053
vn -0.027676 -0.996875 0.073991
vn -0.441378 0.104232 0.891247
vn -0.125262 0.968881 0.213492
vn -0.024474 0.998847 0.041299
vn 0.002546 0.999992 -0.003018
vn 0.000849 0.999999 -0.000922
vn -0.004050 0.999989 -0.002395
vn 0.064988 -0.997036 0.041181
vn 0.012088 -0.999894 0.008131
vn -0.341939 -0.694298 0.633267
vn -0.464184 0.014741 0.885616
vn -0.449824 0.042098 0.892125
vn -0.324804 -0.027021 0.945395
vn 0.000201 -0.156484 0.987681
vn 0.286207 -0.587558 0.756876
vn 0.204373 -0.747426 0.632128
vn 0.094814 -0.774990 0.624821
vn 0.072250 -0.355837 0.931751
vn -0.059670 0.075119 0.995388
vn -0.177650 0.204219 0.962671
vn 0.011043 0.180156 0.983576
vn 0.310151 0.183748 0.932761
vn 0.159580 -0.122058 0.979610
vn -0.000000 -0.402097 0.915597
vn -0.136895 -0.446580 0.884209
vn -0.356182 -0.218743 0.908453
vn -0.677715 -0.046096 0.733879
vn -0.761910 0.099956 0.639924
vn -0.776425 0.211854 0.593534
vn -0.616027 0.312965 0.722885
vn -0.032910 0.205889 0.978022
vn 0.067808 0.213317 0.974627
vn -0.302662 0.588374 0.749808
vn -0.271036 0.668115 0.692937
vn -0.185097 0.499456 0.846335
vn -0.196758 0.210986 0.957482
vn -0.211902 0.116544 0.970317
vn -0.296134 0.199569 0.934065
vn -0.512511 0.325114 0.794754
vn -0.699474 0.674760 0.235445
vn -0.750047 0.625979 0.213497
vn -0.863382 0.349284 0.364106
vn -0.502560 -0.269371 0.821506
vn -0.439973 -0.739767 0.509086
vn -0.321568 -0.780374 0.536294
vn -0.254945 -0.788684 0.559447
vn -0.316543 -0.820057 0.476767
vn -0.593398 -0.385451 0.706616
vn -0.460238 0.055136 0.886082
vn -0.421439 0.046224 0.905678
vn -0.401712 0.059096 0.913857
vn -0.368839 0.133874 0.919802
vn -0.307872 0.270074 0.912291
vn -0.185038 0.460464 0.868178
vn 0.000000 0.510835 0.859679
vn 0.196817 0.342323 0.918737
vn 0.413674 0.116657 0.902920
vn 0.460805 -0.377090 0.803407
vn 0.417320 -0.665724 0.618592
vn 0.091872 -0.989256 0.113719
vn -0.063230 -0.995016 -0.077101
vn -0.032877 -0.996896 -0.071543
vn 0.739026 -0.191583 -0.645861
vn 0.115201 0.993080 -0.022842
vn 0.268653 0.891979 0.363593
vn 0.582396 0.384337 0.716310
vn 0.625618 -0.100853 0.773583
vn 0.494048 -0.408655 0.767410
vn 0.284719 -0.501173 0.817166
vn 0.295675 -0.333185 0.895301
vn 0.310251 -0.173110 0.934761
vn 0.469199 -0.145750 0.870982
vn 0.605880 -0.253361 0.754134
vn 0.678198 -0.546568 0.491234
vn 0.465041 -0.867996 0.174126
vn 0.230710 -0.972767 0.022292
vn 0.168216 -0.985414 0.025746
vn 0.096137 -0.995271 0.013890
vn 0.000000 -0.998210 0.059805
vn 0.000000 -0.989825 0.142291
vn 0.210400 -0.960198 0.183715
vn 0.418394 -0.897577 0.138929
vn 0.510222 -0.860032 0.004385
vn 0.541573 -0.834607 -0.100644
vn 0.633920 -0.762708 -0.128149
vn 0.762433 -0.644209 -0.060755
vn 0.864646 -0.501887 0.022281
vn 0.914066 -0.393144 0.099609
vn 0.925378 -0.282522 0.252700
vn 0.919609 -0.348677 0.180949
vn 0.962923 -0.109125 -0.246720
vn 0.742457 -0.045478 -0.668348
vn 0.943134 -0.312124 0.114358
vn 0.918909 -0.393371 0.029424
vn 0.380382 -0.599787 -0.703964
vn 0.246702 -0.834949 -0.491933
vn 0.526075 -0.846296 -0.083837
vn 0.973526 -0.129349 0.188456
vn 0.782703 0.124278 -0.609861
vn 0.161627 0.307082 -0.937858
vn -0.341892 0.668469 -0.660499
vn -0.823353 0.529536 -0.204159
vn -0.858321 0.348179 -0.376903
vn -0.748684 0.267680 -0.606481
vn 0.220633 -0.033828 -0.974770
vn 0.901919 -0.090877 -0.422235
vn 0.957832 0.004992 -0.287286
vn 0.993146 0.102969 -0.055309
vn 0.993281 0.101512 0.055579
vn 0.988785 0.090405 0.118878
vn 0.974923 0.120486 0.187106
vn 0.958515 0.163382 0.233569
vn 0.951426 0.158402 0.264004
vn 0.913683 0.212041 0.346730
vn 0.865643 0.263114 0.425950
vn 0.785059 0.254953 0.564518
vn 0.617684 0.157755 0.770441
vn 0.430008 -0.217295 0.876285
vn 0.263463 -0.646189 0.716259
vn 0.183269 -0.727435 0.661250
vn 0.104732 -0.603250 0.790646
vn 0.233829 -0.306491 0.922707
vn 0.676542 0.046746 0.734919
vn 0.786268 0.124519 0.605209
vn 0.794822 0.081303 0.601371
vn 0.700402 -0.487514 0.521313
vn 0.007135 -0.999974 0.001166
vn -0.011251 -0.999682 0.022567
vn 0.002535 0.999992 -0.003136
vn 0.010114 -0.999925 0.006839
vn -0.000267 -0.999999 0.001508
vn -0.351449 -0.607902 0.711996
vn -0.426531 0.073777 0.901459
vn -0.407089 0.100581 0.907834
vn -0.423128 0.048423 0.904775
vn -0.289258 0.070478 0.954653
vn 0.022015 -0.180592 0.983312
vn 0.235113 -0.716075 0.657236
vn 0.140981 -0.826125 0.545565
vn 0.101180 -0.786877 0.608759
vn 0.132617 -0.306655 0.942537
vn 0.053115 0.133872 0.989574
vn 0.010845 0.255680 0.966701
vn -0.064031 0.280393 0.957747
vn 0.033804 0.254340 0.966524
vn 0.183886 0.257925 0.948504
vn 0.146461 0.202445 0.968280
vn 0.000000 -0.116862 0.993148
vn -0.139733 -0.387440 0.911244
vn -0.186798 -0.451403 0.872549
vn -0.532229 -0.246832 0.809819
vn -0.720163 -0.062009 0.691028
vn -0.779790 0.091717 0.619286
vn -0.716661 0.173218 0.675568
vn -0.118111 0.159088 0.980174
vn 0.357313 0.006560 0.933962
vn 0.326339 -0.024397 0.944938
vn 0.046004 0.201838 0.978338
vn -0.237318 0.629199 0.740128
vn -0.208296 0.662644 0.719385
vn -0.198469 0.407213 0.891508
vn -0.272938 0.101045 0.956711
vn -0.237966 0.008371 0.971237
vn -0.274202 0.097511 0.956716
vn -0.378671 0.201295 0.903376
vn -0.684395 0.667737 0.292799
vn -0.693937 0.695001 0.188218
vn -0.850487 0.339417 0.401831
vn -0.730858 -0.310498 0.607814
vn -0.736472 -0.079898 0.671733
vn -0.730544 -0.139757 0.668412
vn -0.305576 -0.852030 0.425051
vn -0.745725 -0.555196 0.368309
vn -0.612365 0.030079 0.790003
vn -0.413439 0.108341 0.904063
vn -0.404650 0.051787 0.913004
vn -0.422338 0.048679 0.905131
vn -0.415332 0.106428 0.903423
vn -0.387898 0.228051 0.893044
vn -0.323610 0.429557 0.843064
vn -0.179686 0.501805 0.846112
vn 0.000000 0.376943 0.926237
vn 0.209213 0.169022 0.963152
vn 0.371770 -0.352592 0.858758
vn 0.406156 -0.588016 0.699482
vn 0.109449 -0.977644 0.179536
vn -0.101748 -0.991369 -0.082679
vn -0.407434 -0.863990 -0.295835
vn -0.319633 -0.928998 -0.186540
vn -0.915760 -0.056592 -0.397721
vn 0.092132 0.992746 -0.077251
vn 0.047540 0.993980 0.098713
vn 0.487419 0.637594 0.596571
vn 0.622095 0.041244 0.781855
vn 0.505334 -0.213974 0.835974
vn 0.302382 -0.565671 0.767191
vn 0.074784 -0.526004 0.847188
vn 0.113934 -0.291259 0.949835
vn 0.168908 -0.151290 0.973951
vn 0.329916 -0.101717 0.938514
vn 0.502056 -0.195611 0.842423
vn 0.600698 -0.438531 0.668470
vn 0.498328 -0.817507 0.288707
vn 0.239622 -0.970171 0.036730
vn 0.157872 -0.987399 0.010921
vn 0.091834 -0.995605 0.018339
vn 0.000000 -0.999922 0.012524
vn -0.115480 -0.992180 0.047368
vn -0.151065 -0.981871 0.114496
vn 0.000000 -0.975487 0.220058
vn 0.313075 -0.881486 0.353506
vn 0.513161 -0.840857 0.172119
vn 0.582565 -0.812687 0.012600
vn 0.589208 -0.794902 -0.144793
vn 0.656481 -0.727327 -0.200071
vn 0.774841 -0.612953 -0.154628
vn 0.873893 -0.477581 -0.090705
vn 0.795381 -0.197834 0.572915
vn 0.958327 -0.238956 0.156556
vn 0.878487 -0.343538 -0.332028
vn 0.760349 -0.095550 -0.642449
vn 0.957543 -0.193787 0.213444
vn 0.781508 -0.287853 0.553522
vn 0.782090 -0.322731 0.533085
vn 0.871794 -0.483720 0.077400
vn 0.861841 -0.425384 0.276184
vn 0.237506 -0.957471 -0.163830
vn 0.326842 -0.670355 0.666182
vn 0.959801 -0.225619 0.166968
vn 0.597518 -0.319743 -0.735348
vn -0.000499 -0.174534 -0.984651
vn -0.352985 0.409612 -0.841201
vn -0.779101 0.444633 -0.441932
vn -0.860428 0.275030 -0.428978
vn -0.802821 0.077638 -0.591144
vn 0.280595 -0.232111 -0.931338
vn 0.814012 -0.247120 -0.525658
vn 0.884301 -0.119701 -0.451312
vn 0.955279 0.038701 -0.293163
vn 0.987217 0.143142 -0.070100
vn 0.989912 0.136634 0.037486
vn 0.981955 0.145867 0.120366
vn 0.962871 0.172613 0.207565
vn 0.956711 0.166374 0.238795
vn 0.930977 0.213938 0.295824
vn 0.876234 0.289494 0.385237
vn 0.818557 0.282117 0.500374
vn 0.623463 0.282692 0.728958
vn 0.468561 0.175602 0.865803
vn 0.282718 -0.231387 0.930876
vn 0.155533 -0.725727 0.670172
vn 0.073854 -0.808546 0.583779
vn 0.022985 -0.740969 0.671146
vn 0.203949 -0.383723 0.900645
vn 0.637591 0.078507 0.766364
vn 0.776012 0.152336 0.612045
vn 0.726967 0.173990 0.664264
vn 0.724339 0.130452 0.676989
vn 0.655214 -0.457674 0.601024
vn 0.002866 -0.999995 0.001204
vn 0.001054 -0.999997 -0.002189
vn 0.000244 -1.000000 0.000384
vn -0.000662 -0.999999 0.000997
vn -0.282604 -0.568155 0.772875
vn -0.333590 0.119103 0.935164
vn -0.317123 0.158228 0.935092
vn -0.373683 0.115974 0.920278
vn -0.228927 0.168817 0.958694
vn 0.065346 -0.238240 0.969006
vn 0.197418 -0.817436 0.541133
vn 0.110632 -0.879155 0.463515
vn 0.124621 -0.773251 0.621734
vn 0.200777 -0.259350 0.944683
vn 0.137993 0.162253 0.977053
vn 0.081165 0.285742 0.954863
vn 0.054843 0.307801 0.949869
vn 0.060276 0.257706 0.964341
vn 0.054465 0.245581 0.967845
vn 0.060258 0.248182 0.966837
vn 0.089785 0.279679 0.955886
vn 0.000000 0.210516 0.977590
vn -0.159578 -0.122056 0.979611
vn -0.238711 -0.353176 0.904590
vn -0.279070 -0.491254 0.825100
vn -0.609222 -0.251157 0.752176
vn -0.710883 -0.069328 0.699885
vn -0.741840 0.054328 0.668373
vn -0.408601 0.127610 0.903748
vn 0.375999 0.030079 0.926132
vn 0.422565 -0.049302 0.904991
vn 0.381392 -0.076968 0.921204
vn 0.279160 -0.083528 0.956605
vn 0.014806 0.190674 0.981542
vn -0.208196 0.660926 0.720993
vn -0.192843 0.629578 0.752624
vn -0.235154 0.343810 0.909119
vn -0.369944 -0.074783 0.926039
vn -0.297796 -0.080131 0.951260
vn -0.283309 0.000566 0.959029
vn -0.342146 0.099762 0.934336
vn -0.593402 0.302509 0.745897
vn -0.809824 0.583997 0.055969
vn -0.809551 0.397770 0.431747
vn -0.793573 -0.388716 0.468125
vn -0.969357 -0.100676 0.224077
vn -0.358885 0.029994 0.932900
vn -0.413491 0.028398 0.910065
vn -0.447592 0.065938 0.891803
vn -0.447708 0.169409 0.877985
vn -0.420605 0.346487 0.838473
vn -0.355622 0.454734 0.816548
vn -0.196819 0.342324 0.918736
vn 0.000001 0.194873 0.980828
vn 0.185734 -0.376533 0.907593
vn 0.319432 -0.575848 0.752571
vn 0.164980 -0.948775 0.269457
vn -0.101458 -0.989922 -0.098794
vn -0.462230 -0.817348 -0.343927
vn -0.844262 -0.036815 -0.534664
vn -0.860243 -0.202143 -0.468102
vn -0.895810 0.026252 -0.443662
vn -0.203136 0.951293 -0.231901
vn -0.053786 0.998252 -0.024515
vn 0.179585 0.953379 0.242523
vn 0.599495 0.292766 0.744912
vn 0.508960 -0.128322 0.851172
vn 0.344848 -0.373217 0.861272
vn 0.101633 -0.732034 0.673645
vn -0.000000 -0.517674 0.855578
vn -0.000000 -0.248122 0.968729
vn 0.000000 -0.131650 0.991296
vn 0.191273 -0.077773 0.978451
vn 0.353345 -0.140465 0.924888
vn 0.481476 -0.349950 0.803564
vn 0.492107 -0.713878 0.498205
vn 0.250593 -0.963844 0.090595
vn 0.138506 -0.990349 0.005055
vn 0.081798 -0.996411 0.021766
vn 0.000000 -0.999870 0.016154
vn -0.096137 -0.995271 0.013893
vn -0.172564 -0.984596 0.028153
vn -0.215009 -0.975802 0.039763
vn -0.210400 -0.960199 0.183710
vn -0.000000 -0.930210 0.367027
vn 0.521007 -0.741491 0.422781
vn 0.625708 -0.752690 0.204809
vn 0.647490 -0.761767 -0.021652
vn 0.632991 -0.747232 -0.202404
vn 0.694160 -0.674489 -0.251408
vn 0.787973 -0.553834 -0.269011
vn 0.669972 -0.313344 0.673018
vn 0.914131 -0.147307 0.377711
vn 0.969961 -0.232925 -0.070155
vn 0.915483 -0.162998 -0.367863
vn 0.978653 -0.027776 0.203635
vn 0.777110 -0.146107 0.612171
vn 0.815885 -0.195069 0.544316
vn 0.833155 -0.192538 0.518441
vn 0.791667 -0.419606 0.444066
vn 0.830093 -0.247930 0.499475
vn 0.900061 -0.327271 0.287722
vn -0.024342 -0.647034 0.762073
vn 0.328244 -0.402838 0.854387
vn 0.949263 -0.299294 0.096549
vn 0.381085 -0.720350 -0.579543
vn -0.043086 -0.668011 -0.742903
vn -0.393978 -0.029594 -0.918643
vn -0.766944 0.345845 -0.540544
vn -0.886580 0.159628 -0.434160
vn -0.705081 -0.166938 -0.689197
vn 0.372803 -0.357085 -0.856451
vn 0.743209 -0.362003 -0.562667
vn 0.839392 -0.263397 -0.475440
vn 0.892986 -0.017520 -0.449744
vn 0.951173 0.130897 -0.279528
vn 0.979287 0.187367 -0.076758
vn 0.979875 0.198631 0.019785
vn 0.969673 0.206875 0.130140
vn 0.960090 0.180832 0.213371
vn 0.938066 0.243820 0.246137
vn 0.885853 0.340033 0.315661
vn 0.822124 0.347219 0.451166
vn 0.653431 0.321495 0.685324
vn 0.472588 0.304042 0.827175
vn 0.307407 0.177164 0.934940
vn 0.043788 -0.874193 0.483600
vn -0.025591 -0.831484 0.554960
vn 0.157686 -0.469635 0.868665
vn 0.604078 0.100605 0.790549
vn 0.729467 0.196527 0.655176
vn 0.641711 0.204361 0.739218
vn 0.632176 0.164283 0.757208
vn 0.578026 -0.448606 0.681644
vn 0.000050 -1.000000 -0.000077
vn 0.000067 -1.000000 -0.000149
vn 0.000017 -1.000000 -0.000019
vn 0.000002 -1.000000 0.000020
vn -0.198811 -0.504218 0.840380
vn -0.211614 0.155064 0.964974
vn -0.194520 0.208250 0.958537
vn -0.287135 0.197236 0.937364
vn -0.145755 0.227430 0.962825
vn 0.120428 -0.348787 0.929433
vn 0.148837 -0.887781 0.435537
vn 0.074124 -0.899852 0.429852
vn 0.206851 0.171391 0.963243
vn 0.130246 0.294096 0.946860
vn 0.096998 0.323090 0.941384
vn 0.102693 0.269467 0.957519
vn 0.098363 0.410880 0.906368
vn 0.062828 0.419240 0.905699
vn 0.039263 0.432833 0.900619
vn 0.018444 0.256003 0.966500
vn 0.000000 0.285532 0.958369
vn -0.146460 0.202445 0.968280
vn -0.341745 -0.079664 0.936410
vn -0.072626 -0.497725 0.864289
vn -0.406211 -0.466319 0.785836
vn -0.548034 -0.254332 0.796852
vn -0.643285 -0.097181 0.759434
vn -0.667062 0.017935 0.744786
vn 0.396854 0.073870 0.914905
vn 0.425862 -0.026026 0.904414
vn 0.376390 -0.054401 0.924863
vn 0.326968 -0.120033 0.937382
vn 0.205815 -0.148917 0.967194
vn -0.040563 0.138069 0.989592
vn -0.183770 0.687281 0.702761
vn -0.185439 0.590655 0.785328
vn -0.280320 0.336599 0.898956
vn -0.370133 0.096361 0.923968
vn -0.473279 -0.102742 0.874901
vn -0.477646 -0.195212 0.856590
vn -0.392518 -0.158558 0.905974
vn -0.305319 -0.052555 0.950799
vn -0.936969 0.348794 0.020788
vn -0.947088 0.139254 0.289193
vn -0.374061 -0.001226 0.927404
vn -0.446788 0.010472 0.894579
vn -0.492433 0.102681 0.864272
vn -0.492547 0.251551 0.833139
vn -0.462629 0.366098 0.807432
vn -0.396447 0.284539 0.872850
vn -0.209214 0.169023 0.963152
vn 0.000000 -0.387041 0.922062
vn 0.161433 -0.610856 0.775109
vn 0.138234 -0.935727 0.324509
vn -0.057854 -0.993270 -0.100337
vn -0.390478 -0.823310 -0.411931
vn -0.788391 -0.022166 -0.614774
vn -0.851850 0.047788 -0.521602
vn -0.882909 0.039605 -0.467872
vn -0.882028 0.119741 -0.455729
vn -0.799607 0.328613 -0.502635
vn -0.350315 0.904491 -0.243258
vn -0.020289 0.999563 0.021492
vn 0.305862 0.865511 0.396660
vn 0.504447 0.085217 0.859227
vn 0.358346 -0.166186 0.918679
vn 0.172330 -0.539819 0.823953
vn -0.000000 -0.793813 0.608161
vn -0.074784 -0.526000 0.847190
vn -0.113933 -0.291256 0.949836
vn -0.168907 -0.151289 0.973952
vn -0.000000 -0.073649 0.997284
vn 0.194921 -0.112143 0.974387
vn 0.338382 -0.293375 0.894108
vn 0.406958 -0.562946 0.719359
vn 0.286116 -0.921859 0.261370
vn 0.132749 -0.990905 0.022030
vn 0.072338 -0.997355 0.007061
vn 0.000000 -0.999724 0.023476
vn -0.091834 -0.995605 0.018343
vn -0.166066 -0.985838 0.023343
vn -0.233477 -0.972047 0.024744
vn -0.284686 -0.958325 -0.023796
vn -0.314097 -0.946386 0.075483
vn -0.313075 -0.881486 0.353506
vn 0.000000 -0.722010 0.691882
vn 0.268394 -0.666992 0.695045
vn 0.486803 -0.532157 0.692699
vn 0.660136 -0.582775 0.473914
vn 0.723388 -0.662028 0.196033
vn 0.699472 -0.710063 -0.080932
vn 0.671219 -0.696822 -0.252791
vn 0.752780 -0.599853 -0.271105
vn 0.334642 -0.721602 0.606057
vn 0.717110 -0.136939 0.683375
vn 0.829979 0.066744 0.553787
vn 0.994276 -0.106682 0.005855
vn 0.966352 -0.242559 -0.085608
vn 0.956756 -0.024699 0.289840
vn 0.843955 0.005595 0.536385
vn 0.775066 -0.133666 0.617581
vn 0.988411 -0.075905 -0.131461
vn 0.998696 -0.024827 -0.044618
vn 0.940167 -0.080091 0.331166
vn 0.887256 -0.376030 0.267168
vn 0.070443 -0.297282 0.952188
vn 0.601110 -0.129260 0.788644
vn 0.885157 -0.462277 0.052881
vn 0.395967 -0.836384 -0.379041
vn 0.032187 -0.866802 -0.497613
vn -0.515137 -0.500851 -0.695545
vn -0.848074 0.155191 -0.506643
vn -0.914979 -0.010094 -0.403376
vn -0.338404 -0.557384 -0.758159
vn 0.440192 -0.568910 -0.694674
vn 0.689163 -0.493908 -0.530198
vn 0.784579 -0.391375 -0.480896
vn 0.751755 -0.306717 -0.583771
vn 0.778210 -0.177722 -0.602333
vn 0.792250 -0.050127 -0.608134
vn 0.890190 0.098163 -0.444890
vn 0.949114 0.197644 -0.245192
vn 0.966475 0.244309 -0.078983
vn 0.965774 0.258799 0.017426
vn 0.962643 0.235351 0.133900
vn 0.937176 0.310471 0.159089
vn 0.888737 0.410616 0.203817
vn 0.815157 0.416856 0.402182
vn 0.699314 0.399506 0.592751
vn 0.479931 0.345007 0.806620
vn 0.319223 0.305002 0.897257
vn -0.002772 -0.897924 0.440142
vn 0.146695 -0.496046 0.855815
vn 0.519753 0.165607 0.838112
vn 0.660911 0.223847 0.716303
vn 0.538805 0.229543 0.810555
vn 0.532285 0.193077 0.824254
vn 0.493765 -0.445137 0.747027
vn -0.000044 -1.000000 0.000017
vn 0.000044 -1.000000 -0.000066
vn 0.000009 -1.000000 -0.000039
vn -0.004076 -0.999975 -0.005771
vn -0.104768 -0.422574 0.900253
vn -0.096412 0.189026 0.977228
vn -0.080950 0.247028 0.965621
vn -0.179764 0.261523 0.948309
vn -0.057031 0.255755 0.965058
vn 0.163688 -0.455875 0.874862
vn 0.067029 -0.916980 0.393262
vn 0.209505 0.295162 0.932195
vn 0.135415 0.332611 0.933291
vn 0.130398 0.283337 0.950114
vn 0.132394 0.408226 0.903229
vn 0.098258 0.743326 0.661673
vn 0.066103 0.756107 0.651101
vn 0.043060 0.750667 0.659276
vn 0.007539 0.432203 0.901745
vn -0.000000 0.262517 0.964927
vn -0.089785 0.279679 0.955886
vn -0.310152 0.183747 0.932761
vn 0.100569 -0.062607 0.992958
vn -0.220605 -0.613212 0.758488
vn -0.404325 -0.418633 0.813183
vn -0.448575 -0.257477 0.855854
vn -0.212499 -0.145037 0.966338
vn -0.431764 -0.042275 0.900995
vn 0.050952 0.655888 0.753137
vn 0.301933 0.669297 0.678879
vn 0.430685 0.019103 0.902300
vn 0.376440 -0.018468 0.926257
vn 0.319914 -0.069141 0.944921
vn 0.225398 -0.164929 0.960205
vn 0.087767 -0.207517 0.974286
vn -0.111959 0.141442 0.983595
vn -0.142677 0.686637 0.712863
vn -0.185109 0.561520 0.806493
vn -0.348460 0.327212 0.878355
vn -0.490439 0.065939 0.868977
vn -0.586974 -0.130564 0.799009
vn -0.553964 -0.224666 0.801654
vn -0.571565 -0.274684 0.773216
vn -0.508852 -0.216857 0.833092
vn -0.359743 -0.110940 0.926433
vn -0.400918 -0.051044 0.914691
vn -0.507095 0.015299 0.861754
vn -0.547822 0.152855 0.822512
vn -0.540160 0.256986 0.801365
vn -0.507200 0.206562 0.836708
vn -0.413677 0.116657 0.902919
vn -0.185733 -0.376541 0.907590
vn -0.000000 -0.628417 0.777877
vn 0.065010 -0.936129 0.345595
vn -0.033931 -0.995203 -0.091759
vn -0.261726 -0.845767 -0.464950
vn -0.658487 -0.101812 -0.745674
vn -0.771841 0.009307 -0.635748
vn -0.839973 0.058745 -0.539439
vn -0.904550 0.044078 -0.424084
vn -0.926903 0.143430 -0.346811
vn -0.855743 0.255472 -0.449931
vn -0.787651 0.321535 -0.525567
vn -0.328516 0.912995 -0.241905
vn 0.052511 0.995489 0.079023
vn 0.320249 0.772772 0.547963
vn 0.349468 0.001677 0.936947
vn 0.204100 -0.150361 0.967334
vn 0.000001 -0.606108 0.795383
vn -0.101633 -0.732030 0.673649
vn -0.284720 -0.501174 0.817165
vn -0.295676 -0.333185 0.895301
vn -0.310253 -0.173112 0.934759
vn -0.191273 -0.077773 0.978451
vn -0.000001 -0.106437 0.994319
vn 0.185341 -0.270241 0.944785
vn 0.287277 -0.486559 0.825065
vn 0.293284 -0.810610 0.506849
vn 0.138504 -0.982828 0.121923
vn 0.069062 -0.997597 0.005621
vn 0.000000 -0.999988 0.004808
vn -0.081798 -0.996411 0.021767
vn -0.168216 -0.985414 0.025742
vn -0.218026 -0.974983 0.043280
vn -0.403079 -0.911351 0.083467
vn -0.416871 -0.908959 0.003414
vn -0.348867 -0.935862 -0.049533
vn -0.418394 -0.897577 0.138929
vn -0.268394 -0.666992 0.695045
vn 0.000000 -0.395288 0.918557
vn 0.245994 -0.364544 0.898106
vn 0.422006 -0.308202 0.852597
vn 0.642019 -0.359313 0.677279
vn 0.761406 -0.446012 0.470462
vn 0.799470 -0.586663 0.129129
vn 0.732609 -0.660495 -0.164409
vn 0.712299 -0.629365 -0.310692
vn 0.467284 -0.874761 0.128213
vn 0.146669 -0.767186 0.624431
vn 0.932449 -0.254264 0.256689
vn 0.910245 0.104067 0.400779
vn 0.947949 0.178361 0.263779
vn 0.988784 -0.124720 0.082161
vn 0.850531 -0.069505 0.521311
vn 0.846328 0.023380 0.532149
vn 0.799829 0.011114 0.600125
vn 0.986081 -0.138139 0.092533
vn 0.985000 -0.151714 0.082208
vn 0.447968 -0.029107 0.893576
vn 0.901507 -0.053703 0.429419
vn 0.914556 -0.356411 0.191203
vn 0.525353 -0.850611 -0.021565
vn 0.184444 -0.921724 -0.341182
vn -0.406465 -0.696190 -0.591698
vn -0.893391 -0.103201 -0.437267
vn -0.863461 -0.175847 -0.472771
vn 0.197203 -0.757084 -0.622844
vn 0.588499 -0.671348 -0.450511
vn 0.716290 -0.561676 -0.414065
vn 0.728180 -0.475827 -0.493297
vn 0.689664 -0.439628 -0.575404
vn 0.521409 -0.365720 -0.770961
vn 0.560316 -0.227552 -0.796408
vn 0.595921 -0.094912 -0.797415
vn 0.800825 0.068398 -0.594980
vn 0.888402 0.176903 -0.423612
vn 0.942392 0.255210 -0.216252
vn 0.953523 0.291823 -0.075054
vn 0.952748 0.303201 0.018465
vn 0.925992 0.375938 0.034788
vn 0.883989 0.461419 0.075205
vn 0.818561 0.503486 0.276513
vn 0.727348 0.479450 0.491012
vn 0.539331 0.398085 0.742058
vn 0.341654 0.348768 0.872716
vn 0.155900 -0.508804 0.846649
vn 0.406647 0.225733 0.885259
vn 0.551200 0.262873 0.791882
vn 0.424908 0.255957 0.868297
vn 0.421063 0.206539 0.883203
vn 0.390267 -0.413888 0.822429
vn 0.002289 -0.999970 -0.007426
vn -0.000024 -1.000000 0.000046
vn -0.003311 -0.999973 -0.006569
vn -0.006681 -0.999855 -0.015688
vn 0.033375 -0.365599 0.930174
vn 0.040318 0.213121 0.976194
vn 0.049441 0.275510 0.960026
vn -0.076935 0.299143 0.951102
vn 0.071411 0.273442 0.959234
vn 0.170218 -0.484231 0.858223
vn 0.222219 0.340348 0.913664
vn 0.178420 0.307954 0.934522
vn 0.180318 0.425005 0.887049
vn 0.139398 0.728153 0.671089
vn 0.100363 0.867771 0.486724
vn 0.065178 0.872870 0.483581
vn 0.042599 0.876623 0.479288
vn 0.020478 0.762943 0.646142
vn -0.000000 0.427838 0.903856
vn -0.018444 0.256003 0.966500
vn -0.183887 0.257925 0.948504
vn -0.011047 0.180157 0.983576
vn 0.318582 -0.017556 0.947733
vn 0.199137 -0.387154 0.900253
vn -0.139548 -0.670670 0.728511
vn -0.290044 -0.569445 0.769160
vn -0.324150 -0.356896 0.876100
vn -0.085088 -0.198048 0.976492
vn 0.124127 -0.779785 0.613619
vn -0.825589 0.026818 0.563634
vn -0.193145 0.972317 0.131507
vn -0.029130 0.999371 0.020207
vn 0.353317 0.607306 0.711580
vn 0.321504 0.540711 0.777346
vn 0.310390 -0.028745 0.950175
vn 0.201081 -0.083229 0.976032
vn 0.087944 -0.200131 0.975814
vn -0.041288 -0.238591 0.970242
vn -0.181807 0.146031 0.972431
vn -0.116131 0.663188 0.739389
vn -0.206326 0.543754 0.813487
vn -0.406640 0.324875 0.853874
vn -0.593540 0.043305 0.803639
vn -0.707920 -0.158324 0.688319
vn -0.653773 -0.232053 0.720231
vn -0.612424 -0.317131 0.724130
vn -0.647492 -0.303654 0.698963
vn -0.607260 -0.242633 0.756548
vn -0.442225 -0.162576 0.882047
vn -0.461855 -0.081369 0.883215
vn -0.568779 0.030171 0.821937
vn -0.600269 0.132411 0.788762
vn -0.577721 0.088051 0.811471
vn -0.525896 0.032757 0.849918
vn -0.371771 -0.352595 0.858757
vn -0.161433 -0.610857 0.775109
vn -0.000000 -0.934985 0.354688
vn -0.026810 -0.995451 -0.091428
vn -0.177217 -0.872048 -0.456209
vn -0.481593 -0.141337 -0.864923
vn -0.659781 -0.005736 -0.751436
vn -0.751524 0.029039 -0.659066
vn -0.827569 -0.051931 -0.558957
vn -0.890226 -0.033118 -0.454314
vn -0.952294 0.034776 -0.303194
vn -0.945830 0.151839 -0.286969
vn -0.891240 0.257425 -0.373396
vn -0.809124 0.231174 -0.540256
vn -0.736915 0.341610 -0.583317
vn -0.236374 0.932603 -0.272726
vn 0.081535 0.987238 0.136800
vn 0.238385 0.713153 0.659231
vn 0.194066 -0.007361 0.980961
vn 0.000001 -0.138673 0.990338
vn -0.172329 -0.539818 0.823954
vn -0.302387 -0.565676 0.767185
vn -0.466244 -0.438178 0.768516
vn -0.447924 -0.310641 0.838371
vn -0.441560 -0.175642 0.879872
vn -0.329918 -0.101718 0.938514
vn -0.194921 -0.112143 0.974387
vn -0.000000 -0.260042 0.965597
vn 0.172691 -0.468001 0.866691
vn 0.222726 -0.802300 0.553812
vn 0.074783 -0.992018 0.101531
vn -0.000000 -0.999999 -0.001541
vn -0.072338 -0.997355 0.007061
vn -0.157872 -0.987399 0.010919
vn -0.220207 -0.974466 0.043876
vn -0.393084 -0.911337 0.122266
vn -0.632899 -0.737238 0.236473
vn -0.628253 -0.761983 0.157101
vn -0.441267 -0.894485 -0.071973
vn -0.426670 -0.903803 -0.033072
vn -0.513161 -0.840856 0.172123
vn -0.521006 -0.741490 0.422782
vn -0.486803 -0.532156 0.692699
vn -0.245994 -0.364544 0.898106
vn -0.000000 -0.105095 0.994462
vn 0.220068 -0.092499 0.971089
vn 0.384689 -0.073435 0.920120
vn 0.572329 -0.218358 0.790417
vn 0.727324 -0.249241 0.639436
vn 0.857005 -0.326578 0.398610
vn 0.844778 -0.534670 -0.021882
vn 0.753548 -0.612386 -0.239059
vn 0.555960 -0.826802 -0.085478
vn -0.268538 -0.897571 0.349649
vn 0.913261 0.073610 0.400671
vn 0.785557 0.290186 0.546527
vn 0.946137 0.168992 0.276165
vn 0.779245 -0.039509 0.625473
vn 0.808489 0.088989 0.581745
vn 0.941551 -0.140495 0.306175
vn 0.992298 -0.103360 -0.068277
vn 0.869740 0.204436 0.449175
vn -0.284483 -0.785627 -0.549418
vn -0.850082 -0.227218 -0.475114
vn -0.694199 -0.333065 -0.638088
vn 0.533039 -0.692560 -0.486035
vn 0.732180 -0.598433 -0.325254
vn 0.763829 -0.555550 -0.328526
vn 0.720842 -0.506493 -0.473130
vn 0.632496 -0.503892 -0.588253
vn 0.457037 -0.498890 -0.736360
vn 0.274173 -0.406950 -0.871333
vn 0.310327 -0.253974 -0.916075
vn 0.320928 -0.130662 -0.938047
vn 0.618988 0.024067 -0.785032
vn 0.805876 0.152881 -0.572006
vn 0.888152 0.237945 -0.393152
vn 0.933781 0.301293 -0.193070
vn 0.940545 0.332915 -0.067396
vn 0.914192 0.402582 -0.046703
vn 0.866981 0.497639 -0.026452
vn 0.818423 0.557068 0.140923
vn 0.726688 0.583233 0.362992
vn 0.609257 0.508448 0.608512
vn 0.394902 0.363592 0.843714
vn 0.292574 0.270647 0.917143
vn 0.429123 0.306277 0.849734
vn 0.291131 0.277120 0.915668
vn 0.290823 0.211096 0.933199
vn 0.273391 -0.380161 0.883592
vn -0.000763 -0.999834 -0.018216
vn 0.001302 -0.999969 -0.007828
vn -0.005544 -0.999807 -0.018868
vn -0.004446 -0.999707 -0.023786
vn 0.157214 -0.360967 0.919232
vn 0.164172 0.215651 0.962571
vn 0.162523 0.286574 0.944173
vn 0.055945 0.327962 0.943033
vn 0.179800 0.281018 0.942709
vn 0.267404 0.337979 0.902366
vn 0.242528 0.458703 0.854852
vn 0.207775 0.727717 0.653650
vn 0.138629 0.864921 0.482383
vn 0.110916 0.937526 0.329761
vn 0.070074 0.936520 0.343541
vn 0.032656 0.937160 0.347369
vn 0.028809 0.874705 0.483799
vn 0.000000 0.761563 0.648090
vn -0.007539 0.432203 0.901745
vn -0.060258 0.248182 0.966838
vn -0.033804 0.254339 0.966524
vn 0.177650 0.204220 0.962671
vn 0.059670 0.075120 0.995388
vn 0.004137 -0.388864 0.921286
vn -0.116306 -0.732652 0.670592
vn -0.267875 -0.661001 0.700942
vn -0.283138 -0.450893 0.846480
vn -0.011455 -0.210850 0.977451
vn 0.370171 -0.064227 0.926741
vn 0.414100 -0.072468 0.907342
vn 0.225740 -0.843874 0.486743
vn -0.090053 -0.994373 0.055790
vn -0.815494 0.184552 0.548553
vn -0.155416 0.982485 0.102804
vn -0.023522 0.999595 0.016006
vn 0.004651 0.999986 -0.002623
vn -0.000013 1.000000 -0.000055
vn 0.264015 0.521807 0.811181
vn 0.191384 -0.035355 0.980878
vn 0.057888 -0.098575 0.993445
vn -0.047655 -0.212544 0.975989
vn -0.177866 -0.250005 0.951767
vn -0.261595 0.161928 0.951497
vn -0.125857 0.639275 0.758609
vn -0.233368 0.527815 0.816670
vn -0.471951 0.291378 0.832082
vn -0.720118 0.003444 0.693843
vn -0.826757 -0.180049 0.532968
vn -0.777399 -0.228202 0.586152
vn -0.697095 -0.323615 0.639791
vn -0.664801 -0.363549 0.652588
vn -0.697970 -0.346914 0.626489
vn -0.669316 -0.311642 0.674459
vn -0.534820 -0.195229 0.822103
vn -0.531751 -0.114357 0.839144
vn -0.618935 -0.040022 0.784422
vn -0.626199 -0.055503 0.777685
vn -0.585326 -0.080982 0.806744
vn -0.460805 -0.377087 0.803408
vn -0.319432 -0.575848 0.752571
vn -0.065011 -0.936128 0.345597
vn -0.000000 -0.996212 -0.086957
vn -0.096937 -0.891437 -0.442655
vn -0.349293 -0.141153 -0.926321
vn -0.494465 0.015362 -0.869062
vn -0.655054 0.015342 -0.755427
vn -0.740922 -0.044394 -0.670122
vn -0.343461 -0.853031 -0.392903
vn -0.691494 -0.597948 -0.405332
vn -0.949591 0.018257 -0.312959
vn -0.962001 0.044771 -0.269350
vn -0.953187 0.133749 -0.271193
vn -0.926456 0.228411 -0.299178
vn -0.811532 0.250559 -0.527861
vn -0.766414 0.227142 -0.600847
vn -0.601863 0.416558 -0.681352
vn -0.157736 0.949623 -0.270806
vn 0.068131 0.981809 0.177224
vn 0.131848 0.673934 0.726932
vn 0.000000 0.000746 1.000000
vn -0.204094 -0.150357 0.967336
vn -0.344856 -0.373226 0.861265
vn -0.494050 -0.408657 0.767408
vn -0.580383 -0.330358 0.744325
vn -0.544025 -0.260209 0.797702
vn -0.543410 -0.184138 0.819023
vn -0.469201 -0.145750 0.870981
vn -0.353344 -0.140465 0.924888
vn -0.185341 -0.270241 0.944785
vn -0.000000 -0.464756 0.885439
vn 0.132317 -0.832906 0.537363
vn -0.000000 -0.994730 0.102526
vn -0.069062 -0.997597 0.005626
vn -0.138506 -0.990349 0.005054
vn -0.230710 -0.972767 0.022288
vn -0.396188 -0.907603 0.138895
vn -0.643958 -0.714946 0.272341
vn -0.734034 -0.576200 0.359428
vn -0.737814 -0.600049 0.309147
vn -0.612850 -0.787801 0.061516
vn -0.471731 -0.876819 -0.093049
vn -0.510222 -0.860032 0.004385
vn -0.625709 -0.752690 0.204808
vn -0.660135 -0.582774 0.473916
vn -0.642018 -0.359313 0.677279
vn -0.422006 -0.308202 0.852598
vn -0.220068 -0.092500 0.971089
vn -0.000000 0.078759 0.996894
vn 0.184373 0.093814 0.978369
vn 0.343046 0.116458 0.932071
vn 0.501386 -0.033730 0.864566
vn 0.664060 -0.129872 0.736313
vn 0.822844 -0.154199 0.546946
vn 0.951766 -0.234965 0.197313
vn 0.845968 -0.518322 -0.125219
vn 0.260680 -0.951113 -0.165620
vn -0.582472 -0.809071 0.078298
vn 0.793142 0.297549 0.531403
vn 0.770913 0.167752 0.614453
vn 0.845637 -0.017958 0.533457
vn 0.957040 -0.287378 0.038573
vn -0.609626 -0.471838 -0.636965
vn -0.724630 -0.399067 -0.561834
vn 0.775949 -0.554670 -0.300407
vn 0.713544 -0.517917 -0.471823
vn 0.604206 -0.512910 -0.609802
vn 0.417842 -0.543797 -0.727801
vn 0.239543 -0.529884 -0.813537
vn 0.107572 -0.437123 -0.892945
vn 0.134045 -0.260580 -0.956101
vn 0.140506 -0.128950 -0.981647
vn 0.332351 -0.011715 -0.943083
vn 0.642822 0.136061 -0.753835
vn 0.805869 0.228637 -0.546168
vn 0.883055 0.301272 -0.359790
vn 0.918747 0.354897 -0.173066
vn 0.891240 0.426574 -0.154034
vn 0.835622 0.535654 -0.121696
vn 0.801303 0.598173 0.010148
vn 0.719072 0.661250 0.213738
vn 0.617112 0.655145 0.435841
vn 0.445273 0.510694 0.735475
vn 0.296552 0.337930 0.893230
vn -0.005509 -0.999698 -0.023942
vn -0.002541 -0.999789 -0.020402
vn -0.004348 -0.999600 -0.027964
vn -0.004215 -0.999666 -0.025501
vn 0.167008 0.344551 0.923793
vn 0.315554 0.489528 0.812888
vn 0.281542 0.729858 0.622929
vn 0.214357 0.855946 0.470539
vn 0.159840 0.935823 0.314145
vn 0.103673 0.989009 0.105422
vn 0.067165 0.992033 0.106577
vn 0.034626 0.993674 0.106834
vn 0.000000 0.940871 0.338764
vn 0.000000 0.872394 0.488803
vn -0.020478 0.762942 0.646143
vn -0.039264 0.432833 0.900619
vn -0.054465 0.245581 0.967845
vn 0.064031 0.280393 0.957747
vn -0.010845 0.255681 0.966700
vn -0.053115 0.133873 0.989574
vn -0.072249 -0.355832 0.931753
vn -0.094813 -0.774987 0.624825
vn -0.204373 -0.747428 0.632126
vn -0.286207 -0.587557 0.756877
vn -0.000200 -0.156479 0.987681
vn 0.324799 -0.027021 0.945397
vn 0.449821 0.042098 0.892126
vn 0.464183 0.014741 0.885617
vn 0.341929 -0.694276 0.633298
vn -0.012088 -0.999894 0.008139
vn -0.064988 -0.997036 0.041177
vn 0.004050 0.999989 -0.002395
vn -0.000014 1.000000 -0.000070
vn 0.000005 1.000000 -0.000037
vn 0.165270 0.464645 0.869937
vn 0.045333 -0.043231 0.998036
vn -0.068938 -0.105401 0.992037
vn -0.176853 -0.218307 0.959721
vn -0.315773 -0.245828 0.916437
vn -0.334888 0.197663 0.921292
vn -0.150429 0.598318 0.787011
vn -0.239183 0.485816 0.840699
vn -0.554382 0.255800 0.791977
vn -0.836656 -0.007841 0.547672
vn -0.904105 -0.165592 0.393922
vn -0.865228 -0.236341 0.442180
vn -0.813537 -0.298547 0.499027
vn -0.725578 -0.387781 0.568474
vn -0.716921 -0.388009 0.579200
vn -0.725894 -0.393240 0.564305
vn -0.703802 -0.368930 0.607086
vn -0.616106 -0.296780 0.729613
vn -0.551326 -0.203657 0.809051
vn -0.622454 -0.274576 0.732911
vn -0.618654 -0.220743 0.754015
vn -0.501215 -0.455086 0.735990
vn -0.406154 -0.588013 0.699486
vn -0.138234 -0.935727 0.324511
vn 0.026810 -0.995451 -0.091428
vn 0.000000 -0.898190 -0.439608
vn -0.199759 -0.140299 -0.969749
vn -0.358710 0.043775 -0.932422
vn -0.503190 0.016376 -0.864020
vn -0.573218 -0.265401 -0.775232
vn -0.135016 -0.979689 -0.148256
vn -0.357098 -0.918535 -0.169633
vn -0.947870 -0.033113 -0.316932
vn -0.962718 0.020505 -0.269730
vn -0.976265 0.048256 -0.211136
vn -0.971137 0.116494 -0.208140
vn -0.936531 0.186126 -0.297098
vn -0.913642 0.237040 -0.330259
vn -0.845501 0.351979 -0.401545
vn -0.778457 0.393451 -0.489082
vn -0.771685 0.245081 -0.586888
vn -0.644119 0.188472 -0.741342
vn -0.448702 0.505863 -0.736729
vn -0.109520 0.953853 -0.279588
vn 0.040337 0.978140 0.203999
vn -0.000000 0.671180 0.741294
vn -0.194065 -0.007359 0.980961
vn -0.358343 -0.166184 0.918680
vn -0.505341 -0.213980 0.835969
vn -0.620868 -0.289267 0.728593
vn -0.622379 -0.226811 0.749134
vn -0.597668 -0.234084 0.766811
vn -0.617560 -0.208591 0.758360
vn -0.570641 -0.187021 0.799620
vn -0.502053 -0.195609 0.842425
vn -0.338381 -0.293375 0.894108
vn -0.172691 -0.468000 0.866691
vn 0.000000 -0.833704 0.552211
vn -0.074783 -0.992017 0.101535
vn -0.132749 -0.990905 0.022032
vn -0.239622 -0.970171 0.036731
vn -0.425471 -0.895406 0.131234
vn -0.654415 -0.690932 0.307171
vn -0.741170 -0.545217 0.391670
vn -0.752662 -0.491123 0.438519
vn -0.766168 -0.505469 0.396846
vn -0.739058 -0.625037 0.251241
vn -0.596881 -0.802293 0.007678
vn -0.502198 -0.859850 -0.091947
vn -0.582565 -0.812687 0.012600
vn -0.723388 -0.662029 0.196031
vn -0.761407 -0.446013 0.470459
vn -0.727324 -0.249241 0.639436
vn -0.572329 -0.218357 0.790418
vn -0.384689 -0.073436 0.920120
vn -0.184373 0.093814 0.978369
vn -0.000000 0.137519 0.990499
vn 0.137188 0.162272 0.977163
vn 0.287359 0.216711 0.932985
vn 0.435214 0.133942 0.890308
vn 0.586178 0.022944 0.809858
vn 0.763815 -0.056319 0.642973
vn 0.942330 -0.058788 0.329481
vn 0.980960 -0.188130 0.048220
vn 0.844145 -0.473914 -0.250647
vn -0.727161 -0.616620 -0.301689
vn 0.866697 -0.236940 0.438972
vn 0.720099 -0.503175 -0.477778
vn 0.593354 -0.501846 -0.629351
vn 0.413630 -0.520051 -0.747300
vn 0.234207 -0.553113 -0.799508
vn 0.082175 -0.537456 -0.839279
vn 0.000000 -0.455679 -0.890144
vn 0.000000 -0.262736 -0.964868
vn 0.000000 -0.125597 -0.992081
vn 0.141168 -0.026299 -0.989636
vn 0.343013 0.113885 -0.932401
vn 0.647713 0.229937 -0.726359
vn 0.792391 0.313682 -0.523183
vn 0.861879 0.381576 -0.334014
vn 0.834250 0.458647 -0.306055
vn 0.780304 0.567513 -0.262784
vn 0.768255 0.633105 -0.094669
vn 0.707634 0.703235 0.068661
vn 0.611166 0.738850 0.283860
vn 0.466068 0.716348 0.519255
vn -0.006919 -0.999588 -0.027872
vn -0.004895 -0.999545 -0.029779
vn 0.347704 0.735943 0.580939
vn 0.291047 0.848100 0.442739
vn 0.232650 0.927864 0.291449
vn 0.159682 0.981320 0.107296
vn 0.154450 0.987955 0.009538
vn 0.061344 0.998098 0.006114
vn -0.000000 0.999981 0.006168
vn -0.000000 0.994736 0.102476
vn -0.032656 0.937160 0.347368
vn -0.028809 0.874705 0.483798
vn -0.043060 0.750666 0.659277
vn -0.062828 0.419240 0.905699
vn -0.060276 0.257706 0.964341
vn -0.054843 0.307802 0.949869
vn -0.081165 0.285743 0.954863
vn -0.137992 0.162252 0.977053
vn -0.132616 -0.306653 0.942538
vn -0.101179 -0.786876 0.608760
vn -0.140982 -0.826128 0.545561
vn -0.235114 -0.716080 0.657230
vn -0.022014 -0.180589 0.983312
vn 0.289256 0.070479 0.954654
vn 0.423122 0.048423 0.904778
vn 0.407088 0.100580 0.907834
vn 0.426531 0.073777 0.901459
vn 0.351439 -0.607884 0.712016
vn 0.000267 -0.999999 0.001519
vn -0.010114 -0.999925 0.006839
vn 0.000005 1.000000 -0.000065
vn -0.004235 0.999966 0.007037
vn 0.036191 0.424986 0.904476
vn -0.074337 -0.052302 0.995861
vn -0.180265 -0.108696 0.977594
vn -0.303655 -0.207528 0.929906
vn -0.449802 -0.215230 0.866807
vn -0.393413 0.243852 0.886432
vn -0.146101 0.522771 0.839860
vn -0.251370 0.427417 0.868405
vn -0.605233 0.259280 0.752640
vn -0.851450 0.087550 0.517076
vn -0.934316 -0.056128 0.351998
vn -0.943078 -0.148327 0.297664
vn -0.910770 -0.230814 0.342378
vn -0.883988 -0.278607 0.375424
vn -0.821059 -0.363004 0.440557
vn -0.752817 -0.416275 0.509884
vn -0.750505 -0.417102 0.512609
vn -0.746118 -0.431083 0.507420
vn -0.733081 -0.397921 0.551590
vn -0.658180 -0.346181 0.668549
vn -0.577596 -0.273289 0.769218
vn -0.433881 -0.267295 0.860407
vn -0.473359 -0.456286 0.753481
vn -0.594171 -0.463774 0.657172
vn -0.511039 -0.568779 0.644460
vn -0.417318 -0.665719 0.618599
vn -0.164977 -0.948776 0.269457
vn 0.033931 -0.995203 -0.091759
vn 0.096938 -0.891433 -0.442662
vn 0.000001 -0.141732 -0.989905
vn -0.202251 0.060139 -0.977486
vn -0.369702 0.026969 -0.928759
vn -0.479222 -0.294890 -0.826672
vn -0.176061 -0.900813 -0.396911
vn -0.068665 -0.987243 -0.143654
vn -0.116903 -0.987967 -0.101262
vn -0.341318 -0.931377 -0.126647
vn -0.952472 -0.153854 -0.262919
vn -0.977336 0.003242 -0.211672
vn -0.995735 0.039536 -0.083356
vn -0.991854 0.088851 -0.091280
vn -0.963884 0.150496 -0.219725
vn -0.922081 0.223931 -0.315628
vn -0.845842 0.394518 -0.359035
vn -0.705616 0.603701 -0.371015
vn -0.381507 0.862165 -0.333352
vn -0.747682 0.380707 -0.544089
vn -0.672729 0.225949 -0.704544
vn -0.517294 0.138113 -0.844590
vn -0.329430 0.520310 -0.787879
vn -0.054268 0.956407 -0.286952
vn -0.000000 0.978840 0.204625
vn -0.131849 0.673933 0.726932
vn -0.349468 0.001678 0.936947
vn -0.508956 -0.128322 0.851174
vn -0.625620 -0.100853 0.773581
vn -0.661883 -0.150754 0.734291
vn -0.611225 -0.174727 0.771929
vn -0.628637 -0.243853 0.738479
vn -0.666150 -0.246178 0.704018
vn -0.664857 -0.239603 0.707500
vn -0.605877 -0.253359 0.754137
vn -0.481474 -0.349949 0.803566
vn -0.287277 -0.486559 0.825065
vn -0.132317 -0.832906 0.537364
vn -0.138504 -0.982828 0.121927
vn -0.250593 -0.963844 0.090596
vn -0.465040 -0.867996 0.174130
vn -0.679393 -0.659248 0.322208
vn -0.749744 -0.512561 0.418528
vn -0.748545 -0.464761 0.472945
vn -0.766779 -0.453889 0.453910
vn -0.780219 -0.512530 0.358569
vn -0.743888 -0.638116 0.198593
vn -0.600328 -0.799326 -0.026163
vn -0.541573 -0.834608 -0.100642
vn -0.647490 -0.761766 -0.021652
vn -0.799470 -0.586663 0.129129
vn -0.857005 -0.326578 0.398610
vn -0.822844 -0.154199 0.546946
vn -0.664061 -0.129872 0.736313
vn -0.501387 -0.033730 0.864565
vn -0.343046 0.116458 0.932071
vn -0.137188 0.162272 0.977163
vn -0.000000 0.228994 0.973428
vn 0.092933 0.237936 0.966825
vn 0.222855 0.281863 0.933215
vn 0.371029 0.260536 0.891324
vn 0.510992 0.157806 0.844976
vn 0.691286 0.088615 0.717127
vn 0.895613 0.016641 0.444522
vn 0.987432 0.010282 0.157712
vn 0.980405 -0.145301 -0.133017
vn 0.801202 -0.351799 -0.484059
vn 0.630152 -0.438145 -0.641044
vn 0.452695 -0.453777 -0.767564
vn 0.255159 -0.501403 -0.826734
vn 0.084959 -0.537056 -0.839257
vn 0.000000 -0.541528 -0.840682
vn -0.107572 -0.437123 -0.892945
vn -0.134045 -0.260580 -0.956101
vn -0.140506 -0.128950 -0.981647
vn 0.000000 -0.034977 -0.999388
vn 0.147907 0.096302 -0.984302
vn 0.360987 0.204442 -0.909885
vn 0.635243 0.329103 -0.698683
vn 0.772356 0.393591 -0.498551
vn 0.749856 0.479038 -0.456331
vn 0.692410 0.596867 -0.405363
vn 0.720329 0.661400 -0.208989
vn 0.689435 0.722347 -0.053789
vn 0.607329 0.783863 0.129266
vn 0.475357 0.806093 0.352491
vn 0.361430 0.841038 0.402522
vn 0.294704 0.919368 0.260599
vn 0.229916 0.967629 0.104078
vn 0.267187 0.957833 0.105676
vn 0.239970 0.970766 0.005191
vn 0.146189 0.983825 -0.103519
vn 0.058424 0.991904 -0.112751
vn 0.000000 0.993427 -0.114466
vn -0.061344 0.998098 0.006113
vn -0.067165 0.992034 0.106575
vn -0.034626 0.993674 0.106835
vn -0.070073 0.936520 0.343540
vn -0.065178 0.872870 0.483581
vn -0.042599 0.876624 0.479287
vn -0.066103 0.756106 0.651102
vn -0.098363 0.410880 0.906368
vn -0.102693 0.269467 0.957518
vn -0.096998 0.323090 0.941384
vn -0.130245 0.294097 0.946860
vn -0.206850 0.171389 0.963244
vn -0.200776 -0.259349 0.944683
vn -0.124620 -0.773251 0.621734
vn -0.110632 -0.879158 0.463510
vn -0.197419 -0.817440 0.541126
vn -0.065346 -0.238241 0.969005
vn 0.228928 0.168818 0.958693
vn 0.373682 0.115973 0.920278
vn 0.317121 0.158227 0.935093
vn 0.333590 0.119103 0.935164
vn 0.282608 -0.568164 0.772867
vn 0.000662 -0.999999 0.001007
vn -0.000244 -1.000000 0.000384
vn -0.003083 0.999961 0.008339
vn -0.007554 0.999745 0.021273
vn -0.060027 0.418052 0.906438
vn -0.179593 -0.066204 0.981511
vn -0.288234 -0.103885 0.951908
vn -0.439924 -0.190301 0.877640
vn -0.579784 -0.147227 0.801358
vn -0.388289 0.272481 0.880333
vn -0.155606 0.434175 0.887288
vn -0.293448 0.383030 0.875886
vn -0.605742 0.247315 0.756249
vn -0.858270 0.071184 0.508238
vn -0.937967 0.013086 0.346478
vn -0.968188 -0.049434 0.245291
vn -0.964667 -0.116922 0.236109
vn -0.939522 -0.205847 0.273725
vn -0.910800 -0.271961 0.310615
vn -0.882419 -0.323102 0.341967
vn -0.814968 -0.404085 0.415382
vn -0.773926 -0.438803 0.456608
vn -0.709163 -0.353653 0.609932
vn -0.633218 -0.298021 0.714296
vn -0.524262 -0.196473 0.828581
vn 0.045918 -0.193905 0.979945
vn -0.429884 -0.711785 0.555483
vn -0.476882 -0.725167 0.496706
vn -0.408075 -0.760870 0.504532
vn -0.109448 -0.977646 0.179526
vn 0.057853 -0.993269 -0.100347
vn 0.177218 -0.872045 -0.456213
vn 0.199759 -0.140303 -0.969748
vn -0.000000 0.065414 -0.997858
vn -0.205936 0.039172 -0.977781
vn -0.369193 -0.239537 -0.897952
vn -0.206864 -0.305578 -0.929424
vn -0.000000 -0.908735 -0.417373
vn -0.000000 -0.991186 -0.132475
vn -0.048735 -0.994121 -0.096689
vn -0.106450 -0.991456 -0.075384
vn -0.315534 -0.944468 -0.091754
vn -0.951330 -0.221893 -0.213859
vn -0.996175 -0.001212 -0.087373
vn -0.998066 0.031011 0.053877
vn -0.996387 0.071434 0.045929
vn -0.985478 0.141295 -0.094176
vn -0.938758 0.260751 -0.225262
vn -0.801399 0.524251 -0.287959
vn -0.397912 0.897964 -0.187955
vn -0.159083 0.979783 -0.121315
vn -0.579970 0.550930 -0.600092
vn -0.535375 0.197388 -0.821226
vn -0.382573 0.136465 -0.913792
vn -0.197209 0.495536 -0.845904
vn -0.000000 0.954828 -0.297160
vn -0.040337 0.978139 0.204002
vn -0.238385 0.713149 0.659235
vn -0.504444 0.085217 0.859229
vn -0.622087 0.041245 0.781861
vn -0.657610 0.069414 0.750154
vn -0.604865 0.040942 0.795275
vn -0.689683 -0.297155 0.660330
vn -0.721675 -0.309322 0.619278
vn -0.709609 -0.328833 0.623156
vn -0.600697 -0.438530 0.668472
vn -0.406957 -0.562947 0.719358
vn -0.222727 -0.802299 0.553813
vn -0.286117 -0.921857 0.261377
vn -0.498327 -0.817505 0.288715
vn -0.698635 -0.610042 0.373843
vn -0.757252 -0.470584 0.452902
vn -0.750047 -0.422592 0.508769
vn -0.783887 -0.468856 0.407057
vn -0.794531 -0.520816 0.312203
vn -0.742531 -0.652723 0.150332
vn -0.612738 -0.787683 -0.064088
vn -0.589208 -0.794902 -0.144791
vn -0.699472 -0.710063 -0.080932
vn -0.844778 -0.534670 -0.021883
vn -0.951766 -0.234965 0.197312
vn -0.942330 -0.058788 0.329482
vn -0.763816 -0.056319 0.642973
vn -0.586178 0.022944 0.809858
vn -0.435214 0.133942 0.890308
vn -0.287359 0.216711 0.932985
vn -0.092933 0.237936 0.966825
vn -0.000000 0.344717 0.938707
vn 0.056948 0.349507 0.935201
vn 0.152918 0.414076 0.897306
vn 0.312182 0.334311 0.889257
vn 0.423532 0.295090 0.856471
vn 0.609643 0.201488 0.766641
vn 0.824354 0.159236 0.543216
vn 0.967047 0.079854 0.241752
vn 0.998607 0.047803 -0.022353
vn 0.900506 -0.054448 -0.431422
vn 0.721459 -0.246539 -0.647082
vn 0.535358 -0.341761 -0.772393
vn 0.295283 -0.391090 -0.871697
vn 0.098978 -0.481443 -0.870871
vn 0.000000 -0.529149 -0.848529
vn -0.082175 -0.537455 -0.839279
vn -0.274173 -0.406951 -0.871333
vn -0.310328 -0.253975 -0.916075
vn -0.320929 -0.130662 -0.938047
vn -0.141168 -0.026298 -0.989636
vn -0.000000 0.089729 -0.995966
vn 0.156742 0.173775 -0.972232
vn 0.369163 0.317322 -0.873513
vn 0.625564 0.407107 -0.665532
vn 0.594890 0.509976 -0.621313
vn 0.541201 0.635753 -0.550381
vn 0.622718 0.698943 -0.351713
vn 0.665132 0.731405 -0.150488
vn 0.594776 0.803878 0.004685
vn 0.470802 0.861197 0.191532
vn 0.355128 0.905002 0.234212
vn 0.336431 0.936122 0.102418
vn 0.316718 0.948519 -0.000834
vn 0.229250 0.968749 -0.094712
vn 0.170985 0.958620 -0.227621
vn 0.076562 0.968862 -0.235467
vn 0.000000 0.972202 -0.234143
vn -0.058424 0.991904 -0.112752
vn -0.154450 0.987955 0.009536
vn -0.159682 0.981320 0.107297
vn -0.103673 0.989009 0.105420
vn -0.110916 0.937526 0.329763
vn -0.100364 0.867771 0.486725
vn -0.098257 0.743325 0.661674
vn -0.132394 0.408226 0.903229
vn -0.130397 0.283337 0.950114
vn -0.135416 0.332611 0.933291
vn -0.209504 0.295162 0.932195
vn -0.307406 0.177164 0.934941
vn -0.282716 -0.231385 0.930878
vn -0.155532 -0.725725 0.670174
vn -0.074125 -0.899853 0.429850
vn -0.148838 -0.887783 0.435532
vn -0.120428 -0.348785 0.929433
vn 0.145756 0.227430 0.962824
vn 0.287134 0.197236 0.937364
vn 0.194520 0.208250 0.958537
vn 0.211614 0.155065 0.964974
vn 0.198808 -0.504251 0.840361
vn -0.000002 -1.000000 0.000024
vn -0.000017 -1.000000 -0.000019
vn -0.006237 0.999570 0.028666
vn -0.005955 0.999377 0.034799
vn -0.149385 0.434549 0.888173
vn -0.282670 -0.078089 0.956033
vn -0.405262 -0.099362 0.908785
vn -0.574454 -0.162670 0.802210
vn -0.652943 -0.090178 0.752020
vn -0.390330 0.241473 0.888444
vn -0.201904 0.346425 0.916092
vn -0.332054 0.336014 0.881382
vn -0.577547 0.164339 0.799645
vn -0.832293 0.054003 0.551699
vn -0.941997 0.003799 0.335599
vn -0.969722 -0.003019 0.244191
vn -0.974439 -0.028450 0.222844
vn -0.971152 -0.080383 0.224504
vn -0.955971 -0.172507 0.237402
vn -0.930587 -0.252329 0.265214
vn -0.905092 -0.299690 0.301654
vn -0.869510 -0.361337 0.336732
vn -0.805653 -0.444443 0.391654
vn -0.347263 0.154743 0.924912
vn 0.127757 -0.347580 0.928906
vn -0.323353 -0.890978 0.318750
vn -0.366959 -0.868956 0.332050
vn -0.091872 -0.989257 0.113715
vn 0.101457 -0.989921 -0.098811
vn 0.261725 -0.845762 -0.464960
vn 0.349293 -0.141155 -0.926321
vn 0.202251 0.060139 -0.977486
vn -0.000000 0.043757 -0.999042
vn 0.000000 -0.324185 -0.945994
vn 0.176060 -0.900813 -0.396912
vn 0.068665 -0.987243 -0.143655
vn -0.000000 -0.995502 -0.094741
vn -0.041756 -0.996553 -0.071689
vn -0.109326 -0.993805 0.019986
vn -0.313373 -0.949167 0.029645
vn -0.950979 -0.289844 -0.107843
vn -0.998820 0.003897 0.048404
vn -0.798190 -0.028181 0.601747
vn -0.824170 0.019848 0.565994
vn -0.990054 0.136983 0.032084
vn -0.953445 0.285046 -0.098448
vn -0.790452 0.578794 -0.200456
vn -0.269734 0.960548 -0.067758
vn -0.049622 0.998735 -0.008152
vn -0.061923 0.993104 -0.099549
vn -0.183147 0.920440 -0.345321
vn -0.494943 0.542867 -0.678474
vn -0.381059 0.188160 -0.905202
vn -0.220160 0.158345 -0.962526
vn -0.000000 0.491036 -0.871139
vn 0.054268 0.956406 -0.286954
vn -0.068130 0.981807 0.177235
vn -0.320248 0.772770 0.547967
vn -0.599491 0.292765 0.744915
vn -0.582393 0.384333 0.716314
vn -0.565192 0.427505 0.705548
vn -0.738986 -0.369797 0.563161
vn -0.758267 -0.402229 0.513072
vn -0.678199 -0.546567 0.491233
vn -0.492105 -0.713876 0.498210
vn -0.293285 -0.810607 0.506853
vn -0.801835 -0.476932 0.359995
vn -0.800519 -0.534233 0.271597
vn -0.744881 -0.660429 0.094797
vn -0.633920 -0.762708 -0.128151
vn -0.632990 -0.747232 -0.202406
vn -0.732609 -0.660495 -0.164409
vn -0.845968 -0.518322 -0.125219
vn -0.980960 -0.188130 0.048219
vn -0.987432 0.010281 0.157712
vn -0.895613 0.016641 0.444523
vn -0.691286 0.088615 0.717127
vn -0.510991 0.157805 0.844977
vn -0.371030 0.260537 0.891324
vn -0.222854 0.281862 0.933215
vn -0.056948 0.349507 0.935201
vn 0.001090 0.434104 0.900862
vn 0.024298 0.463174 0.885934
vn 0.057118 0.530997 0.845446
vn 0.198865 0.473334 0.858142
vn 0.339544 0.386349 0.857581
vn 0.486710 0.344353 0.802829
vn 0.733810 0.270331 0.623253
vn 0.914388 0.213277 0.344104
vn 0.990152 0.126243 0.060509
vn 0.930911 0.092390 -0.353368
vn 0.791083 0.045339 -0.610027
vn 0.618726 -0.155659 -0.770031
vn 0.345748 -0.254154 -0.903252
vn 0.103286 -0.361693 -0.926558
vn 0.000000 -0.475704 -0.879605
vn -0.084959 -0.537056 -0.839258
vn -0.239543 -0.529884 -0.813537
vn -0.521409 -0.365720 -0.770962
vn -0.560316 -0.227553 -0.796408
vn -0.595921 -0.094912 -0.797414
vn -0.332351 -0.011715 -0.943083
vn -0.147907 0.096302 -0.984302
vn -0.000000 0.164771 -0.986332
vn 0.165130 0.295159 -0.941070
vn 0.383923 0.419443 -0.822600
vn 0.363351 0.546640 -0.754427
vn 0.335658 0.663883 -0.668276
vn 0.471435 0.747526 -0.467926
vn 0.548908 0.778785 -0.303633
vn 0.563127 0.821463 -0.089925
vn 0.458686 0.886426 0.062099
vn 0.439228 0.897658 -0.035911
vn 0.295537 0.951455 -0.085973
vn 0.263540 0.944246 -0.197348
vn 0.211583 0.911948 -0.351543
vn 0.110020 0.926105 -0.360866
vn 0.000000 0.932526 -0.361104
vn -0.076562 0.968862 -0.235468
vn -0.146189 0.983825 -0.103520
vn -0.239970 0.970767 0.005190
vn -0.267187 0.957833 0.105672
vn -0.229916 0.967629 0.104077
vn -0.159839 0.935821 0.314149
vn -0.138629 0.864921 0.482384
vn -0.139398 0.728152 0.671091
vn -0.180317 0.425005 0.887049
vn -0.178419 0.307954 0.934522
vn -0.222219 0.340348 0.913664
vn -0.319223 0.305002 0.897257
vn -0.468557 0.175601 0.865805
vn -0.430005 -0.217295 0.876287
vn -0.263463 -0.646189 0.716259
vn -0.043788 -0.874193 0.483600
vn -0.067029 -0.916980 0.393261
vn -0.163686 -0.455869 0.874866
vn 0.057030 0.255756 0.965058
vn 0.179764 0.261524 0.948309
vn 0.080951 0.247027 0.965621
vn 0.096411 0.189028 0.977227
vn 0.104760 -0.422586 0.900248
vn 0.004076 -0.999975 -0.005748
vn -0.000009 -1.000000 -0.000026
vn -0.006298 0.999033 0.043519
vn -0.006638 0.999302 0.036770
vn -0.238254 0.475150 0.847035
vn -0.390071 -0.084005 0.916945
vn -0.527834 -0.096912 0.843801
vn -0.669605 -0.137044 0.729964
vn -0.697385 -0.054960 0.714586
vn -0.418765 0.184601 0.889133
vn -0.257156 0.272864 0.927047
vn -0.370681 0.205966 0.905634
vn -0.572499 0.006013 0.819883
vn -0.820574 -0.014054 0.571368
vn -0.938966 -0.000945 0.344009
vn -0.970031 -0.006856 0.242884
vn -0.974306 -0.010869 0.224966
vn -0.971093 -0.006941 0.238602
vn -0.969599 -0.048357 0.239873
vn -0.962688 -0.138559 0.232450
vn -0.944639 -0.220822 0.242683
vn -0.922787 -0.273844 0.271058
vn -0.894182 -0.326988 0.305807
vn -0.845027 -0.420728 0.330027
vn -0.347455 0.652101 0.673824
vn -0.337958 -0.620180 0.707928
vn -0.250260 -0.956372 0.150739
vn -0.087291 -0.995442 0.038421
vn 0.101748 -0.991369 -0.082671
vn 0.390477 -0.823308 -0.411938
vn 0.481593 -0.141337 -0.864923
vn 0.358710 0.043775 -0.932422
vn 0.205936 0.039172 -0.977781
vn 0.206864 -0.305578 -0.929424
vn 0.343459 -0.853030 -0.392907
vn 0.135016 -0.979689 -0.148259
vn 0.048735 -0.994121 -0.096689
vn -0.000000 -0.997598 -0.069277
vn -0.040166 -0.999013 0.018961
vn -0.092050 -0.765190 0.637191
vn -0.277751 -0.651313 0.706149
vn -0.949697 -0.310684 0.039388
vn -0.742720 -0.137859 0.655257
vn -0.737542 -0.054617 0.673088
vn -0.775075 0.057558 0.629242
vn -0.845203 0.086981 0.527320
vn -0.962570 0.270940 0.007053
vn -0.725712 0.684568 -0.068618
vn -0.223782 0.974576 -0.011089
vn -0.009709 0.999883 0.011815
vn -0.014741 0.999886 -0.003383
vn -0.000000 0.997344 -0.072829
vn -0.000000 0.921154 -0.389199
vn -0.205590 0.470917 -0.857887
vn -0.368739 0.426784 -0.825765
vn -0.215634 0.188616 -0.958085
vn 0.000000 0.172677 -0.984979
vn 0.197207 0.495530 -0.845907
vn 0.109520 0.953854 -0.279584
vn -0.081535 0.987236 0.136810
vn -0.305862 0.865509 0.396664
vn -0.487421 0.637595 0.596568
vn -0.413101 0.730905 0.543255
vn -0.823228 -0.469988 0.318446
vn -0.810269 -0.544267 0.217345
vn -0.752554 -0.658246 0.019352
vn -0.656482 -0.727327 -0.200068
vn -0.671219 -0.696823 -0.252790
vn -0.753548 -0.612386 -0.239059
vn -0.844146 -0.473914 -0.250646
vn -0.980405 -0.145301 -0.133015
vn -0.998607 0.047803 -0.022354
vn -0.967047 0.079854 0.241752
vn -0.824355 0.159236 0.543216
vn -0.609643 0.201488 0.766641
vn -0.423532 0.295092 0.856470
vn -0.312182 0.334311 0.889257
vn -0.152917 0.414076 0.897306
vn -0.024298 0.463175 0.885934
vn -0.001090 0.434105 0.900862
vn -0.000000 0.456536 0.889705
vn -0.072862 0.590882 0.803461
vn -0.061419 0.622401 0.780285
vn -0.037626 0.641805 0.765945
vn 0.061099 0.605983 0.793128
vn 0.198302 0.537804 0.819417
vn 0.384272 0.442940 0.810024
vn 0.589053 0.406843 0.698209
vn 0.836932 0.333675 0.433827
vn 0.959339 0.245677 0.138967
vn 0.949450 0.166192 -0.266317
vn 0.822826 0.156053 -0.546447
vn 0.661894 0.140130 -0.736383
vn 0.383736 -0.077468 -0.920188
vn 0.090188 -0.227237 -0.969654
vn 0.000000 -0.364811 -0.931082
vn -0.098977 -0.481443 -0.870871
vn -0.234207 -0.553114 -0.799508
vn -0.457036 -0.498890 -0.736361
vn -0.751754 -0.306717 -0.583772
vn -0.778209 -0.177721 -0.602334
vn -0.792250 -0.050126 -0.608134
vn -0.618988 0.024067 -0.785032
vn -0.343013 0.113886 -0.932401
vn -0.156742 0.173775 -0.972232
vn 0.000000 0.290939 -0.956742
vn 0.168218 0.414612 -0.894315
vn 0.163267 0.554163 -0.816239
vn 0.157391 0.671585 -0.724018
vn 0.307025 0.768739 -0.561049
vn 0.402469 0.822156 -0.402590
vn 0.458233 0.861986 -0.216803
vn 0.373609 0.916536 -0.142753
vn 0.318748 0.895259 -0.311305
vn 0.266523 0.853342 -0.448077
vn 0.133654 0.862041 -0.488899
vn -0.000000 0.863092 -0.505046
vn -0.110020 0.926105 -0.360866
vn -0.170985 0.958620 -0.227621
vn -0.229250 0.968749 -0.094712
vn -0.316718 0.948519 -0.000838
vn -0.336432 0.936122 0.102415
vn -0.294704 0.919369 0.260595
vn -0.232650 0.927863 0.291451
vn -0.214357 0.855946 0.470540
vn -0.207775 0.727715 0.653651
vn -0.242528 0.458703 0.854852
vn -0.267404 0.337979 0.902366
vn -0.341654 0.348768 0.872716
vn -0.472588 0.304042 0.827175
vn -0.617681 0.157755 0.770444
vn -0.576095 -0.214371 0.788771
vn -0.391018 -0.594781 0.702382
vn -0.073854 -0.808546 0.583780
vn 0.002771 -0.897920 0.440150
vn -0.170218 -0.484233 0.858221
vn -0.071409 0.273441 0.959234
vn 0.076936 0.299143 0.951102
vn -0.049441 0.275510 0.960026
vn -0.040317 0.213121 0.976194
vn -0.033373 -0.365591 0.930177
vn 0.006681 -0.999855 -0.015671
vn 0.003311 -0.999973 -0.006545
vn -0.008114 0.998909 0.045990
vn -0.007945 0.999417 0.033210
vn -0.332123 0.491698 0.804940
vn -0.507160 -0.072613 0.858788
vn -0.637224 -0.093205 0.765022
vn -0.728836 -0.111961 0.675472
vn -0.750854 -0.043996 0.659001
vn -0.458684 0.135168 0.878259
vn -0.301444 0.147217 0.942050
vn -0.414400 -0.018163 0.909914
vn -0.600302 -0.204796 0.773108
vn -0.813688 -0.122534 0.568241
vn -0.936024 -0.018356 0.351456
vn -0.970051 -0.009429 0.242717
vn -0.973376 -0.012798 0.228857
vn -0.974097 -0.006688 0.226032
vn -0.893731 0.142604 0.425334
vn -0.924202 -0.003810 0.381884
vn -0.965895 -0.111941 0.233487
vn -0.952105 -0.187979 0.241163
vn -0.934645 -0.251218 0.251650
vn -0.915649 -0.295473 0.272549
vn -0.871472 -0.389690 0.297789
vn -0.259419 0.901008 0.347686
vn -0.834691 -0.519139 -0.183808
vn -0.099599 -0.995010 -0.006012
vn 0.063230 -0.995017 -0.077088
vn 0.462233 -0.817353 -0.343912
vn 0.658487 -0.101812 -0.745674
vn 0.494465 0.015362 -0.869062
vn 0.369700 0.026969 -0.928760
vn 0.369192 -0.239538 -0.897953
vn 0.479217 -0.294888 -0.826675
vn 0.573214 -0.265398 -0.775236
vn 0.691492 -0.597944 -0.405342
vn 0.357098 -0.918534 -0.169635
vn 0.116903 -0.987967 -0.101262
vn 0.041756 -0.996553 -0.071689
vn -0.000000 -0.999858 0.016848
vn -0.025202 -0.782919 0.621613
vn -0.117321 -0.662539 0.739782
vn -0.445053 -0.425365 0.788031
vn -0.453064 -0.399448 0.796978
vn -0.628225 -0.331204 0.704015
vn -0.717693 0.056657 0.694051
vn -0.705563 0.256498 0.660598
vn -0.755061 0.130474 0.642542
vn -0.827558 0.287284 0.482303
vn -0.722253 0.691622 0.002991
vn -0.235143 0.971770 0.019269
vn -0.022041 0.999716 0.009106
vn -0.001257 0.999912 0.013204
vn 0.000000 0.999986 0.005271
vn 0.061922 0.993104 -0.099551
vn 0.183147 0.920439 -0.345325
vn -0.000000 0.475833 -0.879535
vn 0.000000 0.190007 -0.981783
vn 0.220159 0.158345 -0.962526
vn 0.329430 0.520304 -0.787883
vn 0.157736 0.949624 -0.270803
vn -0.052511 0.995488 0.079030
vn -0.179585 0.953377 0.242531
vn -0.268655 0.891977 0.363596
vn -0.846771 -0.450892 0.282268
vn -0.828277 -0.540723 0.146888
vn -0.762433 -0.644209 -0.060753
vn -0.694160 -0.674490 -0.251407
vn -0.712299 -0.629364 -0.310695
vn -0.775949 -0.554670 -0.300407
vn -0.801202 -0.351798 -0.484060
vn -0.900506 -0.054449 -0.431421
vn -0.930910 0.092390 -0.353369
vn -0.990152 0.126243 0.060508
vn -0.914388 0.213277 0.344104
vn -0.733810 0.270331 0.623253
vn -0.486710 0.344353 0.802829
vn -0.339544 0.386349 0.857581
vn -0.198864 0.473334 0.858142
vn -0.057118 0.530996 0.845447
vn 0.061419 0.622401 0.780285
vn 0.072862 0.590882 0.803461
vn -0.000000 0.579891 0.814694
vn -0.129872 0.613809 0.778699
vn -0.084840 0.638029 0.765324
vn -0.046039 0.645661 0.762235
vn -0.025348 0.668354 0.743411
vn 0.052249 0.666801 0.743402
vn 0.223240 0.595984 0.771341
vn 0.453633 0.507627 0.732483
vn 0.699870 0.471632 0.536418
vn 0.892081 0.380415 0.243875
vn 0.943288 0.288866 -0.163596
vn 0.845699 0.215024 -0.488423
vn 0.685226 0.240916 -0.687332
vn 0.390271 0.202788 -0.898090
vn 0.067065 -0.063075 -0.995753
vn 0.000000 -0.236140 -0.971719
vn -0.103286 -0.361692 -0.926559
vn -0.255159 -0.501403 -0.826734
vn -0.417842 -0.543797 -0.727800
vn -0.689664 -0.439628 -0.575405
vn -0.839392 -0.263397 -0.475440
vn -0.884301 -0.119701 -0.451314
vn -0.892985 -0.017520 -0.449745
vn -0.800825 0.068398 -0.594981
vn -0.642822 0.136061 -0.753835
vn -0.360987 0.204442 -0.909886
vn -0.165130 0.295159 -0.941070
vn -0.000000 0.410571 -0.911829
vn -0.000000 0.551545 -0.834145
vn -0.000000 0.673058 -0.739590
vn 0.149709 0.765183 -0.626165
vn -0.000000 0.759347 -0.650686
vn -0.133654 0.862041 -0.488900
vn -0.211584 0.911949 -0.351542
vn -0.263540 0.944246 -0.197348
vn -0.295537 0.951455 -0.085974
vn -0.439228 0.897657 -0.035915
vn -0.458686 0.886426 0.062096
vn -0.355129 0.905003 0.234210
vn -0.291047 0.848100 0.442739
vn -0.281542 0.729858 0.622930
vn -0.315554 0.489529 0.812888
vn -0.394902 0.363592 0.843714
vn -0.479931 0.345007 0.806620
vn -0.623463 0.282692 0.728958
vn -0.766170 0.109502 0.633240
vn -0.698873 -0.212287 0.683016
vn -0.479414 -0.521572 0.705780
vn -0.183270 -0.727436 0.661248
vn 0.025591 -0.831478 0.554967
vn -0.155892 -0.508792 0.846657
vn -0.179798 0.281017 0.942710
vn -0.055944 0.327961 0.943033
vn -0.162522 0.286574 0.944173
vn -0.164171 0.215651 0.962571
vn -0.157202 -0.360943 0.919243
vn 0.004446 -0.999707 -0.023787
vn 0.005544 -0.999807 -0.018863
vn -0.010521 0.999093 0.041271
vn -0.002012 0.999716 0.023747
vn -0.441889 0.513825 0.735335
vn -0.611628 -0.050582 0.789527
vn -0.720629 -0.086730 0.687875
vn -0.773579 -0.081240 0.628471
vn -0.798666 -0.018901 0.601478
vn -0.480950 0.022337 0.876463
vn -0.323853 -0.075831 0.943063
vn -0.468976 -0.251471 0.846655
vn -0.628396 -0.297106 0.718920
vn -0.826458 -0.146792 0.543525
vn -0.934944 -0.043095 0.352168
vn -0.970712 -0.006092 0.240171
vn -0.973268 -0.003906 0.229641
vn -0.975407 -0.008996 0.220229
vn -0.982462 0.027693 0.184396
vn 0.048467 0.584772 0.809748
vn -0.685176 0.046358 0.726901
vn -0.948050 -0.112428 0.297592
vn -0.959828 -0.160424 0.230204
vn -0.941410 -0.231814 0.244969
vn -0.928583 -0.278041 0.245817
vn -0.898784 -0.355525 0.256495
vn -0.193302 0.973264 0.124063
vn -0.919060 -0.272509 -0.284724
vn 0.032877 -0.996895 -0.071546
vn 0.407438 -0.863991 -0.295827
vn 0.788389 -0.022166 -0.614778
vn 0.659781 -0.005736 -0.751436
vn 0.503187 0.016376 -0.864022
vn 0.655053 0.015342 -0.755427
vn 0.740919 -0.044393 -0.670125
vn 0.827567 -0.051931 -0.558960
vn 0.890225 -0.033118 -0.454317
vn 0.947870 -0.033113 -0.316931
vn 0.952472 -0.153854 -0.262918
vn 0.341318 -0.931377 -0.126647
vn 0.106450 -0.991456 -0.075384
vn 0.040166 -0.999013 0.018958
vn -0.000000 -0.790846 0.612015
vn -0.030223 -0.698423 0.715047
vn -0.137781 -0.583318 0.800473
vn -0.427557 -0.386649 0.817128
vn -0.182461 0.630018 0.754842
vn -0.175845 0.771122 0.611922
vn -0.634697 0.334177 0.696768
vn -0.496216 0.713591 0.494527
vn -0.583558 0.745190 0.322726
vn -0.262419 0.933415 0.244691
vn -0.027604 0.991529 0.126918
vn -0.005046 0.999983 0.003074
vn 0.000000 0.999924 0.012301
vn 0.014741 0.999886 -0.003380
vn 0.159083 0.979784 -0.121311
vn 0.381506 0.862162 -0.333361
vn 0.205589 0.470916 -0.857888
vn 0.215634 0.188616 -0.958085
vn 0.382572 0.136464 -0.913792
vn 0.448702 0.505861 -0.736730
vn 0.236374 0.932603 -0.272725
vn 0.020289 0.999563 0.021496
vn -0.047540 0.993979 0.098720
vn -0.876186 -0.422730 0.231514
vn -0.847756 -0.523249 0.086725
vn -0.774842 -0.612953 -0.154625
vn -0.752780 -0.599853 -0.271105
vn -0.533040 -0.692559 -0.486035
vn -0.732180 -0.598433 -0.325252
vn -0.763830 -0.555550 -0.328525
vn -0.720098 -0.503175 -0.477780
vn -0.721458 -0.246538 -0.647084
vn -0.791081 0.045339 -0.610029
vn -0.822825 0.156053 -0.546449
vn -0.949450 0.166192 -0.266317
vn -0.959339 0.245678 0.138967
vn -0.836932 0.333675 0.433828
vn -0.589053 0.406843 0.698209
vn -0.384272 0.442939 0.810025
vn -0.198301 0.537804 0.819417
vn -0.061099 0.605982 0.793129
vn 0.037626 0.641804 0.765945
vn 0.084840 0.638029 0.765324
vn 0.129872 0.613809 0.778699
vn -0.000000 0.598888 0.800833
vn -0.139670 0.549678 0.823618
vn -0.084438 0.560909 0.823560
vn -0.022006 0.577416 0.816153
vn -0.027940 0.649527 0.759825
vn -0.006365 0.699241 0.714858
vn 0.050233 0.715009 0.697308
vn 0.253544 0.644251 0.721565
vn 0.517518 0.595261 0.614686
vn 0.721387 0.543156 0.429631
vn 0.898538 0.438871 -0.004569
vn 0.849726 0.356055 -0.388832
vn 0.700716 0.297722 -0.648351
vn 0.405305 0.305881 -0.861490
vn 0.047723 0.202768 -0.978063
vn -0.000000 -0.069180 -0.997604
vn -0.090187 -0.227236 -0.969655
vn -0.295282 -0.391089 -0.871698
vn -0.413631 -0.520052 -0.747299
vn -0.632496 -0.503892 -0.588253
vn -0.784580 -0.391375 -0.480895
vn -0.814013 -0.247120 -0.525656
vn -0.901920 -0.090877 -0.422235
vn -0.957832 0.004992 -0.287286
vn -0.955279 0.038701 -0.293164
vn -0.890190 0.098163 -0.444890
vn -0.805876 0.152881 -0.572006
vn -0.647713 0.229937 -0.726359
vn -0.369163 0.317322 -0.873513
vn -0.168218 0.414611 -0.894316
vn -0.163267 0.554163 -0.816240
vn -0.157391 0.671586 -0.724017
vn -0.149710 0.765184 -0.626164
vn -0.266523 0.853342 -0.448077
vn -0.318748 0.895259 -0.311306
vn -0.373608 0.916535 -0.142757
vn -0.563127 0.821463 -0.089926
vn -0.594776 0.803878 0.004684
vn -0.470802 0.861197 0.191532
vn -0.361430 0.841038 0.402521
vn -0.347704 0.735943 0.580939
vn -0.445273 0.510695 0.735474
vn -0.539331 0.398084 0.742059
vn -0.653431 0.321495 0.685324
vn -0.785059 0.254953 0.564519
vn -0.866009 0.060975 0.496297
vn -0.800017 -0.196417 0.566916
vn -0.597444 -0.434299 0.674125
vn -0.280891 -0.603726 0.746066
vn -0.022986 -0.740969 0.671146
vn -0.146693 -0.496021 0.855830
vn -0.292571 0.270647 0.917144
vn -0.167007 0.344550 0.923793
vn -0.291130 0.277119 0.915668
vn -0.290821 0.211096 0.933200
vn -0.273373 -0.380144 0.883605
vn 0.004215 -0.999666 -0.025484
vn 0.004348 -0.999599 -0.027975
vn -0.005122 0.999576 0.028667
vn 0.002103 0.999959 0.008801
vn -0.518736 0.534562 0.667200
vn -0.704258 -0.042626 0.708663
vn -0.769778 -0.065047 0.634989
vn -0.816637 0.006639 0.577114
vn -0.336975 -0.116659 0.934258
vn -0.342303 -0.268613 0.900375
vn -0.465870 -0.354238 0.810852
vn -0.646893 -0.357193 0.673752
vn -0.859862 -0.114249 0.497579
vn -0.934809 -0.022524 0.354437
vn -0.971701 -0.002373 0.236201
vn -0.975039 0.017585 0.221337
vn -0.977047 0.027449 0.211247
vn -0.986305 0.034264 0.161336
vn -0.993268 0.090688 0.072067
vn -0.392354 0.846148 0.360683
vn 0.747455 0.620833 0.236384
vn -0.078238 0.845948 0.527496
vn -0.607507 0.369557 0.703109
vn -0.857737 -0.248816 0.449865
vn -0.924600 -0.095174 0.368858
vn -0.950353 -0.206281 0.232977
vn -0.933399 -0.268765 0.237766
vn -0.916764 -0.331366 0.223024
vn -0.115201 0.993080 -0.022839
vn -0.739052 -0.191587 -0.645830
vn 0.319634 -0.928998 -0.186540
vn 0.844258 -0.036816 -0.534670
vn 0.771839 0.009307 -0.635750
vn 0.751525 0.029039 -0.659066
vn 0.839970 0.058745 -0.539443
vn 0.904549 0.044078 -0.424086
vn 0.949592 0.018257 -0.312958
vn 0.962718 0.020505 -0.269729
vn 0.951330 -0.221893 -0.213858
vn 0.315535 -0.944468 -0.091754
vn 0.109325 -0.993805 0.019984
vn 0.025202 -0.782919 0.621614
vn -0.000000 -0.705019 0.709188
vn -0.044149 -0.607309 0.793239
vn -0.073850 0.656942 0.750316
vn -0.061564 0.814632 0.576702
vn -0.131077 0.971430 0.197844
vn -0.415129 0.751933 0.512119
vn -0.040523 0.991112 0.126711
vn -0.002962 0.992463 0.122508
vn -0.000000 0.999996 0.002937
vn 0.001257 0.999912 0.013204
vn 0.049622 0.998735 -0.008151
vn 0.397912 0.897963 -0.187958
vn 0.705615 0.603701 -0.371015
vn 0.579971 0.550929 -0.600093
vn 0.494943 0.542866 -0.678475
vn 0.368739 0.426783 -0.825765
vn 0.381057 0.188159 -0.905203
vn 0.517292 0.138112 -0.844591
vn 0.601860 0.416557 -0.681355
vn 0.328515 0.912994 -0.241910
vn 0.053786 0.998251 -0.024520
vn -0.898428 -0.397321 0.186984
vn -0.864647 -0.501887 0.022275
vn -0.787972 -0.553834 -0.269013
vn -0.467287 -0.874759 0.128214
vn -0.555958 -0.826803 -0.085485
vn -0.260673 -0.951114 -0.165627
vn -0.197205 -0.757084 -0.622844
vn -0.588499 -0.671348 -0.450510
vn -0.716290 -0.561676 -0.414064
vn -0.713543 -0.517916 -0.471825
vn -0.630151 -0.438144 -0.641046
vn -0.618725 -0.155658 -0.770032
vn -0.661892 0.140130 -0.736384
vn -0.685224 0.240915 -0.687333
vn -0.845699 0.215023 -0.488424
vn -0.943288 0.288866 -0.163596
vn -0.892081 0.380415 0.243876
vn -0.699870 0.471632 0.536419
vn -0.453633 0.507626 0.732484
vn -0.223239 0.595983 0.771342
vn -0.052249 0.666801 0.743402
vn 0.025348 0.668353 0.743412
vn 0.046039 0.645661 0.762235
vn 0.084438 0.560909 0.823560
vn 0.139670 0.549678 0.823618
vn -0.000000 0.557462 0.830202
vn -0.142844 0.522793 0.840407
vn -0.096865 0.528191 0.843582
vn -0.019346 0.541039 0.840775
vn 0.015773 0.584537 0.811214
vn 0.008879 0.664328 0.747389
vn 0.005869 0.726738 0.686889
vn 0.052585 0.750651 0.658603
vn 0.312176 0.698374 0.644065
vn 0.463482 0.649524 0.602746
vn 0.703566 0.658334 0.267565
vn 0.816395 0.515122 -0.261052
vn 0.691803 0.406737 -0.596636
vn 0.409007 0.377000 -0.831014
vn 0.034445 0.318349 -0.947348
vn -0.000000 0.186409 -0.982472
vn -0.067064 -0.063075 -0.995753
vn -0.345746 -0.254153 -0.903253
vn -0.452695 -0.453777 -0.767564
vn -0.604206 -0.512910 -0.609802
vn -0.728180 -0.475828 -0.493296
vn -0.743210 -0.362003 -0.562666
vn -0.220632 -0.033827 -0.974770
vn -0.631762 0.235921 -0.738388
vn -0.954892 0.022540 -0.296097
vn -0.993695 0.098591 -0.053382
vn -0.993146 0.102969 -0.055309
vn -0.951173 0.130897 -0.279528
vn -0.888402 0.176903 -0.423612
vn -0.805869 0.228637 -0.546170
vn -0.635243 0.329103 -0.698682
vn -0.383923 0.419443 -0.822600
vn -0.363350 0.546639 -0.754428
vn -0.335658 0.663883 -0.668276
vn -0.307024 0.768740 -0.561048
vn -0.402469 0.822156 -0.402589
vn -0.458233 0.861985 -0.216806
vn -0.665132 0.731405 -0.150487
vn -0.689435 0.722347 -0.053788
vn -0.607329 0.783863 0.129265
vn -0.475357 0.806093 0.352491
vn -0.466069 0.716349 0.519254
vn -0.609257 0.508448 0.608512
vn -0.699313 0.399505 0.592754
vn -0.818556 0.282117 0.500376
vn -0.859710 0.224171 0.458963
vn -0.910595 0.043808 0.410970
vn -0.337663 -0.487480 0.805200
vn -0.104731 -0.603251 0.790645
vn -0.157688 -0.469623 0.868671
vn -0.406640 0.225731 0.885262
vn -0.296552 0.337929 0.893230
vn -0.424909 0.255957 0.868296
vn -0.421062 0.206538 0.883204
vn -0.390263 -0.413890 0.822430
vn 0.005509 -0.999699 -0.023908
vn 0.004895 -0.999544 -0.029784
vn 0.000570 0.999954 0.009615
vn 0.000017 1.000000 -0.000025
vn -0.564979 0.589929 0.576873
vn -0.765856 -0.029903 0.642317
vn -0.591873 0.674147 0.441828
vn -0.638441 0.405929 0.653922
vn -0.259231 -0.023751 0.965523
vn -0.429474 -0.193215 0.882168
vn -0.292930 -0.343978 0.892116
vn -0.419281 -0.400938 0.814526
vn -0.936959 0.037679 0.347402
vn -0.970169 0.026536 0.240973
vn -0.978041 0.018218 0.207614
vn -0.979496 0.055732 0.193601
vn -0.985850 0.086819 0.143395
vn -0.991928 0.111258 0.060840
vn -0.985675 0.140840 -0.092781
vn 0.525987 0.832890 -0.172140
vn 0.895749 0.438922 -0.070577
vn 0.516902 0.828393 0.215819
vn -0.176377 0.982997 0.051067
vn -0.765823 0.541786 0.346385
vn -0.883341 -0.165263 0.438631
vn -0.846345 -0.241660 0.474658
vn -0.839751 -0.495600 0.221809
vn -0.915936 -0.011758 0.401151
vn -0.919004 -0.208250 0.334759
vn -0.937872 -0.253221 0.237222
vn -0.923715 -0.321836 0.207781
vn -0.092132 0.992745 -0.077254
vn 0.915741 -0.056593 -0.397765
vn 0.860242 -0.202144 -0.468105
vn 0.851847 0.047788 -0.521607
vn 0.882909 0.039605 -0.467870
vn 0.952295 0.034776 -0.303193
vn 0.962001 0.044771 -0.269351
vn 0.977336 0.003242 -0.211671
vn 0.950979 -0.289844 -0.107843
vn 0.313373 -0.949167 0.029644
vn 0.092050 -0.765191 0.637189
vn 0.030223 -0.698422 0.715048
vn -0.000000 -0.609456 0.792820
vn -0.000000 0.667341 0.744752
vn -0.000000 0.822269 0.569099
vn -0.043158 0.989456 0.138252
vn -0.009009 0.997379 0.071793
vn -0.000000 0.992591 0.121501
vn 0.005046 0.999983 0.003074
vn 0.009709 0.999883 0.011815
vn 0.269734 0.960548 -0.067761
vn 0.801400 0.524251 -0.287956
vn 0.845842 0.394518 -0.359035
vn 0.845502 0.351979 -0.401544
vn 0.778458 0.393452 -0.489079
vn 0.747683 0.380707 -0.544089
vn 0.672730 0.225950 -0.704543
vn 0.535374 0.197388 -0.821226
vn 0.644115 0.188470 -0.741347
vn 0.736910 0.341608 -0.583326
vn 0.350316 0.904490 -0.243265
vn -0.911742 -0.380150 0.155606
vn -0.873893 -0.477580 -0.090710
vn -0.334642 -0.721599 0.606060
vn 0.268537 -0.897572 0.349647
vn 0.582474 -0.809071 0.078278
vn 0.727162 -0.616620 -0.301687
vn 0.724630 -0.399067 -0.561834
vn 0.694199 -0.333065 -0.638088
vn 0.338404 -0.557382 -0.758161
vn -0.440191 -0.568910 -0.694675
vn -0.689164 -0.493908 -0.530196
vn -0.720842 -0.506493 -0.473129
vn -0.593353 -0.501845 -0.629352
vn -0.535357 -0.341761 -0.772394
vn -0.383735 -0.077466 -0.920189
vn -0.390271 0.202788 -0.898090
vn -0.405305 0.305880 -0.861490
vn -0.700715 0.297722 -0.648352
vn -0.849727 0.356055 -0.388831
vn -0.898539 0.438871 -0.004569
vn -0.721387 0.543156 0.429631
vn -0.517519 0.595262 0.614685
vn -0.253544 0.644250 0.721566
vn -0.050233 0.715009 0.697308
vn 0.006365 0.699242 0.714857
vn 0.027940 0.649527 0.759825
vn 0.022006 0.577417 0.816153
vn 0.096865 0.528191 0.843582
vn 0.142844 0.522793 0.840407
vn -0.000000 0.528463 0.848956
vn -0.154450 0.467896 0.870183
vn -0.100966 0.472232 0.875673
vn -0.003086 0.484191 0.874957
vn 0.054320 0.548341 0.834489
vn 0.061610 0.590944 0.804356
vn 0.023319 0.687969 0.725365
vn -0.009989 0.753907 0.656905
vn 0.080918 0.792266 0.604786
vn 0.276063 0.687161 0.672011
vn 0.382887 0.750313 0.538914
vn 0.669209 0.739633 -0.071435
vn 0.654503 0.522815 -0.546160
vn 0.409510 0.429699 -0.804773
vn 0.044610 0.409423 -0.911254
vn -0.000000 0.312600 -0.949885
vn -0.047723 0.202766 -0.978064
vn -0.372803 -0.357086 -0.856451
vn -0.280594 -0.232110 -0.931339
vn 0.748684 0.267680 -0.606482
vn 0.694617 0.474897 -0.540352
vn -0.901722 0.151716 -0.404821
vn -0.991666 0.108561 -0.069371
vn -0.991277 0.117942 0.058822
vn -0.993067 0.098654 0.063915
vn -0.987217 0.143142 -0.070100
vn -0.949114 0.197644 -0.245192
vn -0.888151 0.237944 -0.393154
vn -0.792391 0.313682 -0.523184
vn -0.625565 0.407107 -0.665532
vn -0.594890 0.509976 -0.621314
vn -0.541200 0.635753 -0.550383
vn -0.471435 0.747526 -0.467926
vn -0.548908 0.778785 -0.303634
vn -0.720329 0.661400 -0.208990
vn -0.768255 0.633105 -0.094669
vn -0.707634 0.703235 0.068661
vn -0.611166 0.738850 0.283860
vn -0.617113 0.655145 0.435840
vn -0.727347 0.479450 0.491013
vn -0.822123 0.347218 0.451170
vn -0.865642 0.263114 0.425952
vn -0.905804 0.176174 0.385334
vn -0.942253 0.093984 0.321444
vn -0.161328 -0.462341 0.871903
vn -0.203947 -0.383721 0.900646
vn -0.519748 0.165605 0.838115
vn -0.429123 0.306277 0.849734
vn -0.538808 0.229545 0.810552
vn -0.532289 0.193078 0.824251
vn -0.493778 -0.445137 0.747018
vn 0.000763 -0.999834 -0.018200
vn 0.006919 -0.999588 -0.027853
vn 0.000021 1.000000 -0.000014
vn -0.000830 0.999999 -0.000848
vn -0.572173 0.671539 0.470801
vn 0.023195 0.998949 0.039545
vn 0.147147 0.953534 0.262908
vn 0.436146 0.091339 0.895228
vn -0.715189 -0.453554 0.531784
vn -0.405180 -0.217787 0.887918
vn -0.223361 -0.381549 0.896956
vn -0.961519 0.100371 0.255749
vn -0.978419 0.041221 0.202479
vn -0.982386 0.040839 0.182343
vn -0.987626 0.087842 0.129921
vn 0.633382 0.660205 -0.403678
vn 0.888502 0.391036 -0.240114
vn 0.854325 0.515043 -0.069715
vn 0.433463 0.897803 -0.077840
vn -0.246028 0.700448 -0.669958
vn -0.843453 0.429422 -0.322775
vn -0.933271 -0.129248 0.335112
vn -0.620723 -0.721508 -0.306804
vn -0.695391 -0.639805 -0.327232
vn -0.754201 -0.457065 -0.471457
vn -0.990145 -0.014863 -0.139255
vn -0.926406 -0.262074 0.270352
vn -0.933520 -0.253588 0.253443
vn -0.923575 -0.316273 0.216751
vn 0.203141 0.951292 -0.231901
vn 0.895808 0.026250 -0.443665
vn 0.882030 0.119741 -0.455725
vn 0.926905 0.143430 -0.346807
vn 0.945830 0.151839 -0.286969
vn 0.953187 0.133749 -0.271194
vn 0.976265 0.048256 -0.211136
vn 0.996175 -0.001212 -0.087374
vn 0.949697 -0.310684 0.039387
vn 0.277751 -0.651313 0.706148
vn 0.117321 -0.662538 0.739783
vn 0.044149 -0.607309 0.793238
vn 0.073851 0.656945 0.750313
vn 0.061564 0.814632 0.576701
vn -0.000000 0.991245 0.132037
vn -0.000000 0.998306 0.058188
vn 0.002962 0.992464 0.122503
vn 0.022041 0.999716 0.009106
vn 0.223781 0.974576 -0.011092
vn 0.790452 0.578794 -0.200456
vn 0.922080 0.223931 -0.315630
vn 0.913641 0.237039 -0.330261
vn 0.891240 0.257425 -0.373395
vn 0.811534 0.250560 -0.527856
vn 0.771687 0.245082 -0.586885
vn 0.766411 0.227141 -0.600850
vn 0.787647 0.321534 -0.525575
vn -0.914065 -0.393144 0.099612
vn -0.669970 -0.313344 0.673020
vn -0.146668 -0.767185 0.624432
vn -0.184443 -0.921723 -0.341186
vn 0.284482 -0.785626 -0.549419
vn 0.609629 -0.471841 -0.636960
vn 0.863461 -0.175846 -0.472771
vn 0.705081 -0.166939 -0.689197
vn -0.034445 0.318348 -0.947348
vn -0.409006 0.377000 -0.831015
vn -0.691802 0.406737 -0.596636
vn -0.816396 0.515122 -0.261050
vn -0.703566 0.658333 0.267568
vn -0.463483 0.649525 0.602744
vn -0.312177 0.698375 0.644064
vn -0.052585 0.750651 0.658603
vn -0.005869 0.726739 0.686889
vn -0.008879 0.664328 0.747388
vn -0.015773 0.584537 0.811214
vn 0.019346 0.541038 0.840775
vn 0.100966 0.472232 0.875673
vn 0.154451 0.467897 0.870183
vn 0.000000 0.461478 0.887152
vn -0.170633 0.364482 0.915444
vn -0.105938 0.381503 0.918277
vn 0.021546 0.392927 0.919317
vn 0.101173 0.489846 0.865919
vn 0.118657 0.539562 0.833543
vn 0.086350 0.606210 0.790603
vn -0.014430 0.711674 0.702362
vn -0.078321 0.791200 0.606522
vn 0.134472 0.752198 0.645070
vn 0.219972 0.730868 0.646099
vn 0.466334 0.879763 0.092462
vn 0.563811 0.644114 -0.516947
vn 0.356836 0.455889 -0.815373
vn 0.069829 0.433108 -0.898633
vn -0.000000 0.411303 -0.911499
vn 0.802821 0.077638 -0.591144
vn 0.860428 0.275029 -0.428979
vn 0.858321 0.348179 -0.376904
vn -0.993281 0.101512 0.055579
vn -0.979287 0.187367 -0.076758
vn -0.942392 0.255210 -0.216252
vn -0.883055 0.301273 -0.359789
vn -0.772357 0.393592 -0.498548
vn -0.749857 0.479038 -0.456330
vn -0.692409 0.596866 -0.405365
vn -0.622718 0.698943 -0.351712
vn -0.780303 0.567513 -0.262786
vn -0.835622 0.535654 -0.121696
vn -0.801303 0.598173 0.010148
vn -0.719072 0.661250 0.213738
vn -0.726688 0.583233 0.362992
vn -0.815156 0.416856 0.402184
vn -0.876233 0.289494 0.385240
vn -0.913683 0.212041 0.346730
vn -0.941278 0.143511 0.305614
vn -0.954744 0.146195 0.259020
vn -0.233828 -0.306489 0.922707
vn -0.604078 0.100605 0.790549
vn -0.551199 0.262872 0.791883
vn -0.641717 0.204363 0.739213
vn -0.632185 0.164285 0.757200
vn -0.578029 -0.448590 0.681652
vn -0.002289 -0.999970 -0.007409
vn 0.002541 -0.999789 -0.020384
vn -0.000849 0.999999 -0.000935
vn -0.002546 0.999992 -0.003030
vn 0.024474 0.998848 0.041276
vn 0.125274 0.968903 0.213386
vn 0.441643 0.104309 0.891107
vn 0.027693 -0.996873 0.074004
vn -0.709240 -0.551578 0.439022
vn -0.830426 -0.031967 0.556211
vn -0.760475 -0.004967 0.649349
vn -0.310534 -0.240775 0.919563
vn -0.969731 0.110939 0.217519
vn -0.982525 0.060834 0.175910
vn -0.990317 0.066411 0.121909
vn 0.823353 0.529536 -0.204162
vn 0.341891 0.668468 -0.660501
vn -0.161627 0.307082 -0.937858
vn -0.782704 0.124278 -0.609860
vn -0.973526 -0.129348 0.188457
vn -0.526075 -0.846296 -0.083836
vn -0.246702 -0.834950 -0.491932
vn -0.380383 -0.599792 -0.703959
vn -0.918909 -0.393372 0.029423
vn -0.943133 -0.312124 0.114359
vn -0.742457 -0.045479 -0.668348
vn -0.962923 -0.109125 -0.246720
vn -0.919610 -0.348677 0.180948
vn -0.925378 -0.282522 0.252700
vn 0.799607 0.328615 -0.502635
vn 0.855742 0.255472 -0.449933
vn 0.926456 0.228411 -0.299179
vn 0.936530 0.186126 -0.297100
vn 0.971137 0.116494 -0.208141
vn 0.995735 0.039536 -0.083357
vn 0.998820 0.003897 0.048404
vn 0.628226 -0.331205 0.704014
vn 0.453066 -0.399448 0.796977
vn 0.445055 -0.425365 0.788030
vn 0.137780 -0.583318 0.800473
vn 0.182461 0.630021 0.754838
vn 0.175845 0.771123 0.611921
vn 0.043158 0.989456 0.138252
vn 0.009009 0.997379 0.071788
vn 0.027604 0.991529 0.126916
vn 0.235143 0.971770 0.019265
vn 0.725712 0.684568 -0.068621
vn 0.938757 0.260751 -0.225264
vn 0.809122 0.231174 -0.540259
vn -0.795381 -0.197835 0.572914
vn -0.717110 -0.136938 0.683375
vn -0.525353 -0.850611 -0.021568
vn -0.032187 -0.866801 -0.497615
vn 0.406465 -0.696192 -0.591695
vn 0.850083 -0.227218 -0.475112
vn 0.914978 -0.010094 -0.403376
vn -0.044611 0.409422 -0.911254
vn -0.409510 0.429699 -0.804774
vn -0.654504 0.522816 -0.546157
vn -0.669209 0.739633 -0.071434
vn -0.382887 0.750313 0.538914
vn -0.276064 0.687162 0.672009
vn -0.080918 0.792267 0.604786
vn 0.009989 0.753907 0.656905
vn -0.023319 0.687971 0.725364
vn -0.061610 0.590944 0.804356
vn -0.054320 0.548341 0.834488
vn 0.003086 0.484190 0.874957
vn 0.105938 0.381503 0.918277
vn 0.170634 0.364483 0.915443
vn 0.000000 0.367680 0.929952
vn -0.170216 0.236708 0.956554
vn -0.091515 0.237872 0.966976
vn 0.064456 0.228813 0.971334
vn 0.150219 0.386727 0.909877
vn 0.172719 0.491782 0.853416
vn 0.165902 0.526522 0.833817
vn 0.044758 0.627799 0.777088
vn -0.143860 0.724603 0.673984
vn -0.106560 0.794387 0.597992
vn 0.187096 0.714542 0.674110
vn 0.305741 0.933960 0.185042
vn 0.487311 0.741974 -0.460437
vn 0.318275 0.484487 -0.814846
vn 0.087197 0.428686 -0.899236
vn -0.000000 0.436381 -0.899762
vn 0.886579 0.159628 -0.434161
vn 0.766944 0.345846 -0.540544
vn 0.779100 0.444632 -0.441933
vn -0.989912 0.136634 0.037486
vn -0.966475 0.244309 -0.078983
vn -0.933781 0.301293 -0.193068
vn -0.861880 0.381576 -0.334010
vn -0.834250 0.458647 -0.306055
vn -0.891240 0.426574 -0.154035
vn -0.866981 0.497639 -0.026452
vn -0.818423 0.557068 0.140921
vn -0.818562 0.503486 0.276512
vn -0.885853 0.340033 0.315662
vn -0.930977 0.213938 0.295825
vn -0.951426 0.158402 0.264002
vn -0.958515 0.163382 0.233569
vn -0.637592 0.078508 0.766364
vn -0.660912 0.223848 0.716301
vn -0.726968 0.173990 0.664263
vn -0.724339 0.130453 0.676990
vn -0.655179 -0.457662 0.601071
vn 0.000044 -1.000000 0.000057
vn -0.001302 -0.999969 -0.007808
vn -0.002535 0.999992 -0.003149
vn 0.011258 -0.999682 0.022569
vn -0.007135 -0.999974 0.001161
vn -0.700383 -0.487522 0.521330
vn -0.794816 0.081302 0.601380
vn -0.786261 0.124516 0.605218
vn -0.676541 0.046746 0.734920
vn -0.974923 0.120485 0.187106
vn -0.988785 0.090404 0.118878
vn 0.352984 0.409612 -0.841202
vn 0.000499 -0.174534 -0.984651
vn -0.597519 -0.319744 -0.735347
vn -0.959801 -0.225619 0.166968
vn -0.326843 -0.670354 0.666183
vn -0.237506 -0.957471 -0.163831
vn -0.861844 -0.425385 0.276175
vn -0.871794 -0.483720 0.077398
vn -0.782091 -0.322731 0.533084
vn -0.781507 -0.287853 0.553522
vn -0.957543 -0.193787 0.213444
vn -0.760347 -0.095551 -0.642451
vn -0.878486 -0.343538 -0.332030
vn -0.958327 -0.238956 0.156556
vn 0.963883 0.150496 -0.219727
vn 0.991854 0.088851 -0.091281
vn 0.998066 0.031011 0.053876
vn 0.742722 -0.137860 0.655254
vn 0.798192 -0.028181 0.601744
vn 0.737544 -0.054617 0.673087
vn 0.427558 -0.386648 0.817128
vn 0.717694 0.056657 0.694050
vn 0.705561 0.256497 0.660601
vn 0.131077 0.971430 0.197844
vn 0.040523 0.991112 0.126707
vn 0.262419 0.933416 0.244686
vn 0.722253 0.691623 0.002987
vn 0.953445 0.285045 -0.098449
vn -0.914132 -0.147308 0.377708
vn -0.829980 0.066744 0.553786
vn -0.932450 -0.254263 0.256687
vn -0.395966 -0.836383 -0.379044
vn 0.043085 -0.668010 -0.742904
vn 0.515137 -0.500850 -0.695545
vn 0.893391 -0.103201 -0.437267
vn -0.069829 0.433107 -0.898634
vn -0.356836 0.455888 -0.815373
vn -0.563812 0.644115 -0.516945
vn -0.466334 0.879763 0.092464
vn -0.219972 0.730870 0.646097
vn -0.134472 0.752199 0.645069
vn 0.078321 0.791200 0.606522
vn 0.014430 0.711674 0.702361
vn -0.086350 0.606211 0.790602
vn -0.118657 0.539562 0.833543
vn -0.101178 0.489845 0.865919
vn -0.021546 0.392927 0.919317
vn 0.091515 0.237872 0.966976
vn 0.170216 0.236708 0.956554
vn 0.000000 0.243325 0.969945
vn -0.124734 0.055550 0.990634
vn -0.012049 -0.008955 0.999887
vn 0.159623 -0.055438 0.985620
vn 0.211248 0.206377 0.955397
vn 0.275110 0.365554 0.889204
vn 0.226438 0.483917 0.845311
vn 0.162958 0.512859 0.842864
vn -0.050952 0.629402 0.775408
vn -0.227495 0.775272 0.589236
vn 0.002029 0.778249 0.627953
vn 0.296848 0.930519 0.214512
vn 0.378233 0.834743 -0.400181
vn 0.261550 0.523677 -0.810774
vn 0.100400 0.412314 -0.905493
vn -0.000000 0.432056 -0.901847
vn 0.848073 0.155191 -0.506643
vn -0.979875 0.198631 0.019786
vn -0.953523 0.291822 -0.075054
vn -0.918747 0.354896 -0.173066
vn -0.914192 0.402582 -0.046703
vn -0.883990 0.461419 0.075202
vn -0.888737 0.410616 0.203815
vn -0.938066 0.243820 0.246137
vn -0.956711 0.166374 0.238795
vn -0.962871 0.172613 0.207565
vn -0.729465 0.196527 0.655177
vn -0.000050 -1.000000 -0.000057
vn 0.000024 -1.000000 0.000080
vn -0.001054 -0.999997 -0.002189
vn -0.002866 -0.999995 0.001200
vn -0.776003 0.152335 0.612057
vn -0.981955 0.145867 0.120366
vn 0.393977 -0.029595 -0.918644
vn -0.381084 -0.720349 -0.579544
vn -0.949264 -0.299295 0.096549
vn -0.328245 -0.402838 0.854387
vn 0.024341 -0.647034 0.762073
vn -0.900063 -0.327270 0.287718
vn -0.830096 -0.247931 0.499470
vn -0.791670 -0.419608 0.444058
vn -0.833156 -0.192538 0.518440
vn -0.815885 -0.195069 0.544316
vn -0.777109 -0.146106 0.612172
vn -0.978653 -0.027776 0.203633
vn -0.915482 -0.162998 -0.367865
vn -0.969961 -0.232925 -0.070155
vn 0.985478 0.141294 -0.094176
vn 0.996387 0.071434 0.045929
vn 0.824169 0.019848 0.565996
vn 0.775073 0.057558 0.629245
vn 0.634692 0.334178 0.696772
vn 0.415132 0.751935 0.512112
vn 0.496217 0.713593 0.494524
vn 0.583560 0.745192 0.322718
vn 0.962571 0.270940 0.007051
vn -0.994276 -0.106683 0.005854
vn -0.947949 0.178361 0.263782
vn -0.910245 0.104067 0.400779
vn -0.914557 -0.356411 0.191200
vn -0.087196 0.428685 -0.899236
vn -0.318276 0.484487 -0.814846
vn -0.487311 0.741975 -0.460437
vn -0.305741 0.933960 0.185042
vn -0.187096 0.714542 0.674110
vn 0.106560 0.794387 0.597992
vn 0.143860 0.724603 0.673985
vn -0.044758 0.627800 0.777087
vn -0.165902 0.526522 0.833817
vn -0.172701 0.491785 0.853418
vn -0.150224 0.386728 0.909876
vn -0.064456 0.228813 0.971334
vn 0.012049 -0.008955 0.999887
vn 0.124734 0.055550 0.990634
vn -0.000000 0.105087 0.994463
vn -0.005106 -0.054252 0.998514
vn 0.122686 -0.114501 0.985818
vn 0.258425 -0.159294 0.952807
vn 0.302420 -0.100991 0.947809
vn 0.406817 0.155460 0.900185
vn 0.396750 0.324937 0.858490
vn 0.249962 0.464451 0.849590
vn 0.091667 0.492763 0.865322
vn -0.168337 0.750962 0.638529
vn -0.108975 0.877711 0.466634
vn 0.209519 0.943299 0.257468
vn 0.324110 0.873724 -0.362709
vn 0.219841 0.575746 -0.787519
vn 0.091556 0.443617 -0.891528
vn -0.000000 0.395529 -0.918453
vn -0.965774 0.258800 0.017427
vn -0.940545 0.332915 -0.067396
vn -0.925992 0.375938 0.034788
vn -0.937176 0.310471 0.159088
vn -0.960090 0.180831 0.213371
vn -0.969673 0.206875 0.130140
vn -0.000044 -1.000000 -0.000056
vn -0.000067 -1.000000 -0.000149
vn -0.885157 -0.462278 0.052877
vn -0.601112 -0.129261 0.788642
vn -0.070444 -0.297282 0.952188
vn -0.887256 -0.376029 0.267169
vn -0.940167 -0.080091 0.331166
vn -0.998696 -0.024827 -0.044617
vn -0.988411 -0.075905 -0.131461
vn -0.775066 -0.133666 0.617580
vn -0.843954 0.005595 0.536386
vn -0.956757 -0.024699 0.289837
vn -0.966352 -0.242559 -0.085608
vn 0.990054 0.136982 0.032084
vn 0.845200 0.086981 0.527325
vn 0.755057 0.130474 0.642546
vn 0.827558 0.287284 0.482302
vn -0.988784 -0.124721 0.082162
vn -0.946137 0.168991 0.276165
vn -0.785557 0.290187 0.546527
vn -0.913262 0.073611 0.400667
vn -0.100400 0.412314 -0.905493
vn -0.261550 0.523677 -0.810774
vn -0.378233 0.834743 -0.400181
vn -0.296847 0.930519 0.214512
vn -0.002029 0.778249 0.627953
vn 0.227516 0.775261 0.589243
vn 0.050952 0.629401 0.775408
vn -0.162958 0.512859 0.842864
vn -0.226402 0.483936 0.845309
vn -0.275094 0.365552 0.889211
vn -0.211249 0.206378 0.955396
vn -0.159623 -0.055438 0.985620
vn -0.122686 -0.114501 0.985818
vn 0.005106 -0.054252 0.998514
vn -0.000000 -0.009133 0.999958
vn 0.045992 -0.094782 0.994435
vn 0.152591 -0.100130 0.983204
vn 0.261154 -0.099078 0.960199
vn 0.377754 -0.196000 0.904923
vn 0.526268 -0.145796 0.837726
vn 0.607031 0.056761 0.792649
vn 0.486632 0.273149 0.829807
vn 0.214307 0.411114 0.886035
vn 0.033976 0.443073 0.895842
vn -0.064872 0.599030 0.798094
vn -0.090399 0.751588 0.653409
vn -0.080956 0.934192 0.347465
vn 0.141639 0.979766 0.141411
vn 0.283605 0.892663 -0.350315
vn 0.241305 0.621699 -0.745159
vn 0.072055 0.426359 -0.901680
vn -0.000000 0.411419 -0.911446
vn -0.952748 0.303201 0.018465
vn -0.962643 0.235351 0.133900
vn -0.901509 -0.053703 0.429415
vn -0.447971 -0.029107 0.893574
vn -0.985000 -0.151714 0.082208
vn -0.986081 -0.138139 0.092533
vn -0.799829 0.011114 0.600125
vn -0.846328 0.023380 0.532148
vn -0.850532 -0.069505 0.521310
vn -0.779245 -0.039509 0.625472
vn -0.770913 0.167752 0.614453
vn -0.793144 0.297552 0.531400
vn -0.091555 0.443617 -0.891528
vn -0.219841 0.575746 -0.787519
vn -0.324110 0.873724 -0.362710
vn -0.209518 0.943298 0.257470
vn 0.108997 0.877719 0.466615
vn 0.168342 0.750940 0.638553
vn -0.091667 0.492763 0.865322
vn -0.249959 0.464476 0.849578
vn -0.396724 0.324931 0.858505
vn -0.406812 0.155459 0.900187
vn -0.302420 -0.100991 0.947810
vn -0.258425 -0.159294 0.952807
vn -0.152591 -0.100130 0.983204
vn -0.045992 -0.094782 0.994435
vn 0.000000 -0.092161 0.995744
vn 0.058506 -0.181177 0.981709
vn 0.123696 -0.171222 0.977437
vn 0.202347 -0.136444 0.969762
vn 0.388049 -0.087321 0.917493
vn 0.594072 -0.209033 0.776778
vn 0.738924 -0.208786 0.640625
vn 0.736424 -0.043422 0.675125
vn 0.517024 0.209164 0.830022
vn 0.166851 0.338847 0.925928
vn 0.082366 0.400810 0.912451
vn 0.000592 0.614046 0.789270
vn 0.027350 0.807707 0.588949
vn -0.034640 0.956103 0.290978
vn 0.097267 0.995207 -0.010133
vn 0.239434 0.912423 -0.331898
vn 0.250613 0.650671 -0.716813
vn 0.156904 0.459227 -0.874352
vn -0.000000 0.388837 -0.921306
vn -0.869742 0.204439 0.449170
vn -0.992298 -0.103360 -0.068277
vn -0.941551 -0.140495 0.306175
vn -0.808489 0.088989 0.581744
vn -0.845637 -0.017958 0.533456
vn -0.866697 -0.236939 0.438971
vn -0.072055 0.426359 -0.901680
vn -0.241305 0.621698 -0.745160
vn -0.283605 0.892663 -0.350315
vn -0.141629 0.979769 0.141404
vn 0.080960 0.934185 0.347483
vn 0.090321 0.751564 0.653447
vn 0.064829 0.599048 0.798084
vn -0.033988 0.443103 0.895826
vn -0.214320 0.411127 0.886026
vn -0.486644 0.273155 0.829798
vn -0.607024 0.056746 0.792655
vn -0.526269 -0.145797 0.837726
vn -0.377754 -0.196000 0.904923
vn -0.261154 -0.099078 0.960199
vn -0.123696 -0.171222 0.977437
vn -0.058506 -0.181177 0.981709
vn 0.000000 -0.176294 0.984338
vn 0.066355 -0.074750 0.994992
vn 0.112353 -0.081454 0.990324
vn 0.167569 -0.092662 0.981496
vn 0.361233 -0.105045 0.926540
vn 0.562001 -0.073098 0.823900
vn 0.778219 -0.174854 0.603159
vn 0.844678 -0.272829 0.460526
vn 0.820556 -0.153542 0.550557
vn 0.520950 0.114670 0.845850
vn 0.221824 0.271672 0.936477
vn 0.204632 0.369555 0.906397
vn 0.150658 0.632498 0.759769
vn 0.165555 0.842617 0.512433
vn 0.085510 0.972152 0.218192
vn 0.058637 0.984216 -0.166976
vn 0.218627 0.922451 -0.318256
vn 0.223637 0.690030 -0.688364
vn 0.193821 0.489560 -0.850156
vn 0.066892 0.343229 -0.936867
vn -0.007782 0.312114 -0.950013
vn -0.000000 0.296186 -0.955130
vn -0.957040 -0.287378 0.038572
vn -0.156903 0.459227 -0.874352
vn -0.250613 0.650670 -0.716813
vn -0.239434 0.912423 -0.331897
vn -0.097261 0.995207 -0.010144
vn 0.034586 0.956099 0.290995
vn -0.027362 0.807691 0.588971
vn -0.000599 0.614080 0.789243
vn -0.082354 0.400855 0.912432
vn -0.166851 0.338847 0.925929
vn -0.517060 0.209172 0.829998
vn -0.736432 -0.043448 0.675114
vn -0.738924 -0.208788 0.640624
vn -0.594075 -0.209033 0.776776
vn -0.388049 -0.087321 0.917493
vn -0.202347 -0.136443 0.969762
vn -0.112353 -0.081454 0.990324
vn -0.066355 -0.074750 0.994992
vn -0.000000 -0.080793 0.996731
vn 0.073762 0.059535 0.995497
vn 0.172018 0.041496 0.984219
vn 0.251982 -0.010383 0.967676
vn 0.326952 -0.098898 0.939852
vn 0.527114 -0.084635 0.845569
vn 0.721167 -0.041281 0.691530
vn 0.866426 -0.127396 0.482780
vn 0.895113 -0.296432 0.333018
vn 0.851449 -0.272601 0.448022
vn 0.485780 0.036339 0.873326
vn 0.310908 0.204669 0.928142
vn 0.345883 0.363755 0.864897
vn 0.274965 0.637027 0.720132
vn 0.253836 0.847807 0.465607
vn 0.206297 0.966620 0.151946
vn 0.129349 0.960063 -0.248089
vn 0.152390 0.923665 -0.351597
vn 0.184352 0.746421 -0.639430
vn 0.185683 0.529263 -0.827891
vn 0.120021 0.401436 -0.907989
vn -0.016319 0.274338 -0.961495
vn -0.055549 0.233856 -0.970683
vn -0.000000 0.216072 -0.976377
vn 0.007782 0.312114 -0.950013
vn -0.066891 0.343229 -0.936867
vn -0.193821 0.489560 -0.850156
vn -0.223636 0.690030 -0.688365
vn -0.218627 0.922451 -0.318256
vn -0.058642 0.984215 -0.166981
vn -0.085512 0.972147 0.218214
vn -0.165503 0.842614 0.512456
vn -0.150587 0.632515 0.759769
vn -0.204608 0.369576 0.906394
vn -0.221824 0.271672 0.936477
vn -0.520950 0.114670 0.845850
vn -0.820568 -0.153548 0.550537
vn -0.844674 -0.272826 0.460534
vn -0.778219 -0.174853 0.603159
vn -0.562002 -0.073097 0.823900
vn -0.361233 -0.105045 0.926540
vn -0.167569 -0.092662 0.981496
vn -0.172018 0.041496 0.984220
vn -0.073762 0.059535 0.995497
vn 0.000000 0.061230 0.998124
vn 0.084899 0.036534 0.995720
vn 0.230785 0.042042 0.972096
vn 0.352681 0.036611 0.935027
vn 0.350558 -0.060094 0.934611
vn 0.494449 -0.097463 0.863725
vn 0.680299 -0.064155 0.730122
vn 0.834950 -0.016317 0.550084
vn 0.883525 -0.113390 0.454452
vn 0.910479 -0.323766 0.257302
vn 0.830694 -0.334091 0.445343
vn 0.497634 -0.026241 0.866990
vn 0.460863 0.189274 0.867053
vn 0.496091 0.482619 0.721785
vn 0.383849 0.643813 0.661941
vn 0.371745 0.802892 0.466016
vn 0.274410 0.951449 0.139440
vn 0.186881 0.942363 -0.277537
vn 0.157769 0.913983 -0.373824
vn 0.126499 0.824854 -0.551012
vn 0.128659 0.576839 -0.806662
vn 0.140437 0.450827 -0.881495
vn 0.045128 0.330177 -0.942840
vn -0.078027 0.230152 -0.970022
vn -0.098010 0.202847 -0.974293
vn 0.000000 0.189543 -0.981872
vn 0.055549 0.233856 -0.970683
vn 0.016318 0.274338 -0.961495
vn -0.120021 0.401437 -0.907989
vn -0.185683 0.529263 -0.827890
vn -0.184352 0.746421 -0.639429
vn -0.152390 0.923665 -0.351597
vn -0.129349 0.960063 -0.248088
vn -0.206286 0.966621 0.151953
vn -0.253836 0.847807 0.465607
vn -0.274966 0.637027 0.720132
vn -0.345884 0.363757 0.864896
vn -0.310908 0.204670 0.928142
vn -0.485779 0.036339 0.873326
vn -0.851449 -0.272601 0.448022
vn -0.895114 -0.296423 0.333022
vn -0.866417 -0.127399 0.482796
vn -0.721167 -0.041279 0.691530
vn -0.527114 -0.084635 0.845570
vn -0.326952 -0.098898 0.939852
vn -0.251982 -0.010383 0.967676
vn -0.230784 0.042042 0.972096
vn -0.084899 0.036534 0.995720
vn -0.000000 0.034569 0.999402
vn 0.086968 0.078187 0.993138
vn 0.224089 0.080617 0.971229
vn 0.374373 0.083951 0.923470
vn 0.395961 0.019603 0.918058
vn 0.481477 -0.075994 0.873158
vn 0.645026 -0.091251 0.758693
vn 0.835880 -0.063184 0.545263
vn 0.882888 -0.046488 0.467277
vn 0.880627 -0.106526 0.461681
vn 0.914218 -0.357890 0.190051
vn 0.733913 -0.367533 0.571219
vn 0.569960 -0.052161 0.820015
vn 0.559549 0.326050 0.761969
vn 0.478885 0.673276 0.563355
vn 0.319265 0.921286 0.222042
vn 0.216085 0.950844 -0.221819
vn 0.165336 0.911601 -0.376361
vn 0.129983 0.877457 -0.461708
vn 0.036140 0.638054 -0.769143
vn 0.121967 0.481223 -0.868072
vn 0.114589 0.357387 -0.926900
vn 0.010097 0.242179 -0.970179
vn -0.100078 0.153805 -0.983020
vn -0.128702 0.153299 -0.979763
vn 0.000000 0.150028 -0.988682
vn 0.098010 0.202846 -0.974293
vn 0.078027 0.230151 -0.970022
vn -0.045128 0.330178 -0.942839
vn -0.140437 0.450827 -0.881494
vn -0.128659 0.576839 -0.806662
vn -0.126500 0.824854 -0.551012
vn -0.157770 0.913983 -0.373824
vn -0.186882 0.942363 -0.277537
vn -0.274410 0.951449 0.139439
vn -0.371744 0.802891 0.466018
vn -0.383849 0.643812 0.661941
vn -0.496092 0.482619 0.721783
vn -0.460863 0.189275 0.867053
vn -0.497634 -0.026241 0.866990
vn -0.830694 -0.334091 0.445344
vn -0.910480 -0.323761 0.257301
vn -0.883525 -0.113390 0.454453
vn -0.834946 -0.016320 0.550090
vn -0.680299 -0.064155 0.730122
vn -0.494449 -0.097463 0.863725
vn -0.350559 -0.060094 0.934611
vn -0.352681 0.036611 0.935027
vn -0.224089 0.080617 0.971229
vn -0.086968 0.078187 0.993138
vn -0.000000 0.074439 0.997226
vn 0.081996 0.073113 0.993947
vn 0.200980 0.083047 0.976069
vn 0.359908 0.091060 0.928533
vn 0.403785 0.080796 0.911279
vn 0.459853 0.023323 0.887688
vn 0.627045 -0.074260 0.775435
vn 0.838523 -0.097719 0.536032
vn 0.922780 -0.108520 0.369731
vn 0.941129 -0.140806 0.307326
vn 0.911139 -0.101499 0.399404
vn 0.904756 -0.108867 0.411782
vn 0.895579 -0.077452 0.438108
vn 0.923387 -0.335678 0.186217
vn 0.856885 -0.502703 0.114181
vn 0.796435 -0.579707 0.172136
vn 0.710105 -0.371290 0.598244
vn 0.567385 0.163504 0.807057
vn 0.512284 0.547669 0.661531
vn 0.388283 0.866292 0.314285
vn 0.246524 0.958082 -0.145959
vn 0.164972 0.915849 -0.366067
vn 0.172475 0.886246 -0.429907
vn 0.053633 0.714416 -0.697662
vn 0.032513 0.500372 -0.865200
vn 0.134228 0.361759 -0.922558
vn 0.130803 0.225068 -0.965523
vn 0.010771 0.135497 -0.990719
vn -0.092688 0.045597 -0.994651
vn -0.132714 0.067097 -0.988881
vn 0.000000 0.068966 -0.997619
vn 0.128703 0.153299 -0.979763
vn 0.100078 0.153805 -0.983020
vn -0.010097 0.242179 -0.970179
vn -0.114589 0.357387 -0.926900
vn -0.121967 0.481223 -0.868072
vn -0.036140 0.638055 -0.769143
vn -0.129983 0.877457 -0.461707
vn -0.165336 0.911601 -0.376362
vn -0.216085 0.950844 -0.221818
vn -0.319265 0.921285 0.222045
vn -0.478885 0.673276 0.563355
vn -0.559550 0.326051 0.761968
vn -0.569960 -0.052161 0.820015
vn -0.733913 -0.367533 0.571220
vn -0.914218 -0.357890 0.190051
vn -0.880633 -0.106505 0.461674
vn -0.882883 -0.046495 0.467286
vn -0.835881 -0.063184 0.545263
vn -0.645026 -0.091251 0.758693
vn -0.481477 -0.075994 0.873158
vn -0.395961 0.019603 0.918058
vn -0.374373 0.083951 0.923470
vn -0.200980 0.083047 0.976069
vn -0.081996 0.073113 0.993947
vn -0.000000 0.074902 0.997191
vn 0.067920 -0.049175 0.996478
vn 0.160845 -0.031506 0.986477
vn 0.284813 0.008837 0.958542
vn 0.387125 0.105255 0.916000
vn 0.405887 0.095119 0.908960
vn 0.602617 0.038270 0.797112
vn 0.847277 -0.075784 0.525717
vn 0.945270 -0.124804 0.301477
vn 0.964492 -0.185379 0.188122
vn 0.971539 -0.234887 0.030668
vn 0.974133 -0.217674 0.060689
vn 0.966029 -0.244889 0.082567
vn 0.891807 -0.030222 0.451405
vn 0.889312 -0.068760 0.452102
vn 0.867364 -0.403148 0.291807
vn 0.850465 -0.525067 0.031848
vn 0.745367 -0.612709 0.262709
vn 0.569648 -0.461265 0.680247
vn 0.454040 0.126445 0.881963
vn 0.458364 0.510245 0.727704
vn 0.465114 0.786937 0.405462
vn 0.316112 0.942670 -0.106992
vn 0.210892 0.900471 -0.380364
vn 0.169000 0.884737 -0.434372
vn 0.156471 0.733463 -0.661474
vn 0.025785 0.528686 -0.848426
vn 0.071730 0.376312 -0.923712
vn 0.192459 0.190565 -0.962624
vn 0.165466 0.107646 -0.980323
vn 0.017941 0.037593 -0.999132
vn -0.078653 -0.025576 -0.996574
vn -0.124573 -0.009702 -0.992163
vn -0.000000 -0.009287 -0.999957
vn 0.132714 0.067097 -0.988881
vn 0.092688 0.045597 -0.994651
vn -0.010771 0.135497 -0.990719
vn -0.130803 0.225068 -0.965523
vn -0.134228 0.361759 -0.922558
vn -0.032513 0.500372 -0.865200
vn -0.053633 0.714416 -0.697663
vn -0.172475 0.886246 -0.429908
vn -0.164972 0.915848 -0.366068
vn -0.246524 0.958083 -0.145958
vn -0.388288 0.866291 0.314281
vn -0.512285 0.547670 0.661529
vn -0.567401 0.163486 0.807049
vn -0.710104 -0.371289 0.598244
vn -0.796435 -0.579707 0.172139
vn -0.856885 -0.502703 0.114184
vn -0.923387 -0.335677 0.186218
vn -0.895579 -0.077452 0.438108
vn -0.904764 -0.108865 0.411764
vn -0.911146 -0.101493 0.399390
vn -0.941127 -0.140804 0.307336
vn -0.922778 -0.108522 0.369735
vn -0.838523 -0.097719 0.536032
vn -0.627045 -0.074260 0.775435
vn -0.459854 0.023323 0.887688
vn -0.403785 0.080796 0.911279
vn -0.359909 0.091060 0.928533
vn -0.160845 -0.031506 0.986477
vn -0.067920 -0.049175 0.996478
vn -0.000000 -0.051804 0.998657
vn 0.055665 -0.236955 0.969925
vn 0.124079 -0.225538 0.966301
vn 0.154711 -0.173655 0.972578
vn 0.325872 0.071470 0.942709
vn 0.341699 0.127669 0.931098
vn 0.536165 0.129315 0.834149
vn 0.834747 0.050769 0.548288
vn 0.959664 -0.079729 0.269607
vn 0.980140 -0.165478 0.109282
vn 0.968381 -0.248617 -0.020661
vn 0.922979 -0.260043 -0.283702
vn 0.925384 -0.247310 -0.287232
vn 0.912824 -0.250616 -0.322403
vn 0.967260 -0.227226 0.113032
vn 0.871861 -0.079957 0.483182
vn 0.805078 -0.262951 0.531701
vn 0.791047 -0.546085 0.275746
vn 0.404927 -0.649784 0.643285
vn 0.156407 -0.177654 0.971584
vn 0.001691 0.798913 0.601445
vn 0.427531 0.795741 0.428969
vn 0.407826 0.908491 -0.091222
vn 0.266946 0.858752 -0.437362
vn 0.214658 0.832122 -0.511366
vn 0.194452 0.742171 -0.641381
vn 0.147822 0.535441 -0.831536
vn 0.101614 0.374311 -0.921719
vn 0.188281 0.189529 -0.963654
vn 0.288279 0.071992 -0.954836
vn 0.191697 0.019905 -0.981252
vn 0.021998 -0.041404 -0.998900
vn -0.071637 -0.068532 -0.995074
vn -0.143259 -0.065036 -0.987546
vn -0.000000 -0.079469 -0.996837
vn 0.124573 -0.009702 -0.992163
vn 0.078653 -0.025576 -0.996574
vn -0.017941 0.037593 -0.999132
vn -0.165466 0.107646 -0.980323
vn -0.192460 0.190565 -0.962624
vn -0.071730 0.376312 -0.923712
vn -0.025785 0.528686 -0.848426
vn -0.156471 0.733464 -0.661474
vn -0.169000 0.884737 -0.434373
vn -0.210892 0.900471 -0.380364
vn -0.316119 0.942668 -0.106980
vn -0.465117 0.786947 0.405439
vn -0.458402 0.510187 0.727720
vn -0.454072 0.126443 0.881947
vn -0.569646 -0.461264 0.680249
vn -0.745365 -0.612708 0.262715
vn -0.850465 -0.525067 0.031854
vn -0.867364 -0.403147 0.291808
vn -0.889312 -0.068760 0.452102
vn -0.891809 -0.030232 0.451401
vn -0.966030 -0.244893 0.082549
vn -0.974134 -0.217672 0.060688
vn -0.971539 -0.234886 0.030675
vn -0.964491 -0.185385 0.188122
vn -0.945270 -0.124804 0.301476
vn -0.847277 -0.075784 0.525717
vn -0.602617 0.038270 0.797112
vn -0.405887 0.095119 0.908960
vn -0.387125 0.105255 0.916000
vn -0.284813 0.008837 0.958542
vn -0.124079 -0.225538 0.966301
vn -0.055665 -0.236955 0.969925
vn -0.000000 -0.239129 0.970988
vn 0.028136 -0.548616 0.835601
vn 0.064886 -0.475897 0.877104
vn -0.029613 -0.340624 0.939733
vn 0.165244 -0.059192 0.984475
vn 0.285724 0.123000 0.950386
vn 0.464963 0.151717 0.872234
vn 0.794079 0.163368 0.585448
vn 0.964904 0.033845 0.260411
vn 0.994178 -0.094870 0.051093
vn 0.969928 -0.223569 -0.096210
vn 0.904613 -0.285459 -0.316526
vn 0.736492 -0.248408 -0.629184
vn 0.746236 -0.220575 -0.628075
vn 0.725239 -0.183671 -0.663547
vn 0.896531 -0.269330 -0.351702
vn 0.974752 -0.208507 0.079894
vn 0.849862 -0.218210 0.479707
vn 0.704895 -0.491258 0.511653
vn 0.265180 -0.701409 0.661592
vn -0.034286 -0.306712 0.951185
vn -0.232771 0.310441 0.921653
vn 0.126827 0.957389 0.259462
vn 0.391453 0.913806 -0.108272
vn 0.315041 0.824951 -0.469261
vn 0.261846 0.750054 -0.607334
vn 0.216064 0.751337 -0.623545
vn 0.199873 0.533034 -0.822147
vn 0.201891 0.354746 -0.912905
vn 0.253496 0.154246 -0.954960
vn 0.412629 0.004556 -0.910888
vn 0.416206 -0.048500 -0.907976
vn 0.201804 -0.071960 -0.976779
vn 0.028544 -0.091088 -0.995434
vn -0.072653 -0.139032 -0.987619
vn -0.197618 -0.138482 -0.970448
vn 0.000000 -0.154415 -0.988006
vn 0.143258 -0.065036 -0.987546
vn 0.071637 -0.068532 -0.995074
vn -0.021998 -0.041404 -0.998900
vn -0.191697 0.019905 -0.981252
vn -0.288279 0.071992 -0.954836
vn -0.188281 0.189529 -0.963654
vn -0.101614 0.374310 -0.921719
vn -0.147822 0.535442 -0.831535
vn -0.194452 0.742171 -0.641381
vn -0.214658 0.832122 -0.511366
vn -0.266944 0.858751 -0.437365
vn -0.407818 0.908493 -0.091243
vn -0.427506 0.795746 0.428983
vn -0.001653 0.798918 0.601437
vn -0.156407 -0.177645 0.971586
vn -0.404926 -0.649783 0.643286
vn -0.791047 -0.546085 0.275746
vn -0.805079 -0.262951 0.531700
vn -0.871861 -0.079957 0.483182
vn -0.967259 -0.227223 0.113044
vn -0.912821 -0.250614 -0.322412
vn -0.925384 -0.247313 -0.287229
vn -0.922982 -0.260043 -0.283693
vn -0.968381 -0.248617 -0.020662
vn -0.980140 -0.165478 0.109282
vn -0.959664 -0.079729 0.269607
vn -0.834747 0.050769 0.548288
vn -0.536165 0.129315 0.834149
vn -0.341699 0.127669 0.931098
vn -0.325872 0.071470 0.942709
vn -0.154711 -0.173655 0.972578
vn -0.064886 -0.475897 0.877105
vn -0.028136 -0.548616 0.835601
vn -0.000000 -0.577249 0.816568
vn -0.134267 -0.870533 0.473439
vn -0.274828 -0.695968 0.663399
vn -0.412276 -0.356620 0.838362
vn -0.080047 -0.158264 0.984147
vn 0.244644 0.041926 0.968706
vn 0.427456 0.134588 0.893962
vn 0.764136 0.179514 0.619573
vn 0.953584 0.162399 0.253582
vn 0.999986 -0.003925 0.003487
vn 0.967837 -0.143149 -0.206883
vn 0.875052 -0.290997 -0.386788
vn 0.697544 -0.297045 -0.652071
vn 0.461868 -0.229490 -0.856745
vn 0.476544 -0.180948 -0.860328
vn 0.465809 -0.142683 -0.873306
vn 0.698099 -0.190868 -0.690092
vn 0.877046 -0.265003 -0.400705
vn 0.963856 -0.258438 0.064750
vn 0.729542 -0.431105 0.530958
vn 0.253082 -0.775674 0.578169
vn 0.015578 -0.607303 0.794318
vn -0.211949 -0.240769 0.947158
vn -0.070709 0.482046 0.873288
vn -0.024572 0.917882 0.396092
vn 0.044507 0.994127 0.098647
vn 0.213154 0.971869 -0.100184
vn 0.297650 0.813958 -0.498876
vn 0.277259 0.674046 -0.684683
vn 0.248934 0.627712 -0.737570
vn 0.237556 0.344173 -0.908357
vn 0.287731 0.087040 -0.953748
vn 0.468656 -0.094324 -0.878331
vn 0.531677 -0.047779 -0.845599
vn 0.437420 -0.118416 -0.891426
vn 0.208970 -0.117290 -0.970863
vn 0.024991 -0.143645 -0.989314
vn -0.089719 -0.213675 -0.972776
vn -0.197717 -0.209781 -0.957549
vn 0.000000 -0.205803 -0.978594
vn 0.197618 -0.138482 -0.970448
vn 0.072653 -0.139032 -0.987619
vn -0.028544 -0.091088 -0.995434
vn -0.201804 -0.071960 -0.976779
vn -0.416206 -0.048500 -0.907976
vn -0.412629 0.004557 -0.910888
vn -0.253497 0.154245 -0.954960
vn -0.201891 0.354746 -0.912905
vn -0.199873 0.533035 -0.822146
vn -0.216065 0.751338 -0.623544
vn -0.261846 0.750055 -0.607334
vn -0.315040 0.824948 -0.469266
vn -0.391412 0.913818 -0.108318
vn -0.126752 0.957403 0.259447
vn 0.232795 0.310434 0.921649
vn 0.034286 -0.306712 0.951185
vn -0.265179 -0.701409 0.661593
vn -0.704896 -0.491258 0.511652
vn -0.849862 -0.218210 0.479707
vn -0.974752 -0.208507 0.079893
vn -0.896530 -0.269325 -0.351708
vn -0.725238 -0.183671 -0.663547
vn -0.746237 -0.220575 -0.628074
vn -0.736492 -0.248408 -0.629184
vn -0.904614 -0.285458 -0.316522
vn -0.969928 -0.223569 -0.096210
vn -0.994178 -0.094870 0.051093
vn -0.964904 0.033845 0.260411
vn -0.794079 0.163368 0.585448
vn -0.464963 0.151717 0.872234
vn -0.285724 0.123000 0.950386
vn -0.165244 -0.059192 0.984475
vn 0.029613 -0.340624 0.939733
vn 0.274827 -0.695969 0.663399
vn 0.134267 -0.870533 0.473439
vn -0.000000 -0.899097 0.437750
vn -0.328884 -0.920684 0.210184
vn -0.800910 -0.467950 0.373587
vn -0.790368 -0.133016 0.598018
vn -0.380020 -0.111583 0.918223
vn 0.120596 -0.003225 0.992696
vn 0.457101 0.069829 0.886669
vn 0.782368 0.092452 0.615916
vn 0.943771 0.192936 0.268463
vn 0.990185 0.135437 -0.034509
vn 0.958745 -0.031910 -0.282471
vn 0.843439 -0.196717 -0.499913
vn 0.655632 -0.314206 -0.686601
vn 0.439208 -0.282913 -0.852676
vn 0.183460 -0.202392 -0.961967
vn 0.196917 -0.150358 -0.968822
vn 0.681204 -0.200905 -0.703988
vn 0.899009 -0.270362 -0.344509
vn 0.868141 -0.490378 0.076560
vn 0.197460 -0.816874 0.541966
vn -0.008658 -0.757337 0.652967
vn -0.127240 -0.611245 0.781146
vn -0.111743 -0.158350 0.981040
vn 0.040710 0.571029 0.819920
vn 0.050494 0.956405 0.287646
vn 0.049833 0.998593 0.018129
vn 0.079267 0.995119 -0.058781
vn 0.143096 0.883517 -0.446006
vn 0.270976 0.536822 -0.798996
vn 0.264364 0.487733 -0.832002
vn 0.289696 0.085725 -0.953272
vn 0.387924 -0.243128 -0.889047
vn 0.572051 -0.118497 -0.811613
vn 0.709257 -0.162733 -0.685910
vn -0.002618 -0.200015 -0.979789
vn -0.102675 -0.214652 -0.971279
vn -0.146884 -0.206154 -0.967432
vn 0.000000 -0.202725 -0.979236
vn 0.197717 -0.209781 -0.957549
vn 0.089719 -0.213675 -0.972776
vn -0.024991 -0.143645 -0.989314
vn -0.208970 -0.117290 -0.970863
vn -0.437420 -0.118416 -0.891427
vn -0.531677 -0.047779 -0.845599
vn -0.468656 -0.094324 -0.878331
vn -0.287732 0.087040 -0.953748
vn -0.237556 0.344174 -0.908356
vn -0.248934 0.627712 -0.737570
vn -0.277259 0.674046 -0.684682
vn -0.297663 0.813960 -0.498865
vn -0.213173 0.971874 -0.100092
vn -0.044500 0.994131 0.098611
vn 0.024586 0.917870 0.396119
vn 0.070719 0.481991 0.873317
vn 0.211949 -0.240768 0.947158
vn -0.015578 -0.607303 0.794318
vn -0.253082 -0.775675 0.578168
vn -0.729543 -0.431105 0.530958
vn -0.963856 -0.258438 0.064750
vn -0.877046 -0.265003 -0.400705
vn -0.698099 -0.190868 -0.690093
vn -0.465809 -0.142683 -0.873306
vn -0.476544 -0.180949 -0.860328
vn -0.461869 -0.229490 -0.856745
vn -0.697544 -0.297045 -0.652071
vn -0.875052 -0.290996 -0.386788
vn -0.967837 -0.143149 -0.206882
vn -0.999986 -0.003925 0.003487
vn -0.953584 0.162399 0.253582
vn -0.764136 0.179514 0.619573
vn -0.427456 0.134588 0.893961
vn -0.244645 0.041926 0.968706
vn 0.080047 -0.158264 0.984147
vn 0.412276 -0.356619 0.838362
vn 0.800909 -0.467950 0.373586
vn 0.328884 -0.920683 0.210185
vn -0.000000 -0.986343 0.164705
vn -0.587537 -0.808178 0.040618
vn -0.945655 -0.272290 0.177750
vn -0.968063 -0.033294 0.248488
vn -0.551401 -0.080344 0.830362
vn -0.024631 0.007192 0.999671
vn 0.426272 0.079722 0.901075
vn 0.768386 0.094316 0.632998
vn 0.949689 0.114139 0.291655
vn 0.977355 0.207289 -0.042515
vn 0.936911 0.136175 -0.321954
vn 0.808561 -0.046331 -0.586585
vn 0.634361 -0.220908 -0.740801
vn 0.426969 -0.288536 -0.856997
vn 0.168439 -0.246169 -0.954479
vn 0.844098 -0.388595 -0.369448
vn 0.219675 -0.967332 0.126538
vn -0.058516 -0.863900 0.500253
vn -0.075608 -0.721485 0.688290
vn -0.108144 -0.650467 0.751797
vn 0.005540 -0.099193 0.995053
vn 0.033953 0.658149 0.752121
vn 0.041132 0.973550 0.224741
vn 0.045777 0.998857 -0.013781
vn 0.056836 0.997932 -0.030010
vn 0.016606 0.944827 -0.327148
vn 0.058491 0.647233 -0.760045
vn 0.274645 0.282275 -0.919179
vn 0.284936 -0.162706 -0.944637
vn 0.401572 -0.315147 -0.859897
vn 0.694363 -0.165200 -0.700407
vn -0.020791 -0.218981 -0.975508
vn -0.086583 -0.161390 -0.983085
vn -0.142980 -0.156253 -0.977314
vn 0.000000 -0.163930 -0.986472
vn 0.146884 -0.206154 -0.967432
vn 0.102675 -0.214652 -0.971279
vn 0.002618 -0.200015 -0.979789
vn -0.196917 -0.150358 -0.968822
vn -0.681203 -0.200905 -0.703988
vn -0.709257 -0.162733 -0.685910
vn -0.572052 -0.118497 -0.811613
vn -0.387924 -0.243127 -0.889047
vn -0.289696 0.085724 -0.953272
vn -0.264365 0.487734 -0.832002
vn -0.270977 0.536822 -0.798996
vn -0.143105 0.883524 -0.445989
vn -0.079271 0.995117 -0.058810
vn -0.049828 0.998594 0.018109
vn -0.050502 0.956405 0.287644
vn -0.040719 0.570978 0.819955
vn 0.111743 -0.158351 0.981040
vn 0.127240 -0.611244 0.781147
vn 0.008658 -0.757337 0.652967
vn -0.197460 -0.816874 0.541965
vn -0.868141 -0.490378 0.076560
vn -0.899009 -0.270362 -0.344509
vn -0.183460 -0.202393 -0.961967
vn -0.439208 -0.282913 -0.852676
vn -0.655632 -0.314206 -0.686601
vn -0.843439 -0.196717 -0.499913
vn -0.958745 -0.031910 -0.282471
vn -0.990185 0.135437 -0.034509
vn -0.943771 0.192936 0.268463
vn -0.782368 0.092452 0.615916
vn -0.457101 0.069829 0.886669
vn -0.120596 -0.003225 0.992696
vn 0.380020 -0.111583 0.918223
vn 0.790371 -0.133007 0.598016
vn 0.945655 -0.272290 0.177750
vn 0.587537 -0.808178 0.040618
vn 0.000000 -0.999348 -0.036096
vn -0.739591 -0.668965 -0.074104
vn -0.922147 -0.380110 -0.071841
vn -0.968587 -0.170552 -0.180971
vn -0.978470 -0.065172 0.195829
vn -0.846340 -0.066413 0.528487
vn -0.589603 -0.091415 0.802504
vn -0.100476 -0.019511 0.994748
vn 0.367236 0.109179 0.923698
vn 0.741657 0.135139 0.657026
vn 0.933469 0.139348 0.330481
vn 0.985537 0.165398 -0.036883
vn 0.907759 0.243728 -0.341423
vn 0.750326 0.163708 -0.640477
vn 0.597554 -0.053435 -0.800047
vn 0.439836 -0.216478 -0.871597
vn 0.196465 -0.238371 -0.951095
vn 0.321872 -0.776397 -0.541855
vn -0.046853 -0.997932 0.044015
vn -0.078467 -0.839692 0.537364
vn -0.044707 -0.787610 0.614551
vn -0.013471 -0.681526 0.731670
vn 0.029611 -0.051525 0.998233
vn 0.086683 0.676447 0.731373
vn 0.070514 0.967359 0.243400
vn 0.021871 0.995374 0.093550
vn 0.069445 0.994288 -0.081044
vn 0.037977 0.959813 -0.278060
vn -0.012525 0.784967 -0.619411
vn 0.096306 0.251750 -0.962989
vn 0.110404 -0.286585 -0.951672
vn 0.375215 -0.356057 -0.855825
vn 0.025227 -0.187246 -0.981989
vn -0.033195 -0.112951 -0.993046
vn -0.139033 -0.099791 -0.985247
vn -0.000000 -0.101234 -0.994863
vn 0.142980 -0.156253 -0.977314
vn 0.086583 -0.161390 -0.983085
vn 0.020792 -0.218981 -0.975508
vn -0.694363 -0.165200 -0.700406
vn -0.401572 -0.315147 -0.859897
vn -0.284936 -0.162705 -0.944637
vn -0.274645 0.282275 -0.919180
vn -0.058492 0.647233 -0.760045
vn -0.016605 0.944828 -0.327146
vn -0.056833 0.997932 -0.030016
vn -0.045784 0.998856 -0.013804
vn -0.041139 0.973542 0.224773
vn -0.033968 0.658119 0.752147
vn -0.005531 -0.099176 0.995054
vn 0.108144 -0.650466 0.751797
vn 0.075608 -0.721484 0.688291
vn 0.058516 -0.863900 0.500252
vn -0.219675 -0.967332 0.126538
vn -0.844099 -0.388595 -0.369448
vn -0.168439 -0.246169 -0.954479
vn -0.426969 -0.288536 -0.856997
vn -0.634361 -0.220908 -0.740801
vn -0.808561 -0.046331 -0.586585
vn -0.936911 0.136175 -0.321954
vn -0.977355 0.207289 -0.042515
vn -0.949690 0.114139 0.291654
vn -0.768386 0.094316 0.632998
vn -0.426272 0.079721 0.901075
vn 0.024631 0.007193 0.999671
vn 0.551399 -0.080335 0.830365
vn 0.968064 -0.033290 0.248484
vn 0.922144 -0.380119 -0.071838
vn 0.739581 -0.668980 -0.074064
vn 0.000000 -0.984713 -0.174186
vn -0.876233 -0.447841 -0.177918
vn -0.806862 -0.537264 -0.245604
vn -0.583422 -0.531219 -0.614349
vn -0.953872 -0.145120 -0.262810
vn -0.142626 -0.059434 0.987991
vn 0.371756 0.045851 0.927197
vn 0.733072 0.164491 0.659961
vn 0.909823 0.188291 0.369823
vn 0.983766 0.175113 -0.039247
vn 0.901501 0.231694 -0.365532
vn 0.708469 0.280048 -0.647800
vn 0.505530 0.178564 -0.844130
vn 0.414170 -0.059404 -0.908259
vn 0.262856 -0.188531 -0.946236
vn -0.032483 -0.810960 -0.584199
vn -0.148780 -0.984883 0.088717
vn -0.035354 -0.814666 0.578851
vn -0.004357 -0.815483 0.578764
vn 0.017950 -0.651946 0.758053
vn 0.062540 0.003388 0.998037
vn 0.195922 0.601706 0.774315
vn 0.126779 0.887876 0.442270
vn -0.017144 0.962420 0.271023
vn 0.036490 0.992266 -0.118648
vn 0.093189 0.925975 -0.365904
vn 0.073617 0.769848 -0.633968
vn -0.018543 0.496538 -0.867817
vn -0.053101 -0.023604 -0.998310
vn 0.003371 -0.441895 -0.897061
vn 0.119619 -0.142723 -0.982508
vn 0.021679 -0.011292 -0.999701
vn -0.126379 -0.008722 -0.991944
vn -0.000000 -0.011777 -0.999931
vn 0.139033 -0.099791 -0.985247
vn 0.033195 -0.112951 -0.993046
vn -0.025227 -0.187245 -0.981989
vn -0.375216 -0.356058 -0.855825
vn -0.110404 -0.286584 -0.951672
vn -0.096306 0.251749 -0.962989
vn 0.012525 0.784967 -0.619411
vn -0.037977 0.959813 -0.278060
vn -0.069444 0.994288 -0.081052
vn -0.021871 0.995374 0.093553
vn -0.070530 0.967354 0.243419
vn -0.086692 0.676436 0.731381
vn -0.029619 -0.051471 0.998235
vn 0.013483 -0.681530 0.731666
vn 0.044707 -0.787609 0.614552
vn 0.078467 -0.839691 0.537365
vn 0.046853 -0.997932 0.044014
vn -0.321872 -0.776397 -0.541855
vn -0.196465 -0.238371 -0.951095
vn -0.439836 -0.216478 -0.871597
vn -0.597553 -0.053435 -0.800047
vn -0.750326 0.163708 -0.640477
vn -0.907759 0.243728 -0.341423
vn -0.985537 0.165398 -0.036883
vn -0.933469 0.139348 0.330481
vn -0.741657 0.135139 0.657026
vn -0.367236 0.109179 0.923698
vn 0.100474 -0.019507 0.994748
vn 0.589596 -0.091410 0.802509
vn 0.846344 -0.066409 0.528481
vn 0.978471 -0.065169 0.195824
vn 0.968587 -0.170552 -0.180971
vn 0.806845 -0.537288 -0.245606
vn 0.876219 -0.447853 -0.177954
vn 0.000010 -0.920817 -0.389996
vn -0.954554 -0.234273 -0.184235
vn -0.711205 -0.545180 -0.443810
vn -0.387253 -0.564808 -0.728716
vn -0.742639 -0.247960 -0.622096
vn -0.987586 -0.104589 0.117196
vn -0.822351 -0.089313 0.561927
vn -0.572559 -0.113143 0.812019
vn 0.358167 -0.003223 0.933652
vn 0.784294 0.094943 0.613082
vn 0.929754 0.131660 0.343836
vn 0.981955 0.166987 -0.088764
vn 0.907951 0.183766 -0.376637
vn 0.681538 0.304489 -0.665427
vn 0.462165 0.328898 -0.823547
vn 0.309297 0.162643 -0.936954
vn 0.309910 -0.058092 -0.948990
vn -0.128596 -0.824784 -0.550631
vn -0.045138 -0.996356 0.072369
vn 0.031964 -0.834710 0.549762
vn 0.009494 -0.829375 0.558612
vn 0.037948 -0.572342 0.819137
vn 0.154620 0.050852 0.986664
vn 0.194194 0.492092 0.848607
vn 0.035825 0.714350 0.698871
vn -0.129009 0.903339 0.409067
vn -0.012137 0.990270 -0.138626
vn 0.085925 0.870538 -0.484542
vn 0.126255 0.706461 -0.696400
vn 0.072559 0.470567 -0.879376
vn 0.000815 -0.013499 -0.999909
vn -0.089500 -0.409988 -0.907689
vn 0.219517 -0.036936 -0.974909
vn 0.027058 0.108487 -0.993730
vn -0.135757 0.109143 -0.984712
vn 0.000000 0.103840 -0.994594
vn 0.126379 -0.008722 -0.991944
vn -0.021679 -0.011292 -0.999701
vn -0.119619 -0.142723 -0.982508
vn -0.003371 -0.441895 -0.897061
vn 0.053101 -0.023603 -0.998310
vn 0.018543 0.496538 -0.867817
vn -0.073617 0.769848 -0.633967
vn -0.093189 0.925976 -0.365902
vn -0.036499 0.992264 -0.118657
vn 0.017146 0.962424 0.271009
vn -0.126757 0.887863 0.442303
vn -0.195890 0.601710 0.774321
vn -0.062551 0.003449 0.998036
vn -0.017950 -0.651938 0.758060
vn 0.004364 -0.815483 0.578765
vn 0.035354 -0.814665 0.578853
vn 0.148780 -0.984883 0.088717
vn 0.032483 -0.810960 -0.584199
vn -0.262856 -0.188531 -0.946236
vn -0.414170 -0.059404 -0.908259
vn -0.505530 0.178564 -0.844130
vn -0.708469 0.280048 -0.647800
vn -0.901501 0.231694 -0.365532
vn -0.983766 0.175113 -0.039247
vn -0.909823 0.188291 0.369823
vn -0.733071 0.164491 0.659961
vn -0.371756 0.045852 0.927197
vn 0.142624 -0.059432 0.987991
vn 0.953871 -0.145119 -0.262813
vn 0.583423 -0.531219 -0.614349
vn 0.711187 -0.545191 -0.443824
vn 0.954550 -0.234275 -0.184256
vn 0.000000 -0.699361 -0.714769
vn -0.968678 -0.074883 -0.236760
vn -0.648398 -0.195375 -0.735805
vn -0.250967 -0.179794 -0.951152
vn -0.004448 -0.483972 -0.875072
vn -0.126112 -0.502518 -0.855320
vn -0.274318 -0.285355 -0.918326
vn -0.937925 -0.139223 -0.317670
vn -0.993084 -0.112972 0.031949
vn -0.797737 -0.108632 0.593139
vn -0.528196 -0.130267 0.839071
vn -0.140371 -0.108509 0.984135
vn 0.794000 0.045333 0.606226
vn 0.962517 0.078709 0.259550
vn 0.986827 0.076010 -0.142813
vn 0.927912 0.085753 -0.362804
vn 0.768401 0.192234 -0.610414
vn 0.450909 0.369636 -0.812435
vn 0.201673 0.373602 -0.905400
vn 0.256177 0.125611 -0.958434
vn -0.034219 -0.826462 -0.561951
vn 0.084005 -0.995875 0.034306
vn 0.060918 -0.911680 0.406359
vn 0.028608 -0.849815 0.526304
vn 0.089150 -0.512223 0.854213
vn 0.187858 0.090540 0.978014
vn 0.035315 0.358171 0.932988
vn -0.218967 0.483677 0.847414
vn -0.244501 0.884392 0.397580
vn -0.065871 0.982963 -0.171597
vn 0.040688 0.796029 -0.603889
vn 0.138146 0.638497 -0.757125
vn 0.142755 0.422441 -0.895078
vn 0.094154 -0.066328 -0.993346
vn -0.028473 -0.437001 -0.899010
vn 0.220915 0.103614 -0.969774
vn -0.045584 0.247846 -0.967726
vn -0.117392 0.214834 -0.969570
vn -0.000000 0.224755 -0.974415
vn 0.135757 0.109143 -0.984712
vn -0.027058 0.108487 -0.993730
vn -0.219517 -0.036936 -0.974909
vn 0.089500 -0.409988 -0.907689
vn -0.000815 -0.013498 -0.999909
vn -0.072559 0.470567 -0.879376
vn -0.126255 0.706461 -0.696399
vn -0.085925 0.870537 -0.484543
vn 0.012148 0.990272 -0.138618
vn 0.129015 0.903338 0.409066
vn -0.035816 0.714341 0.698881
vn -0.194192 0.492098 0.848604
vn -0.154604 0.050880 0.986665
vn -0.037959 -0.572344 0.819135
vn -0.009494 -0.829374 0.558613
vn -0.031960 -0.834713 0.549757
vn 0.045138 -0.996356 0.072369
vn 0.128596 -0.824784 -0.550632
vn -0.309910 -0.058092 -0.948989
vn -0.309297 0.162643 -0.936954
vn -0.462165 0.328898 -0.823547
vn -0.681538 0.304489 -0.665427
vn -0.907951 0.183766 -0.376637
vn -0.981955 0.166987 -0.088764
vn -0.929754 0.131660 0.343836
vn -0.784294 0.094944 0.613082
vn -0.358174 -0.003229 0.933649
vn 0.572554 -0.113147 0.812022
vn 0.822362 -0.089319 0.561911
vn 0.987587 -0.104587 0.117189
vn 0.742639 -0.247960 -0.622096
vn 0.387253 -0.564808 -0.728716
vn 0.648398 -0.195375 -0.735805
vn 0.968678 -0.074883 -0.236760
vn -0.000000 -0.391372 -0.920233
vn -0.883803 0.063152 -0.463577
vn -0.473582 0.140230 -0.869515
vn -0.144018 0.164766 -0.975762
vn 0.082144 -0.139036 -0.986875
vn 0.491484 -0.269973 -0.827985
vn 0.402988 -0.310217 -0.861026
vn 0.251586 -0.184737 -0.950041
vn -0.732595 -0.150220 -0.663882
vn -0.923505 -0.119617 -0.364460
vn -0.992498 -0.122237 0.002526
vn -0.793893 -0.140958 0.591493
vn -0.491458 -0.151576 0.857609
vn -0.109110 -0.150684 0.982542
vn 0.374803 -0.064916 0.924829
vn 0.972607 0.053776 0.226151
vn 0.988329 0.048513 -0.144400
vn 0.930158 0.036339 -0.365358
vn 0.807543 0.061307 -0.586614
vn 0.498439 0.199213 -0.843725
vn 0.132459 0.415178 -0.900046
vn 0.070007 0.370814 -0.926065
vn 0.095050 -0.820352 -0.563904
vn 0.132738 -0.983772 -0.120720
vn 0.063154 -0.948029 0.311853
vn 0.065817 -0.850545 0.521767
vn 0.068533 -0.517131 0.853158
vn 0.123587 0.097926 0.987490
vn -0.109149 0.265918 0.957797
vn -0.209851 0.457725 0.863974
vn -0.245290 0.884809 0.396164
vn -0.134887 0.967300 -0.214792
vn -0.032871 0.796059 -0.604325
vn 0.063082 0.614522 -0.786373
vn 0.162400 0.404261 -0.900111
vn 0.127787 -0.070370 -0.989302
vn 0.092676 -0.429248 -0.898420
vn 0.056523 0.311121 -0.948688
vn -0.389697 0.269788 -0.880540
vn -0.486318 0.152420 -0.860386
vn -0.000000 0.282488 -0.959271
vn 0.117392 0.214834 -0.969570
vn 0.045584 0.247846 -0.967726
vn -0.220914 0.103614 -0.969774
vn 0.028473 -0.437000 -0.899011
vn -0.094154 -0.066328 -0.993346
vn -0.142755 0.422441 -0.895078
vn -0.138146 0.638497 -0.757124
vn -0.040688 0.796029 -0.603889
vn 0.065872 0.982962 -0.171598
vn 0.244499 0.884387 0.397593
vn 0.218961 0.483664 0.847423
vn -0.035339 0.358178 0.932984
vn -0.187860 0.090541 0.978014
vn -0.089147 -0.512224 0.854213
vn -0.028616 -0.849818 0.526299
vn -0.060914 -0.911674 0.406375
vn -0.084005 -0.995875 0.034306
vn 0.034219 -0.826461 -0.561952
vn -0.256177 0.125610 -0.958434
vn -0.201673 0.373602 -0.905400
vn -0.450909 0.369636 -0.812435
vn -0.768401 0.192234 -0.610414
vn -0.927912 0.085765 -0.362800
vn -0.986827 0.076010 -0.142813
vn -0.962517 0.078709 0.259549
vn -0.793995 0.045328 0.606233
vn 0.140372 -0.108511 0.984135
vn 0.528201 -0.130271 0.839067
vn 0.797767 -0.108639 0.593098
vn 0.993085 -0.112971 0.031936
vn 0.937922 -0.139221 -0.317680
vn 0.126112 -0.502518 -0.855319
vn 0.274318 -0.285355 -0.918326
vn 0.004448 -0.483972 -0.875072
vn 0.250967 -0.179794 -0.951152
vn 0.473582 0.140230 -0.869515
vn 0.883803 0.063152 -0.463577
vn 0.941921 -0.026588 -0.334780
vn -0.000000 -0.130741 -0.991417
vn -0.941921 -0.026589 -0.334780
vn -0.227283 0.352664 -0.907728
vn -0.067828 0.401808 -0.913208
vn 0.133358 0.173513 -0.975761
vn 0.495026 -0.018898 -0.868672
vn 0.829493 -0.070286 -0.554077
vn 0.787819 -0.097368 -0.608162
vn 0.681903 -0.069814 -0.728103
vn -0.317973 -0.123942 -0.939963
vn -0.723755 -0.115357 -0.680346
vn -0.914055 -0.097197 -0.393771
vn -0.990704 -0.134583 0.019831
vn -0.800401 -0.176385 0.572928
vn -0.481525 -0.173721 0.859043
vn -0.067687 -0.184961 0.980412
vn 0.392879 -0.138345 0.909124
vn 0.809937 -0.013827 0.586354
vn 0.987695 0.043327 -0.150270
vn 0.922043 0.029989 -0.385923
vn 0.148848 -0.756469 -0.636867
vn 0.135106 -0.974617 -0.178518
vn 0.101093 -0.972381 0.210370
vn 0.007816 -0.888031 0.459717
vn -0.090736 -0.471265 0.877312
vn -0.043474 0.138293 0.989437
vn -0.119753 0.276457 0.953536
vn -0.066083 0.528173 0.846561
vn -0.089056 0.931060 0.353830
vn -0.137068 0.948803 -0.284578
vn -0.074495 0.821681 -0.565058
vn -0.117070 0.712741 -0.691589
vn 0.041790 0.407549 -0.912227
vn 0.169772 -0.071615 -0.982878
vn 0.129105 -0.403945 -0.905627
vn 0.486318 0.152420 -0.860385
vn 0.389697 0.269788 -0.880540
vn -0.056523 0.311121 -0.948688
vn -0.092676 -0.429247 -0.898420
vn -0.127787 -0.070370 -0.989302
vn -0.162400 0.404261 -0.900111
vn -0.063082 0.614523 -0.786373
vn 0.032870 0.796060 -0.604325
vn 0.134889 0.967300 -0.214794
vn 0.245280 0.884816 0.396156
vn 0.209839 0.457722 0.863978
vn 0.109149 0.265918 0.957797
vn -0.123620 0.097918 0.987487
vn -0.068531 -0.517136 0.853155
vn -0.065817 -0.850546 0.521766
vn -0.063162 -0.948031 0.311847
vn -0.132735 -0.983774 -0.120706
vn -0.095050 -0.820350 -0.563907
vn -0.070006 0.370814 -0.926065
vn -0.132459 0.415178 -0.900046
vn -0.498439 0.199213 -0.843725
vn -0.807534 0.061328 -0.586623
vn -0.930166 0.036355 -0.365335
vn -0.988330 0.048513 -0.144400
vn -0.972607 0.053776 0.226151
vn -0.374794 -0.064917 0.924832
vn 0.109115 -0.150686 0.982541
vn 0.491491 -0.151575 0.857590
vn 0.793944 -0.140959 0.591425
vn 0.992498 -0.122234 0.002502
vn 0.923496 -0.119612 -0.364483
vn 0.732595 -0.150220 -0.663882
vn -0.402985 -0.310228 -0.861024
vn -0.251591 -0.184744 -0.950038
vn -0.491472 -0.269975 -0.827991
vn -0.082144 -0.139036 -0.986875
vn 0.144018 0.164766 -0.975762
vn 0.227283 0.352664 -0.907728
vn 0.903163 0.021072 -0.428780
vn 0.177007 -0.083035 -0.980701
vn -0.305341 -0.091557 -0.947831
vn -0.709499 -0.118174 -0.694727
vn -0.911327 -0.069233 -0.405821
vn -0.990730 -0.123960 0.055569
vn -0.823224 -0.163867 0.543553
vn -0.479337 -0.140758 0.866270
vn -0.046799 -0.203206 0.978017
vn 0.412114 -0.204048 0.887990
vn 0.819571 -0.103186 0.563609
vn 0.982832 0.006041 0.184405
vn 0.168576 -0.717290 -0.676075
vn 0.161225 -0.932626 -0.322823
vn 0.042890 -0.996111 0.076963
vn -0.183963 -0.853153 0.488146
vn -0.313436 -0.387347 0.867018
vn -0.137832 0.113680 0.983910
vn -0.073987 0.339889 0.937551
vn -0.029575 0.604359 0.796163
vn -0.030362 0.927964 0.371430
vn -0.115306 0.946755 -0.300599
vn 0.054344 0.803260 -0.593144
vn -0.129616 0.805637 -0.578056
vn -0.165596 0.487554 -0.857245
vn 0.078795 -0.094661 -0.992386
vn 0.167898 -0.383895 -0.907984
vn -0.129104 -0.403945 -0.905627
vn -0.169772 -0.071615 -0.982878
vn -0.041790 0.407549 -0.912227
vn 0.117070 0.712742 -0.691588
vn 0.074495 0.821682 -0.565056
vn 0.137066 0.948805 -0.284574
vn 0.089056 0.931060 0.353830
vn 0.066083 0.528170 0.846563
vn 0.119753 0.276457 0.953536
vn 0.043474 0.138292 0.989437
vn 0.090722 -0.471271 0.877310
vn -0.007816 -0.888032 0.459716
vn -0.101093 -0.972382 0.210368
vn -0.135102 -0.974621 -0.178499
vn -0.148848 -0.756468 -0.636868
vn 0.067828 0.401808 -0.913208
vn -0.133358 0.173513 -0.975761
vn -0.495017 -0.018889 -0.868678
vn -0.829499 -0.070284 -0.554068
vn -0.922053 0.029976 -0.385901
vn -0.987695 0.043327 -0.150270
vn -0.809923 -0.013831 0.586374
vn -0.392881 -0.138339 0.909124
vn 0.067700 -0.184960 0.980411
vn 0.481549 -0.173722 0.859030
vn 0.800451 -0.176379 0.572859
vn 0.990705 -0.134582 0.019797
vn 0.914039 -0.097190 -0.393810
vn 0.723755 -0.115357 -0.680346
vn 0.317973 -0.123943 -0.939963
vn -0.787818 -0.097399 -0.608158
vn -0.681906 -0.069826 -0.728099
vn 0.602934 -0.050862 -0.796168
vn 0.168601 -0.079753 -0.982453
vn -0.278242 -0.133305 -0.951216
vn -0.661384 -0.092640 -0.744304
vn -0.924130 -0.037308 -0.380251
vn -0.981873 -0.155362 0.108574
vn -0.835323 -0.160812 0.525713
vn -0.497816 -0.112613 0.859940
vn -0.003331 -0.152438 0.988307
vn 0.416412 -0.232227 0.879018
vn 0.819707 -0.192620 0.539424
vn 0.985132 -0.075965 0.154090
vn 0.986486 0.001293 -0.163842
vn 0.174496 -0.629789 -0.756913
vn 0.087545 -0.861274 -0.500543
vn -0.094708 -0.990298 0.101684
vn -0.418779 -0.774435 0.474208
vn -0.181698 -0.374668 0.909181
vn -0.105341 0.116256 0.987617
vn -0.035330 0.400889 0.915445
vn 0.001100 0.645237 0.763981
vn 0.023336 0.921980 0.386533
vn -0.071694 0.966380 -0.246922
vn -0.094903 0.802898 -0.588513
vn 0.114035 0.805784 -0.581127
vn -0.100672 0.531053 -0.841337
vn -0.076675 -0.221244 -0.972200
vn 0.132964 -0.466280 -0.874588
vn -0.167898 -0.383895 -0.907984
vn -0.078795 -0.094659 -0.992387
vn 0.165596 0.487555 -0.857245
vn 0.129616 0.805638 -0.578055
vn -0.054344 0.803261 -0.593144
vn 0.115306 0.946755 -0.300600
vn 0.030362 0.927964 0.371430
vn 0.029575 0.604357 0.796164
vn 0.073987 0.339889 0.937551
vn 0.137832 0.113680 0.983910
vn 0.313435 -0.387347 0.867019
vn 0.183963 -0.853153 0.488147
vn -0.042890 -0.996111 0.076961
vn -0.161225 -0.932626 -0.322824
vn -0.168576 -0.717291 -0.676074
vn -0.903158 0.021065 -0.428790
vn -0.982832 0.006041 0.184405
vn -0.819561 -0.103182 0.563625
vn -0.412107 -0.204049 0.887993
vn 0.046818 -0.203201 0.978017
vn 0.479336 -0.140883 0.866250
vn 0.823215 -0.163959 0.543539
vn 0.990725 -0.123998 0.055582
vn 0.911305 -0.069230 -0.405870
vn 0.709499 -0.118174 -0.694727
vn 0.305341 -0.091557 -0.947831
vn -0.177014 -0.083036 -0.980699
vn 0.883503 -0.016557 -0.468133
vn 0.587451 -0.078222 -0.805470
vn 0.162114 -0.138058 -0.977067
vn -0.232157 -0.151184 -0.960857
vn -0.581420 -0.051987 -0.811941
vn -0.938349 -0.077988 -0.336778
vn -0.965456 -0.233838 0.114954
vn -0.830080 -0.256782 0.495005
vn -0.491566 -0.215136 0.843848
vn 0.005556 -0.087171 0.996178
vn 0.444410 -0.180254 0.877501
vn 0.813687 -0.231657 0.533150
vn 0.976256 -0.162788 0.142916
vn 0.980341 -0.069916 -0.184511
vn 0.079513 -0.577961 -0.812182
vn -0.033649 -0.857796 -0.512888
vn -0.283993 -0.957352 0.053147
vn -0.200241 -0.843847 0.497821
vn -0.111592 -0.303223 0.946363
vn -0.036752 0.105120 0.993780
vn 0.022464 0.429675 0.902704
vn 0.050843 0.683939 0.727765
vn 0.087754 0.925038 0.369600
vn 0.016260 0.988620 -0.149552
vn -0.118437 0.803704 -0.583123
vn -0.073331 0.771581 -0.631890
vn 0.193413 0.538879 -0.819878
vn -0.039449 -0.203416 -0.978297
vn 0.029446 -0.586284 -0.809570
vn -0.132964 -0.466280 -0.874588
vn 0.076679 -0.221239 -0.972200
vn 0.100672 0.531053 -0.841337
vn -0.114035 0.805784 -0.581126
vn 0.094903 0.802897 -0.588514
vn 0.071694 0.966379 -0.246923
vn -0.023291 0.921985 0.386525
vn -0.001050 0.645216 0.763999
vn 0.035346 0.400861 0.915457
vn 0.105341 0.116255 0.987617
vn 0.181698 -0.374668 0.909181
vn 0.418779 -0.774435 0.474209
vn 0.094708 -0.990298 0.101684
vn -0.087542 -0.861277 -0.500539
vn -0.174496 -0.629789 -0.756913
vn -0.986486 0.001293 -0.163842
vn -0.985132 -0.075965 0.154090
vn -0.819705 -0.192621 0.539427
vn -0.416409 -0.232234 0.879017
vn 0.003331 -0.152519 0.988295
vn 0.497878 -0.112478 0.859923
vn 0.835388 -0.160741 0.525632
vn 0.981880 -0.155341 0.108538
vn 0.924114 -0.037310 -0.380291
vn 0.661396 -0.092632 -0.744294
vn 0.278242 -0.133305 -0.951216
vn -0.168604 -0.079750 -0.982452
vn -0.602925 -0.050862 -0.796175
vn 0.866202 -0.074442 -0.494118
vn 0.582239 -0.133327 -0.802011
vn 0.148117 -0.172389 -0.973829
vn -0.175461 -0.146615 -0.973508
vn -0.517434 -0.013426 -0.855618
vn -0.936220 -0.145501 -0.319879
vn -0.954141 -0.259538 0.149180
vn -0.836552 -0.307138 0.453704
vn -0.518122 -0.282993 0.807134
vn 0.020063 -0.161026 0.986746
vn 0.454433 -0.103740 0.884719
vn 0.822940 -0.185378 0.537033
vn 0.968609 -0.196818 0.151851
vn 0.970734 -0.141234 -0.194240
vn -0.025476 -0.602747 -0.797526
vn -0.048521 -0.849990 -0.524560
vn -0.078950 -0.993982 -0.075942
vn -0.092201 -0.830530 0.549290
vn -0.006870 -0.344553 0.938742
vn 0.031474 0.084874 0.995894
vn 0.084903 0.428090 0.899739
vn 0.103705 0.726435 0.679365
vn 0.132490 0.934008 0.331775
vn 0.115418 0.983280 -0.140854
vn -0.000005 0.830143 -0.557550
vn -0.084220 0.718966 -0.689923
vn 0.017672 0.473180 -0.880788
vn 0.218924 -0.141647 -0.965406
vn 0.003896 -0.623786 -0.781585
vn -0.029438 -0.586281 -0.809573
vn 0.039451 -0.203409 -0.978299
vn -0.193413 0.538879 -0.819879
vn 0.073331 0.771581 -0.631890
vn 0.118437 0.803703 -0.583124
vn -0.016254 0.988618 -0.149565
vn -0.087748 0.925031 0.369620
vn -0.050838 0.683889 0.727813
vn -0.022460 0.429618 0.902731
vn 0.036752 0.105120 0.993780
vn 0.111592 -0.303223 0.946363
vn 0.200240 -0.843847 0.497821
vn 0.283993 -0.957352 0.053147
vn 0.033648 -0.857800 -0.512881
vn -0.079506 -0.577966 -0.812179
vn -0.883489 -0.016559 -0.468158
vn -0.980341 -0.069916 -0.184511
vn -0.976256 -0.162788 0.142916
vn -0.813684 -0.231676 0.533146
vn -0.444430 -0.180300 0.877481
vn -0.005518 -0.087069 0.996187
vn 0.491574 -0.214837 0.843920
vn 0.830108 -0.256544 0.495081
vn 0.965464 -0.233795 0.114974
vn 0.938340 -0.077987 -0.336802
vn 0.581450 -0.051980 -0.811920
vn 0.232151 -0.151179 -0.960859
vn -0.162114 -0.138058 -0.977067
vn -0.587456 -0.078210 -0.805468
vn 0.849517 -0.132484 -0.510655
vn 0.579203 -0.164917 -0.798327
vn 0.141813 -0.180555 -0.973288
vn -0.154486 -0.043532 -0.987036
vn -0.498492 0.001908 -0.866892
vn -0.950671 -0.167587 -0.261035
vn -0.967887 -0.162239 0.192025
vn -0.855139 -0.208396 0.474666
vn -0.552067 -0.196862 0.810227
vn -0.010549 -0.200774 0.979581
vn 0.458105 -0.139384 0.877902
vn 0.827933 -0.126779 0.546309
vn 0.971018 -0.163429 0.174400
vn 0.967222 -0.168464 -0.190003
vn 0.090522 -0.586428 -0.804928
vn 0.074627 -0.796300 -0.600281
vn -0.003180 -0.991108 -0.133025
vn 0.039696 -0.854097 0.518598
vn 0.072658 -0.392616 0.916828
vn 0.098379 0.050576 0.993863
vn 0.127966 0.401279 0.906973
vn 0.138469 0.748751 0.648227
vn 0.148302 0.937472 0.314885
vn 0.148816 0.972551 -0.178883
vn 0.112880 0.841187 -0.528831
vn 0.012151 0.681437 -0.731776
vn -0.014091 0.413539 -0.910378
vn 0.124292 -0.169842 -0.977602
vn 0.150744 -0.567672 -0.809336
vn -0.003896 -0.623780 -0.781590
vn -0.218941 -0.141646 -0.965402
vn -0.017672 0.473181 -0.880788
vn 0.084221 0.718967 -0.689923
vn -0.000020 0.830139 -0.557557
vn -0.115413 0.983284 -0.140825
vn -0.132526 0.934007 0.331765
vn -0.103747 0.726413 0.679382
vn -0.084915 0.428061 0.899752
vn -0.031474 0.084875 0.995894
vn 0.006870 -0.344553 0.938742
vn 0.092201 -0.830530 0.549289
vn 0.078950 -0.993982 -0.075941
vn 0.048502 -0.849990 -0.524562
vn 0.025475 -0.602755 -0.797519
vn -0.866194 -0.074435 -0.494134
vn -0.970734 -0.141234 -0.194240
vn -0.968604 -0.196834 0.151865
vn -0.822917 -0.185405 0.537060
vn -0.454435 -0.103650 0.884729
vn -0.020024 -0.160790 0.986785
vn 0.518060 -0.283062 0.807149
vn 0.836550 -0.307182 0.453679
vn 0.954141 -0.259551 0.149161
vn 0.936216 -0.145509 -0.319887
vn 0.517444 -0.013432 -0.855612
vn 0.175480 -0.146609 -0.973505
vn -0.148114 -0.172388 -0.973830
vn -0.582239 -0.133327 -0.802011
vn 0.838399 -0.155523 -0.522399
vn 0.567786 -0.173143 -0.804761
vn 0.173644 -0.076734 -0.981815
vn -0.161792 0.063628 -0.984771
vn -0.568825 0.012141 -0.822369
vn -0.967808 -0.097832 -0.231897
vn -0.961162 0.038344 0.273308
vn -0.833067 0.010976 0.553064
vn -0.556796 -0.025234 0.830266
vn -0.072154 -0.120089 0.990138
vn 0.444750 -0.133153 0.885702
vn 0.825329 -0.137274 0.547712
vn 0.973758 -0.132804 0.184819
vn 0.974478 -0.147480 -0.169240
vn 0.130580 -0.576226 -0.806792
vn 0.086598 -0.800165 -0.593495
vn 0.083681 -0.987544 -0.133246
vn 0.153104 -0.884431 0.440840
vn 0.133043 -0.437991 0.889080
vn 0.136120 0.040711 0.989856
vn 0.119733 0.396592 0.910153
vn 0.129623 0.769717 0.625086
vn 0.131132 0.944686 0.300622
vn 0.151429 0.970002 -0.190170
vn 0.142828 0.847296 -0.511557
vn 0.102316 0.661770 -0.742692
vn 0.057367 0.402920 -0.913436
vn 0.040417 -0.179326 -0.982959
vn 0.132660 -0.553643 -0.822119
vn -0.150795 -0.567666 -0.809331
vn -0.124292 -0.169858 -0.977599
vn 0.014091 0.413539 -0.910378
vn -0.012178 0.681450 -0.731763
vn -0.112888 0.841189 -0.528827
vn -0.148819 0.972549 -0.178892
vn -0.148302 0.937472 0.314885
vn -0.138469 0.748751 0.648227
vn -0.127966 0.401279 0.906973
vn -0.098379 0.050577 0.993863
vn -0.072658 -0.392617 0.916828
vn -0.039696 -0.854097 0.518596
vn 0.003180 -0.991108 -0.133024
vn -0.074628 -0.796293 -0.600290
vn -0.090578 -0.586423 -0.804924
vn -0.849517 -0.132484 -0.510655
vn -0.967222 -0.168464 -0.190003
vn -0.971007 -0.163438 0.174451
vn -0.827958 -0.126687 0.546293
vn -0.458076 -0.139215 0.877944
vn 0.010510 -0.200839 0.979568
vn 0.552025 -0.196956 0.810233
vn 0.855138 -0.208460 0.474641
vn 0.967887 -0.162257 0.192008
vn 0.950672 -0.167590 -0.261030
vn 0.498492 0.001908 -0.866892
vn 0.154478 -0.043549 -0.987036
vn -0.141804 -0.180554 -0.973289
vn -0.579203 -0.164917 -0.798327
vn 0.834185 -0.148473 -0.531122
vn 0.561477 -0.092348 -0.822323
vn 0.168350 0.074954 -0.982873
vn -0.217011 0.138585 -0.966282
vn -0.648411 0.032379 -0.760602
vn -0.984065 0.032764 -0.174765
vn -0.782426 0.027946 0.622117
vn -0.942830 0.037378 0.331172
vn -0.937802 -0.044538 0.344302
vn -0.746148 -0.033575 0.664933
vn -0.516539 -0.000322 0.856264
vn -0.479860 -0.037905 0.876526
vn -0.131482 -0.019045 0.991136
vn 0.422454 -0.060799 0.904343
vn 0.828293 -0.107523 0.549881
vn 0.972676 -0.130301 0.192152
vn 0.980097 -0.132961 -0.147416
vn 0.069278 -0.612539 -0.787399
vn 0.077652 -0.831999 -0.549316
vn 0.156172 -0.982376 -0.102707
vn 0.189015 -0.899999 0.392778
vn 0.160693 -0.506825 0.846939
vn 0.123067 0.004344 0.992389
vn 0.060566 0.455403 0.888223
vn 0.085326 0.794792 0.600853
vn 0.093720 0.957011 0.274493
vn 0.124898 0.974734 -0.185187
vn 0.134028 0.854663 -0.501586
vn 0.140921 0.675396 -0.723866
vn 0.111937 0.381563 -0.917540
vn 0.060350 -0.121546 -0.990750
vn 0.048193 -0.543642 -0.837932
vn -0.132660 -0.553656 -0.822111
vn -0.040413 -0.179332 -0.982958
vn -0.057378 0.402945 -0.913424
vn -0.102321 0.661812 -0.742655
vn -0.142807 0.847295 -0.511564
vn -0.151429 0.970002 -0.190170
vn -0.131132 0.944685 0.300624
vn -0.129623 0.769717 0.625086
vn -0.119733 0.396592 0.910153
vn -0.136119 0.040712 0.989856
vn -0.133043 -0.437991 0.889080
vn -0.153104 -0.884431 0.440840
vn -0.083681 -0.987544 -0.133247
vn -0.086595 -0.800163 -0.593499
vn -0.130579 -0.576217 -0.806798
vn -0.838399 -0.155523 -0.522399
vn -0.974478 -0.147480 -0.169240
vn -0.973759 -0.132761 0.184847
vn -0.825333 -0.137194 0.547725
vn -0.444765 -0.133207 0.885686
vn 0.072127 -0.120174 0.990129
vn 0.556788 -0.025263 0.830270
vn 0.833071 0.010960 0.553057
vn 0.961164 0.038338 0.273301
vn 0.967809 -0.097834 -0.231893
vn 0.568824 0.012142 -0.822369
vn 0.161792 0.063628 -0.984771
vn -0.173636 -0.076742 -0.981815
vn -0.567786 -0.173143 -0.804761
vn 0.844166 -0.119392 -0.522617
vn 0.563076 0.045135 -0.825172
vn 0.156302 0.197504 -0.967761
vn -0.278225 0.152816 -0.948282
vn -0.723300 0.017014 -0.690324
vn -0.988931 0.012137 -0.147879
vn -0.985859 -0.068357 -0.153003
vn -0.950483 -0.094846 0.295952
vn -0.781414 -0.074093 0.619599
vn -0.502845 -0.062891 0.862085
vn -0.120887 -0.020705 0.992450
vn -0.100435 -0.054918 0.993427
vn 0.401455 -0.004130 0.915869
vn 0.821560 -0.041189 0.568632
vn 0.972335 -0.082513 0.218533
vn 0.984646 -0.107791 -0.137306
vn 0.032863 -0.670010 -0.741624
vn 0.104544 -0.876819 -0.469317
vn 0.172278 -0.984527 -0.032049
vn 0.172587 -0.911161 0.374164
vn 0.144397 -0.628517 0.764275
vn 0.057828 -0.027724 0.997942
vn 0.012451 0.498839 0.866605
vn 0.054736 0.810424 0.583282
vn 0.085005 0.961092 0.262823
vn 0.083902 0.985243 -0.149190
vn 0.099812 0.875617 -0.472580
vn 0.126842 0.683432 -0.718910
vn 0.134751 0.366311 -0.920684
vn 0.100526 -0.044482 -0.993940
vn 0.032175 -0.515147 -0.856498
vn -0.048184 -0.543645 -0.837931
vn -0.060350 -0.121546 -0.990749
vn -0.111937 0.381623 -0.917515
vn -0.140894 0.675406 -0.723862
vn -0.134028 0.854661 -0.501589
vn -0.124898 0.974734 -0.185185
vn -0.093720 0.957011 0.274493
vn -0.085326 0.794792 0.600853
vn -0.060566 0.455403 0.888223
vn -0.123067 0.004345 0.992389
vn -0.160693 -0.506826 0.846939
vn -0.189015 -0.899999 0.392778
vn -0.156172 -0.982376 -0.102708
vn -0.077651 -0.832000 -0.549315
vn -0.069268 -0.612534 -0.787403
vn -0.834185 -0.148473 -0.531122
vn -0.980097 -0.132961 -0.147416
vn -0.972679 -0.130289 0.192145
vn -0.828313 -0.107550 0.549847
vn -0.422467 -0.060863 0.904332
vn 0.131484 -0.019069 0.991135
vn 0.782425 0.027948 0.622118
vn 0.516534 -0.000320 0.856267
vn 0.479854 -0.037898 0.876530
vn 0.746149 -0.033571 0.664932
vn 0.942832 0.037379 0.331167
vn 0.937805 -0.044536 0.344293
vn 0.984065 0.032764 -0.174763
vn 0.648410 0.032380 -0.760603
vn 0.217011 0.138585 -0.966282
vn -0.168351 0.074954 -0.982873
vn -0.561478 -0.092348 -0.822323
vn 0.863309 -0.047261 -0.502458
vn 0.579267 0.182273 -0.794497
vn 0.156468 0.219186 -0.963055
vn -0.314630 0.031556 -0.948690
vn -0.704333 -0.041689 -0.708645
vn -0.680869 -0.104485 -0.724914
vn -0.974330 -0.118948 -0.191134
vn -0.972483 -0.066130 0.223392
vn -0.852661 -0.049081 0.520154
vn -0.570652 -0.041654 0.820135
vn -0.104138 -0.074138 0.991796
vn 0.387297 -0.027265 0.921552
vn 0.377146 -0.073332 0.923246
vn 0.806704 0.011260 0.590848
vn 0.966631 -0.012017 0.255891
vn 0.995021 -0.025182 -0.096431
vn 0.055357 -0.709735 -0.702291
vn 0.131931 -0.917814 -0.374449
vn 0.151755 -0.987714 0.037294
vn 0.146763 -0.926609 0.346203
vn 0.089155 -0.728773 0.678927
vn 0.016740 -0.051260 0.998545
vn -0.038416 0.563167 0.825450
vn 0.003169 0.849445 0.527667
vn 0.060164 0.975298 0.212542
vn 0.079208 0.989535 -0.120613
vn 0.053138 0.912081 -0.406552
vn 0.081792 0.703585 -0.705888
vn 0.113839 0.357850 -0.926814
vn 0.120814 0.070517 -0.990167
vn 0.061696 -0.471160 -0.879887
vn -0.032175 -0.515147 -0.856498
vn -0.100526 -0.044482 -0.993940
vn -0.134738 0.366343 -0.920673
vn -0.126842 0.683430 -0.718912
vn -0.099811 0.875616 -0.472583
vn -0.083902 0.985243 -0.149189
vn -0.085005 0.961093 0.262821
vn -0.054736 0.810424 0.583281
vn -0.012451 0.498839 0.866605
vn -0.057828 -0.027723 0.997942
vn -0.144397 -0.628518 0.764274
vn -0.172587 -0.911162 0.374163
vn -0.172278 -0.984527 -0.032047
vn -0.104544 -0.876819 -0.469317
vn -0.032864 -0.670012 -0.741623
vn -0.844166 -0.119392 -0.522617
vn -0.984646 -0.107792 -0.137306
vn -0.972337 -0.082519 0.218520
vn -0.821575 -0.041219 0.568609
vn -0.401457 -0.004149 0.915868
vn 0.120895 -0.020703 0.992449
vn 0.100447 -0.054909 0.993426
vn 0.502838 -0.062876 0.862091
vn 0.781420 -0.074084 0.619592
vn 0.950488 -0.094840 0.295935
vn 0.988931 0.012137 -0.147880
vn 0.985859 -0.068357 -0.153003
vn 0.723297 0.017015 -0.690327
vn 0.278225 0.152816 -0.948282
vn -0.156301 0.197504 -0.967761
vn -0.563076 0.045135 -0.825172
vn 0.908629 0.063704 -0.412717
vn 0.589015 0.212860 -0.779584
vn 0.168170 0.051146 -0.984430
vn -0.298904 -0.069426 -0.951754
vn -0.246103 -0.139583 -0.959140
vn -0.654300 -0.137734 -0.743586
vn -0.961431 -0.100945 -0.255851
vn -0.980779 -0.009635 0.194882
vn -0.891246 -0.004557 0.453498
vn -0.625742 -0.008206 0.779987
vn -0.145910 -0.052012 0.987930
vn 0.369364 -0.092849 0.924635
vn 0.788869 -0.021294 0.614192
vn 0.766290 -0.079636 0.637540
vn 0.951101 0.031561 0.307265
vn 0.997637 0.048588 -0.048574
vn 0.100256 -0.711738 -0.695253
vn 0.136909 -0.928384 -0.345485
vn 0.139272 -0.987012 0.080071
vn 0.107449 -0.953085 0.282989
vn 0.058416 -0.745665 0.663755
vn 0.002247 -0.082354 0.996601
vn -0.046946 0.552677 0.832072
vn -0.011301 0.863136 0.504845
vn 0.023812 0.982245 0.186085
vn 0.065729 0.994538 -0.081083
vn 0.032741 0.934861 -0.353501
vn 0.015444 0.757958 -0.652121
vn 0.059117 0.358549 -0.931637
vn 0.112580 0.144615 -0.983063
vn 0.105104 -0.378625 -0.919563
vn -0.061696 -0.471162 -0.879887
vn -0.120814 0.070517 -0.990167
vn -0.113839 0.357850 -0.926814
vn -0.081792 0.703583 -0.705890
vn -0.053138 0.912081 -0.406552
vn -0.079208 0.989534 -0.120613
vn -0.060164 0.975298 0.212542
vn -0.003169 0.849446 0.527666
vn 0.038416 0.563166 0.825450
vn -0.016740 -0.051258 0.998545
vn -0.089155 -0.728774 0.678926
vn -0.146763 -0.926610 0.346202
vn -0.151755 -0.987714 0.037295
vn -0.131932 -0.917814 -0.374448
vn -0.055357 -0.709738 -0.702287
vn -0.863309 -0.047261 -0.502458
vn -0.995021 -0.025182 -0.096431
vn -0.966633 -0.012024 0.255883
vn -0.806708 0.011252 0.590843
vn -0.387299 -0.027263 0.921551
vn -0.377162 -0.073327 0.923240
vn 0.104160 -0.074121 0.991795
vn 0.570626 -0.041610 0.820155
vn 0.852679 -0.049053 0.520127
vn 0.972494 -0.066113 0.223348
vn 0.974330 -0.118948 -0.191133
vn 0.704329 -0.041689 -0.708649
vn 0.680865 -0.104486 -0.724918
vn 0.314630 0.031556 -0.948690
vn -0.156468 0.219186 -0.963055
vn -0.579267 0.182272 -0.794497
vn 0.926199 0.126572 -0.355154
vn 0.623330 0.073176 -0.778528
vn 0.151774 -0.084761 -0.984774
vn 0.142367 -0.164564 -0.976038
vn -0.209028 -0.153191 -0.965836
vn -0.632288 -0.123183 -0.764878
vn -0.962949 -0.039579 -0.266765
vn -0.989330 0.121128 0.080953
vn -0.891935 0.167500 0.419996
vn -0.626511 0.123845 0.769511
vn -0.192378 -0.024162 0.981023
vn 0.341650 -0.066669 0.937460
vn 0.737081 -0.100278 0.668323
vn 0.938994 -0.014967 0.343608
vn 0.927173 -0.081711 0.365614
vn 0.997492 0.067335 0.021805
vn 0.132470 -0.696435 -0.705288
vn 0.122538 -0.929188 -0.348704
vn 0.128719 -0.989338 0.068135
vn 0.085633 -0.966130 0.243435
vn 0.065637 -0.780240 0.622027
vn -0.032488 -0.072061 0.996871
vn -0.132964 0.595169 0.792524
vn -0.064061 0.873171 0.483187
vn -0.013873 0.981550 0.190701
vn 0.023654 0.997439 -0.067499
vn -0.007795 0.971572 -0.236618
vn -0.031636 0.804288 -0.593397
vn -0.013434 0.399172 -0.916778
vn 0.062488 0.138325 -0.988414
vn 0.127495 -0.317913 -0.939508
vn -0.105104 -0.378625 -0.919563
vn -0.112580 0.144615 -0.983063
vn -0.059117 0.358550 -0.931637
vn -0.015444 0.757957 -0.652122
vn -0.032741 0.934861 -0.353501
vn -0.065729 0.994538 -0.081084
vn -0.023811 0.982245 0.186084
vn 0.011301 0.863136 0.504845
vn 0.046946 0.552677 0.832072
vn -0.002247 -0.082355 0.996601
vn -0.058417 -0.745667 0.663754
vn -0.107449 -0.953086 0.282987
vn -0.139271 -0.987012 0.080071
vn -0.136909 -0.928384 -0.345483
vn -0.100256 -0.711739 -0.695253
vn -0.908629 0.063704 -0.412717
vn -0.997637 0.048588 -0.048574
vn -0.951101 0.031559 0.307263
vn -0.788870 -0.021294 0.614191
vn -0.766294 -0.079635 0.637535
vn -0.369422 -0.092840 0.924612
vn 0.145967 -0.051962 0.987924
vn 0.625668 -0.008120 0.780048
vn 0.891271 -0.004496 0.453450
vn 0.980796 -0.009605 0.194802
vn 0.961431 -0.100945 -0.255851
vn 0.654298 -0.137734 -0.743588
vn 0.298904 -0.069426 -0.951754
vn 0.246103 -0.139583 -0.959140
vn -0.168170 0.051146 -0.984430
vn -0.589016 0.212860 -0.779584
vn 0.941334 0.081824 -0.327408
vn 0.605260 -0.068778 -0.793051
vn 0.585409 -0.168326 -0.793071
vn 0.157300 -0.171984 -0.972460
vn -0.229841 -0.129682 -0.964550
vn -0.617594 -0.080949 -0.782320
vn -0.902090 0.014379 -0.431309
vn -0.986378 0.163654 -0.016624
vn -0.890021 0.193493 0.412823
vn -0.637229 0.175660 0.750388
vn -0.202265 0.088251 0.975347
vn 0.313439 -0.040142 0.948760
vn 0.698240 -0.071371 0.712297
vn 0.918154 -0.101121 0.383103
vn 0.997992 -0.009805 0.062584
vn 0.992590 -0.102107 0.065868
vn 0.104260 -0.690156 -0.716111
vn 0.119481 -0.936738 -0.329009
vn 0.107072 -0.993300 0.043479
vn 0.058856 -0.974970 0.214406
vn 0.016568 -0.763307 0.645824
vn -0.167195 0.026389 0.985571
vn -0.225170 0.654214 0.722013
vn -0.115615 0.873155 0.473534
vn -0.056313 0.977421 0.203659
vn -0.017689 0.998814 -0.045365
vn 0.007151 0.979472 -0.201456
vn -0.094167 0.864814 -0.493184
vn -0.070443 0.455136 -0.887631
vn -0.012138 0.062568 -0.997967
vn 0.093620 -0.325528 -0.940886
vn -0.127495 -0.317914 -0.939508
vn -0.062488 0.138324 -0.988414
vn 0.013434 0.399173 -0.916777
vn 0.031636 0.804288 -0.593398
vn 0.007795 0.971571 -0.236621
vn -0.023654 0.997439 -0.067500
vn 0.013872 0.981550 0.190702
vn 0.064060 0.873171 0.483186
vn 0.132964 0.595170 0.792524
vn 0.032488 -0.072065 0.996871
vn -0.065637 -0.780241 0.622026
vn -0.085633 -0.966130 0.243432
vn -0.128719 -0.989338 0.068134
vn -0.122538 -0.929188 -0.348703
vn -0.132470 -0.696435 -0.705287
vn -0.926199 0.126572 -0.355154
vn -0.997492 0.067335 0.021805
vn -0.938994 -0.014967 0.343608
vn -0.927173 -0.081711 0.365614
vn -0.737097 -0.100276 0.668306
vn -0.341836 -0.066640 0.937394
vn 0.192498 -0.024051 0.981003
vn 0.626416 0.123634 0.769621
vn 0.891941 0.167369 0.420035
vn 0.989339 0.121099 0.080891
vn 0.962949 -0.039579 -0.266765
vn 0.632288 -0.123183 -0.764878
vn 0.209029 -0.153191 -0.965836
vn -0.151774 -0.084761 -0.984774
vn -0.142367 -0.164564 -0.976038
vn -0.623330 0.073176 -0.778528
vn 0.939374 -0.031781 -0.341419
vn 0.918629 -0.141507 -0.368913
vn 0.580328 -0.187231 -0.792568
vn 0.178759 -0.136516 -0.974376
vn -0.250251 -0.098174 -0.963191
vn -0.594825 -0.023748 -0.803504
vn -0.854740 0.053499 -0.516293
vn -0.942109 0.235410 -0.238772
vn -0.892108 0.283646 0.351695
vn -0.657158 0.273765 0.702280
vn -0.219319 0.171326 0.960493
vn 0.303255 0.065186 0.950677
vn 0.671143 -0.044301 0.740003
vn 0.911211 -0.071649 0.405662
vn 0.991442 -0.128323 0.024008
vn 0.072355 -0.719207 -0.691018
vn 0.103005 -0.949354 -0.296845
vn 0.048959 -0.998777 0.006909
vn 0.030926 -0.969317 0.243861
vn -0.198796 -0.723638 0.660930
vn -0.390796 0.188522 0.900965
vn -0.207674 0.751163 0.626599
vn -0.157698 0.874844 0.458018
vn -0.112245 0.971913 0.206848
vn -0.050551 0.998507 -0.020722
vn -0.025162 0.981324 -0.190711
vn -0.029950 0.883814 -0.466880
vn -0.103561 0.442601 -0.890719
vn -0.060581 0.026258 -0.997818
vn 0.025018 -0.343424 -0.938847
vn -0.093620 -0.325529 -0.940886
vn 0.012138 0.062569 -0.997967
vn 0.070443 0.455139 -0.887629
vn 0.094166 0.864813 -0.493185
vn -0.007150 0.979471 -0.201457
vn 0.017689 0.998814 -0.045366
vn 0.056313 0.977421 0.203661
vn 0.115615 0.873156 0.473532
vn 0.225169 0.654215 0.722012
vn 0.167195 0.026386 0.985571
vn -0.016568 -0.763306 0.645825
vn -0.058856 -0.974970 0.214408
vn -0.107072 -0.993300 0.043479
vn -0.119481 -0.936737 -0.329010
vn -0.104260 -0.690156 -0.716110
vn -0.941334 0.081824 -0.327408
vn -0.997992 -0.009805 0.062584
vn -0.992590 -0.102107 0.065868
vn -0.918154 -0.101121 0.383103
vn -0.698295 -0.071364 0.712243
vn -0.313773 -0.040072 0.948652
vn 0.202334 0.088036 0.975352
vn 0.637192 0.175450 0.750469
vn 0.890071 0.193385 0.412767
vn 0.986384 0.163617 -0.016639
vn 0.902090 0.014379 -0.431309
vn 0.617594 -0.080949 -0.782320
vn 0.229841 -0.129682 -0.964550
vn -0.157300 -0.171984 -0.972460
vn -0.605261 -0.068778 -0.793051
vn -0.585409 -0.168326 -0.793071
vn 0.895495 -0.167623 -0.412300
vn 0.578036 -0.145164 -0.802995
vn 0.171634 -0.096104 -0.980462
vn -0.290445 -0.020738 -0.956667
vn -0.608425 0.015804 -0.793454
vn -0.767869 0.124424 -0.628407
vn -0.917119 0.172298 -0.359453
vn -0.878944 0.346455 0.327760
vn -0.683663 0.397320 0.612162
vn -0.222660 0.266671 0.937715
vn 0.327106 0.147029 0.933479
vn 0.662340 0.044650 0.747872
vn 0.907730 -0.046303 0.416992
vn 0.994738 -0.095216 -0.037831
vn 0.046812 -0.758400 -0.650106
vn 0.027252 -0.960499 -0.276947
vn 0.036306 -0.997169 0.065843
vn -0.248883 -0.940459 0.231502
vn -0.662044 -0.387609 0.641449
vn -0.524173 0.316889 0.790459
vn -0.324098 0.572010 0.753502
vn -0.262840 0.675309 0.689110
vn -0.207670 0.778399 0.592426
vn -0.172440 0.878033 0.446455
vn -0.140135 0.956251 0.256802
vn -0.125339 0.991981 0.016230
vn -0.098140 0.978172 -0.183159
vn -0.077672 0.886034 -0.457067
vn -0.078746 0.480441 -0.873485
vn -0.056269 -0.003829 -0.998408
vn -0.021311 -0.358044 -0.933461
vn -0.025018 -0.343425 -0.938847
vn 0.060580 0.026258 -0.997818
vn 0.103560 0.442600 -0.890719
vn 0.029950 0.883814 -0.466880
vn 0.025162 0.981323 -0.190716
vn 0.050551 0.998506 -0.020721
vn 0.112245 0.971913 0.206850
vn 0.157697 0.874844 0.458017
vn 0.207674 0.751163 0.626598
vn 0.390796 0.188521 0.900965
vn 0.198794 -0.723637 0.660932
vn -0.030926 -0.969317 0.243862
vn -0.048959 -0.998777 0.006909
vn -0.103005 -0.949354 -0.296844
vn -0.072355 -0.719207 -0.691019
vn -0.939374 -0.031781 -0.341418
vn -0.918629 -0.141507 -0.368913
vn -0.991442 -0.128323 0.024008
vn -0.911211 -0.071649 0.405662
vn -0.671255 -0.044286 0.739903
vn -0.303661 0.064995 0.950561
vn 0.219389 0.171086 0.960520
vn 0.657158 0.273764 0.702280
vn 0.892108 0.283646 0.351695
vn 0.942109 0.235410 -0.238772
vn 0.854740 0.053499 -0.516293
vn 0.594825 -0.023748 -0.803504
vn 0.250251 -0.098174 -0.963191
vn -0.178759 -0.136516 -0.974376
vn -0.580328 -0.187231 -0.792568
vn 0.873474 -0.126095 -0.470259
vn 0.573694 -0.094905 -0.813553
vn 0.151334 -0.038013 -0.987752
vn -0.287980 0.033482 -0.957051
vn -0.622131 0.095825 -0.777027
vn -0.741948 0.076068 -0.666129
vn -0.981993 -0.107194 -0.155560
vn -0.918439 0.202677 0.339694
vn -0.694296 0.551881 0.461931
vn -0.240313 0.552620 0.798036
vn 0.383993 0.174719 0.906654
vn 0.700339 0.110685 0.705177
vn 0.910965 0.023043 0.411839
vn 0.995411 -0.062395 -0.072558
vn -0.006185 -0.785436 -0.618913
vn 0.043066 -0.992284 -0.116262
vn 0.042735 -0.998053 -0.045422
vn 0.043526 -0.999041 -0.004857
vn -0.273607 -0.960546 0.049909
vn -0.627414 -0.760554 0.167064
vn -0.807151 -0.178612 0.562676
vn -0.531045 0.438827 0.724860
vn -0.365489 0.613298 0.700202
vn -0.288006 0.676181 0.678108
vn -0.229262 0.716691 0.658630
vn -0.178081 0.777467 0.603185
vn -0.166372 0.871104 0.462059
vn -0.139978 0.948588 0.283877
vn -0.126465 0.985337 0.114528
vn -0.182098 0.966315 -0.181866
vn -0.247205 0.878460 -0.408899
vn -0.304139 0.526259 -0.794073
vn -0.087660 -0.003130 -0.996146
vn -0.020638 -0.380680 -0.924477
vn 0.021311 -0.358044 -0.933461
vn 0.056268 -0.003830 -0.998408
vn 0.078746 0.480439 -0.873486
vn 0.077671 0.886033 -0.457069
vn 0.098140 0.978172 -0.183160
vn 0.125339 0.991981 0.016231
vn 0.140135 0.956250 0.256802
vn 0.172440 0.878034 0.446455
vn 0.207670 0.778401 0.592423
vn 0.262841 0.675310 0.689109
vn 0.324099 0.572011 0.753501
vn 0.524173 0.316890 0.790457
vn 0.662045 -0.387611 0.641448
vn 0.248883 -0.940460 0.231502
vn -0.036306 -0.997169 0.065846
vn -0.027252 -0.960497 -0.276953
vn -0.046812 -0.758400 -0.650106
vn -0.895495 -0.167623 -0.412300
vn -0.994738 -0.095216 -0.037831
vn -0.907730 -0.046303 0.416992
vn -0.662485 0.044597 0.747746
vn -0.327275 0.146822 0.933453
vn 0.222660 0.266671 0.937715
vn 0.683663 0.397320 0.612162
vn 0.878944 0.346454 0.327760
vn 0.917119 0.172298 -0.359453
vn 0.767869 0.124424 -0.628407
vn 0.608425 0.015804 -0.793454
vn 0.290445 -0.020738 -0.956667
vn -0.171634 -0.096104 -0.980462
vn -0.578036 -0.145164 -0.802995
vn 0.861030 -0.080170 -0.502195
vn 0.562386 -0.038710 -0.825968
vn 0.186664 0.029122 -0.981992
vn -0.346610 0.153294 -0.925399
vn -0.692917 0.136041 -0.708067
vn -0.804671 -0.033693 -0.592764
vn -0.968907 -0.122987 -0.214694
vn -0.989079 0.058376 0.135330
vn -0.908452 0.349374 0.229462
vn -0.133980 0.790369 0.597801
vn 0.503925 0.472290 0.723188
vn 0.739589 0.116699 0.662865
vn 0.920417 0.080286 0.382605
vn 0.992326 0.006040 -0.123504
vn -0.042940 -0.751953 -0.657816
vn -0.013963 -0.877379 -0.479596
vn 0.035762 -0.951752 -0.304778
vn -0.318491 -0.945602 -0.066330
vn -0.325159 -0.945553 -0.014213
vn -0.312454 -0.949725 -0.019877
vn -0.570790 -0.820664 -0.026643
vn -0.829793 -0.545838 0.116205
vn -0.708963 0.124887 0.694100
vn -0.483279 0.467190 0.740389
vn -0.334379 0.639791 0.691995
vn -0.238308 0.703549 0.669498
vn -0.236047 0.694933 0.679227
vn -0.167199 0.715102 0.678729
vn -0.144951 0.737512 0.659595
vn -0.153082 0.858997 0.488559
vn -0.130974 0.947724 0.290973
vn -0.123075 0.981830 0.144439
vn -0.133773 0.989741 0.050183
vn -0.162227 0.986161 -0.034204
vn -0.176213 0.978420 -0.107900
vn -0.301861 0.859926 -0.411591
vn -0.502350 0.573709 -0.646918
vn -0.471176 0.086779 -0.877760
vn -0.075345 -0.354369 -0.932065
vn 0.020638 -0.380678 -0.924477
vn 0.087660 -0.003129 -0.996146
vn 0.304137 0.526256 -0.794075
vn 0.247205 0.878459 -0.408901
vn 0.182098 0.966315 -0.181865
vn 0.126465 0.985337 0.114530
vn 0.139978 0.948589 0.283876
vn 0.166372 0.871105 0.462057
vn 0.178081 0.777468 0.603184
vn 0.229262 0.716691 0.658629
vn 0.288006 0.676181 0.678109
vn 0.365492 0.613303 0.700197
vn 0.531047 0.438832 0.724856
vn 0.807153 -0.178613 0.562674
vn 0.627413 -0.760554 0.167061
vn 0.273607 -0.960546 0.049906
vn -0.043526 -0.999041 -0.004857
vn -0.042735 -0.998053 -0.045428
vn -0.043065 -0.992283 -0.116274
vn 0.006185 -0.785434 -0.618915
vn -0.873474 -0.126095 -0.470259
vn -0.995411 -0.062395 -0.072559
vn -0.910965 0.023043 0.411839
vn -0.700390 0.110635 0.705134
vn -0.383993 0.174719 0.906655
vn 0.240313 0.552620 0.798036
vn 0.694296 0.551881 0.461931
vn 0.918439 0.202677 0.339694
vn 0.981993 -0.107195 -0.155560
vn 0.741948 0.076068 -0.666129
vn 0.622131 0.095825 -0.777026
vn 0.287980 0.033482 -0.957051
vn -0.151334 -0.038013 -0.987752
vn -0.573694 -0.094905 -0.813553
vn 0.834632 -0.022214 -0.550359
vn 0.574803 0.012105 -0.818202
vn 0.201495 0.169386 -0.964732
vn -0.445541 0.227529 -0.865866
vn -0.768934 0.137286 -0.624415
vn -0.901975 0.072765 -0.425612
vn -0.995629 0.024267 -0.090188
vn -0.997449 -0.068112 -0.021374
vn -0.987933 0.092475 0.124245
vn -0.723682 0.603819 0.334195
vn -0.081409 0.843937 0.530229
vn 0.550615 0.703121 0.449937
vn 0.784018 0.311232 0.537076
vn 0.928722 0.116235 0.352087
vn 0.990204 0.064698 -0.123737
vn -0.499119 -0.652261 -0.570471
vn -0.417780 -0.839814 -0.346658
vn -0.399012 -0.900781 -0.171413
vn -0.489649 -0.871839 -0.011871
vn -0.482226 -0.874947 -0.043878
vn -0.533434 -0.841242 -0.088091
vn -0.652916 -0.745253 -0.135277
vn -0.826033 -0.495792 0.268067
vn -0.788962 -0.141749 0.597869
vn -0.669132 0.156140 0.726555
vn -0.402981 0.473405 0.783259
vn -0.239339 0.654471 0.717206
vn -0.151412 0.714962 0.682572
vn -0.227760 0.622500 0.748745
vn -0.151409 0.677024 0.720217
vn -0.105565 0.664424 0.739863
vn -0.089501 0.652244 0.752706
vn -0.128098 0.843409 0.521777
vn -0.115097 0.949900 0.290592
vn -0.123200 0.979156 0.161476
vn -0.120570 0.991124 0.056009
vn -0.114304 0.992721 -0.037939
vn -0.112148 0.983345 -0.143025
vn -0.166345 0.967590 -0.189998
vn -0.219147 0.932299 -0.287739
vn -0.304479 0.844653 -0.440288
vn -0.451212 0.593311 -0.666625
vn -0.664115 0.212046 -0.716930
vn -0.543610 -0.234579 -0.805891
vn 0.075344 -0.354372 -0.932064
vn 0.471173 0.086780 -0.877762
vn 0.502350 0.573708 -0.646918
vn 0.301861 0.859927 -0.411590
vn 0.176214 0.978420 -0.107902
vn 0.162228 0.986160 -0.034208
vn 0.133772 0.989741 0.050181
vn 0.123075 0.981830 0.144439
vn 0.130974 0.947724 0.290973
vn 0.153082 0.858998 0.488559
vn 0.144950 0.737511 0.659596
vn 0.167199 0.715099 0.678732
vn 0.236046 0.694929 0.679232
vn 0.238309 0.703547 0.669501
vn 0.334379 0.639790 0.691997
vn 0.483279 0.467190 0.740388
vn 0.708963 0.124888 0.694099
vn 0.829792 -0.545840 0.116204
vn 0.570790 -0.820664 -0.026644
vn 0.312453 -0.949725 -0.019878
vn 0.325159 -0.945553 -0.014213
vn 0.318492 -0.945602 -0.066331
vn -0.035761 -0.951746 -0.304798
vn 0.013963 -0.877373 -0.479606
vn 0.042940 -0.751952 -0.657817
vn -0.861030 -0.080170 -0.502195
vn -0.992326 0.006040 -0.123504
vn -0.920417 0.080286 0.382605
vn -0.739589 0.116699 0.662865
vn -0.503926 0.472291 0.723188
vn 0.133980 0.790369 0.597801
vn 0.908452 0.349374 0.229462
vn 0.989079 0.058377 0.135330
vn 0.968907 -0.122987 -0.214694
vn 0.804671 -0.033692 -0.592764
vn 0.692917 0.136041 -0.708067
vn 0.346609 0.153294 -0.925399
vn -0.186664 0.029122 -0.981992
vn -0.562386 -0.038710 -0.825968
vn 0.826045 0.032378 -0.562674
vn 0.600219 0.113208 -0.791784
vn 0.237988 0.256061 -0.936907
vn -0.471308 0.203131 -0.858258
vn -0.787266 0.298977 -0.539283
vn -0.930384 0.285434 -0.230029
vn -0.970260 -0.224142 0.091414
vn -0.906068 -0.409724 0.105678
vn -0.790018 -0.612997 -0.010340
vn -0.999021 -0.011164 0.042812
vn -0.679023 0.667406 0.305773
vn 0.033854 0.903056 0.428187
vn 0.442834 0.779185 0.443587
vn 0.801459 0.499519 0.328853
vn 0.910132 0.253999 0.327330
vn 0.975732 0.123029 -0.181135
vn -0.734275 -0.496787 -0.462647
vn -0.643788 -0.734297 -0.215280
vn -0.558498 -0.826888 -0.065846
vn -0.289077 -0.955292 0.062060
vn -0.242453 -0.968759 -0.052183
vn -0.339226 -0.864849 -0.370085
vn -0.676550 -0.728783 -0.105619
vn -0.746762 -0.546427 0.379163
vn -0.715164 -0.146958 0.683333
vn -0.584505 0.201843 0.785884
vn -0.302042 0.513456 0.803203
vn -0.119246 0.689382 0.714516
vn -0.004962 0.704679 0.709509
vn -0.160481 0.643876 0.748111
vn -0.066105 0.615833 0.785099
vn 0.009594 0.481729 0.876268
vn -0.049638 0.540774 0.839702
vn -0.108265 0.817296 0.565956
vn -0.119829 0.950977 0.285103
vn -0.112249 0.977132 0.180594
vn -0.125817 0.990283 0.059245
vn -0.111159 0.991550 -0.066880
vn -0.090283 0.982548 -0.162630
vn -0.123504 0.968924 -0.214321
vn -0.162364 0.941700 -0.294684
vn -0.245003 0.855133 -0.456860
vn -0.444908 0.568512 -0.691990
vn -0.551354 0.259866 -0.792767
vn -0.739139 -0.103288 -0.665586
vn 0.543615 -0.234580 -0.805888
vn 0.664113 0.212047 -0.716931
vn 0.451212 0.593313 -0.666624
vn 0.304479 0.844654 -0.440287
vn 0.219147 0.932299 -0.287739
vn 0.166345 0.967590 -0.189999
vn 0.112148 0.983345 -0.143024
vn 0.114304 0.992721 -0.037943
vn 0.120570 0.991124 0.056008
vn 0.123200 0.979157 0.161475
vn 0.115097 0.949900 0.290591
vn 0.128098 0.843409 0.521778
vn 0.089501 0.652244 0.752707
vn 0.105564 0.664421 0.739865
vn 0.151408 0.677021 0.720221
vn 0.227758 0.622492 0.748752
vn 0.151410 0.714955 0.682580
vn 0.239338 0.654468 0.717209
vn 0.402981 0.473401 0.783261
vn 0.669133 0.156137 0.726555
vn 0.788960 -0.141752 0.597870
vn 0.826031 -0.495794 0.268068
vn 0.652915 -0.745253 -0.135276
vn 0.533434 -0.841242 -0.088092
vn 0.482226 -0.874947 -0.043878
vn 0.489649 -0.871839 -0.011872
vn 0.399013 -0.900780 -0.171418
vn 0.417781 -0.839813 -0.346661
vn 0.499123 -0.652261 -0.570466
vn -0.834632 -0.022214 -0.550359
vn -0.990204 0.064698 -0.123737
vn -0.928722 0.116235 0.352087
vn -0.784018 0.311232 0.537075
vn -0.550616 0.703121 0.449937
vn 0.081409 0.843937 0.530229
vn 0.723683 0.603819 0.334195
vn 0.987933 0.092475 0.124245
vn 0.997449 -0.068112 -0.021374
vn 0.995629 0.024267 -0.090188
vn 0.901975 0.072765 -0.425612
vn 0.768934 0.137286 -0.624415
vn 0.445541 0.227529 -0.865866
vn -0.201495 0.169386 -0.964732
vn -0.574803 0.012105 -0.818202
vn 0.802461 0.096883 -0.588787
vn 0.649408 0.151031 -0.745291
vn 0.273052 0.226077 -0.935057
vn -0.442394 0.405903 -0.799707
vn -0.799551 0.367817 -0.474793
vn -0.992168 -0.089518 -0.087113
vn -0.779387 -0.603196 0.169440
vn -0.643958 -0.742168 0.185758
vn -0.474777 -0.879684 -0.027252
vn -0.742678 -0.632201 -0.220797
vn -0.955194 0.292089 0.047840
vn -0.535519 0.798729 0.274319
vn 0.061142 0.944482 0.322823
vn 0.374669 0.850071 0.370137
vn 0.689688 0.684433 0.236394
vn 0.786228 0.584460 0.200630
vn 0.849980 0.492800 0.186230
vn 0.869536 0.395439 0.295862
vn 0.941366 0.218527 -0.257052
vn -0.629214 -0.595201 -0.499825
vn -0.518103 -0.827794 -0.215237
vn -0.380138 -0.924245 -0.035593
vn -0.075382 -0.989964 0.119536
vn 0.036823 -0.995556 0.086679
vn -0.034922 -0.869965 -0.491875
vn -0.346333 -0.815162 -0.464289
vn -0.599333 -0.800470 -0.007000
vn -0.630432 -0.609569 0.480606
vn -0.636269 -0.172788 0.751869
vn -0.507335 0.208208 0.836218
vn -0.233285 0.579584 0.780808
vn 0.026481 0.749696 0.661252
vn 0.199886 0.635266 0.745978
vn -0.028696 0.560589 0.827597
vn 0.103991 0.423613 0.899854
vn 0.065112 0.186267 0.980339
vn -0.037582 0.486461 0.872894
vn -0.078413 0.784381 0.615303
vn -0.091143 0.954633 0.283496
vn -0.130874 0.971397 0.198141
vn -0.118424 0.991542 0.053112
vn -0.099725 0.987735 -0.120143
vn -0.067760 0.979277 -0.190853
vn -0.094852 0.968178 -0.231592
vn -0.116796 0.948643 -0.294000
vn -0.169396 0.869321 -0.464312
vn -0.362164 0.561090 -0.744322
vn -0.484844 0.181332 -0.855596
vn -0.629348 -0.110829 -0.769181
vn 0.739137 -0.103289 -0.665588
vn 0.551352 0.259866 -0.792768
vn 0.444908 0.568512 -0.691991
vn 0.245003 0.855133 -0.456860
vn 0.162364 0.941700 -0.294684
vn 0.123504 0.968924 -0.214321
vn 0.090283 0.982548 -0.162632
vn 0.111159 0.991549 -0.066884
vn 0.125817 0.990283 0.059243
vn 0.112250 0.977132 0.180593
vn 0.119830 0.950977 0.285102
vn 0.108265 0.817296 0.565956
vn 0.049638 0.540774 0.839702
vn -0.009594 0.481729 0.876268
vn 0.066104 0.615830 0.785101
vn 0.160480 0.643874 0.748113
vn 0.004961 0.704677 0.709511
vn 0.119245 0.689379 0.714519
vn 0.302042 0.513455 0.803203
vn 0.584503 0.201842 0.785885
vn 0.715161 -0.146959 0.683335
vn 0.746761 -0.546428 0.379163
vn 0.676549 -0.728784 -0.105618
vn 0.339226 -0.864849 -0.370085
vn 0.242453 -0.968759 -0.052176
vn 0.289077 -0.955292 0.062064
vn 0.558499 -0.826887 -0.065854
vn 0.643787 -0.734296 -0.215284
vn 0.734276 -0.496786 -0.462648
vn -0.826045 0.032378 -0.562674
vn -0.975732 0.123029 -0.181135
vn -0.910132 0.253999 0.327330
vn -0.801459 0.499519 0.328853
vn -0.442834 0.779185 0.443587
vn -0.033854 0.903056 0.428187
vn 0.679023 0.667406 0.305773
vn 0.999021 -0.011164 0.042812
vn 0.790018 -0.612997 -0.010340
vn 0.906068 -0.409724 0.105678
vn 0.970260 -0.224142 0.091414
vn 0.930384 0.285434 -0.230029
vn 0.787266 0.298977 -0.539283
vn 0.471308 0.203131 -0.858258
vn -0.237988 0.256061 -0.936907
vn -0.600219 0.113208 -0.791784
vn 0.770939 0.135921 -0.622237
vn 0.650314 0.222067 -0.726483
vn 0.172632 0.438890 -0.881801
vn -0.437024 0.369249 -0.820161
vn -0.865871 -0.042135 -0.498489
vn -0.799514 -0.599013 -0.044282
vn 0.094655 -0.990615 0.098605
vn 0.081771 -0.990937 0.106576
vn 0.049033 -0.993110 -0.106435
vn -0.410297 -0.885123 -0.219574
vn -0.947563 -0.238543 -0.212653
vn -0.756171 0.636290 0.152777
vn -0.295099 0.934462 0.199241
vn 0.113101 0.965130 0.236078
vn 0.317920 0.910443 0.264613
vn 0.594139 0.768971 0.235971
vn 0.867058 0.496515 -0.041027
vn 0.921026 0.383776 -0.066528
vn 0.955116 0.287921 -0.069685
vn 0.947630 0.280546 0.152612
vn 0.893690 0.412826 -0.175763
vn -0.418844 -0.660585 -0.623055
vn -0.288978 -0.919790 -0.265478
vn -0.181326 -0.982697 -0.037789
vn 0.198884 -0.967750 0.154611
vn 0.236959 -0.961575 0.138650
vn 0.157501 -0.828947 -0.536695
vn -0.058529 -0.761648 -0.645342
vn -0.282578 -0.875412 -0.392179
vn -0.473215 -0.872989 0.118143
vn -0.565223 -0.631570 0.530700
vn -0.594996 -0.188308 0.781358
vn -0.481656 0.231298 0.845287
vn -0.193423 0.618826 0.761342
vn 0.100223 0.805066 0.584658
vn 0.354418 0.682480 0.639226
vn 0.179383 0.410152 0.894202
vn 0.224925 0.125592 0.966248
vn 0.005658 0.063658 0.997956
vn -0.011417 0.508312 0.861098
vn -0.027127 0.775076 0.631286
vn -0.010318 0.958806 0.283875
vn -0.098339 0.976177 0.193414
vn -0.126659 0.991550 0.028054
vn -0.082699 0.980123 -0.180332
vn -0.043499 0.975203 -0.216997
vn -0.068417 0.969256 -0.236351
vn -0.085443 0.953952 -0.287533
vn -0.125852 0.868106 -0.480160
vn -0.243049 0.562523 -0.790250
vn -0.384517 0.080691 -0.919585
vn -0.465883 -0.176908 -0.866981
vn 0.629346 -0.110830 -0.769181
vn 0.484843 0.181332 -0.855597
vn 0.362162 0.561090 -0.744323
vn 0.169397 0.869321 -0.464312
vn 0.116796 0.948642 -0.294003
vn 0.094851 0.968178 -0.231593
vn 0.067760 0.979277 -0.190856
vn 0.099724 0.987735 -0.120147
vn 0.118424 0.991542 0.053111
vn 0.130874 0.971397 0.198141
vn 0.091143 0.954632 0.283498
vn 0.078413 0.784382 0.615303
vn 0.037582 0.486461 0.872894
vn -0.065112 0.186266 0.980339
vn -0.103992 0.423612 0.899855
vn 0.028696 0.560590 0.827596
vn -0.199887 0.635269 0.745975
vn -0.026481 0.749700 0.661248
vn 0.233285 0.579585 0.780807
vn 0.507334 0.208207 0.836219
vn 0.636266 -0.172788 0.751871
vn 0.630431 -0.609570 0.480604
vn 0.599332 -0.800470 -0.007002
vn 0.346332 -0.815162 -0.464289
vn 0.034922 -0.869969 -0.491869
vn -0.036824 -0.995555 0.086683
vn 0.075382 -0.989964 0.119537
vn 0.380140 -0.924244 -0.035591
vn 0.518104 -0.827794 -0.215234
vn 0.629214 -0.595202 -0.499825
vn -0.802461 0.096884 -0.588787
vn -0.941366 0.218527 -0.257052
vn -0.869537 0.395439 0.295862
vn -0.849981 0.492800 0.186230
vn -0.786228 0.584460 0.200630
vn -0.689688 0.684433 0.236394
vn -0.374669 0.850071 0.370137
vn -0.061142 0.944482 0.322823
vn 0.535519 0.798729 0.274319
vn 0.955194 0.292089 0.047840
vn 0.742678 -0.632201 -0.220797
vn 0.474777 -0.879684 -0.027252
vn 0.643958 -0.742168 0.185758
vn 0.779387 -0.603196 0.169440
vn 0.992168 -0.089518 -0.087113
vn 0.799551 0.367817 -0.474793
vn 0.442394 0.405903 -0.799707
vn -0.273052 0.226077 -0.935057
vn -0.649408 0.151031 -0.745291
vn 0.701841 0.307142 -0.642716
vn 0.551355 0.461324 -0.695117
vn 0.054744 0.375252 -0.925305
vn -0.402561 -0.035451 -0.914706
vn -0.759339 -0.490631 -0.427417
vn 0.080281 -0.994804 0.062617
vn 0.058150 -0.991638 0.115205
vn 0.068774 -0.991683 0.108792
vn 0.050328 -0.989692 -0.134077
vn 0.052541 -0.992956 -0.106199
vn -0.606042 -0.762838 -0.225368
vn -0.983600 0.097594 0.151681
vn -0.596128 0.683460 0.421324
vn -0.024137 0.866589 0.498439
vn 0.309009 0.816280 0.488057
vn 0.315574 0.915257 0.250435
vn 0.459895 0.866239 0.195262
vn 0.794285 0.607545 -0.000284
vn 0.935660 -0.173940 -0.307058
vn 0.932795 -0.315838 -0.173607
vn 0.961450 -0.242055 -0.130474
vn 0.987092 0.143221 -0.071673
vn 0.940981 0.220272 -0.256973
vn -0.150384 -0.712294 -0.685581
vn 0.011982 -0.955116 -0.295989
vn 0.121040 -0.991884 -0.038942
vn 0.291453 -0.943845 0.155604
vn 0.254372 -0.965350 0.058265
vn 0.263171 -0.897865 -0.352958
vn 0.191073 -0.674312 -0.713299
vn 0.051320 -0.820558 -0.569255
vn -0.134158 -0.956654 -0.258485
vn -0.372274 -0.910283 0.181098
vn -0.558048 -0.647711 0.518703
vn -0.597322 -0.193868 0.778217
vn -0.451398 0.241248 0.859092
vn -0.135222 0.618428 0.774120
vn 0.168304 0.823103 0.542380
vn 0.376766 0.841603 0.386977
vn 0.346535 0.258992 0.901575
vn 0.189445 0.089230 0.977829
vn 0.078948 -0.107329 0.991084
vn 0.045458 -0.168281 0.984690
vn 0.021777 0.100245 0.994724
vn 0.021654 0.536275 0.843766
vn 0.038964 0.790124 0.611707
vn 0.119238 0.969079 0.216029
vn 0.060517 0.998165 0.002067
vn -0.118987 0.992113 0.039413
vn -0.044009 0.969036 -0.242967
vn -0.016802 0.973724 -0.227113
vn -0.045146 0.973504 -0.224170
vn -0.069992 0.961136 -0.267055
vn -0.106769 0.878862 -0.464975
vn -0.172912 0.556507 -0.812651
vn -0.266951 0.027532 -0.963317
vn -0.298372 -0.290457 -0.909180
vn 0.465880 -0.176909 -0.866983
vn 0.384515 0.080690 -0.919585
vn 0.243049 0.562525 -0.790249
vn 0.125852 0.868105 -0.480161
vn 0.085443 0.953951 -0.287536
vn 0.068417 0.969256 -0.236353
vn 0.043499 0.975202 -0.216998
vn 0.082699 0.980123 -0.180332
vn 0.126659 0.991550 0.028055
vn 0.098339 0.976176 0.193416
vn 0.010318 0.958804 0.283880
vn 0.027127 0.775076 0.631285
vn 0.011417 0.508311 0.861098
vn -0.005658 0.063659 0.997956
vn -0.224925 0.125592 0.966248
vn -0.179383 0.410151 0.894203
vn -0.354416 0.682480 0.639226
vn -0.100224 0.805066 0.584657
vn 0.193424 0.618829 0.761340
vn 0.481655 0.231297 0.845287
vn 0.594996 -0.188309 0.781358
vn 0.565223 -0.631571 0.530699
vn 0.473215 -0.872989 0.118141
vn 0.282578 -0.875412 -0.392179
vn 0.058531 -0.761648 -0.645342
vn -0.157501 -0.828950 -0.536689
vn -0.236958 -0.961574 0.138657
vn -0.198884 -0.967750 0.154611
vn 0.181327 -0.982697 -0.037783
vn 0.288978 -0.919792 -0.265470
vn 0.418843 -0.660587 -0.623054
vn -0.770939 0.135921 -0.622237
vn -0.893690 0.412826 -0.175763
vn -0.947630 0.280546 0.152612
vn -0.955115 0.287921 -0.069685
vn -0.921027 0.383776 -0.066528
vn -0.867058 0.496515 -0.041027
vn -0.594139 0.768971 0.235971
vn -0.317920 0.910443 0.264613
vn -0.113101 0.965130 0.236078
vn 0.295099 0.934462 0.199241
vn 0.756171 0.636290 0.152777
vn 0.947563 -0.238543 -0.212653
vn 0.410297 -0.885124 -0.219574
vn -0.049033 -0.993110 -0.106435
vn -0.081771 -0.990937 0.106576
vn -0.094655 -0.990615 0.098605
vn 0.799514 -0.599013 -0.044282
vn 0.865871 -0.042135 -0.498489
vn 0.437024 0.369249 -0.820161
vn -0.172632 0.438890 -0.881801
vn -0.650314 0.222067 -0.726483
vn 0.755589 0.279408 -0.592467
vn 0.491074 0.407256 -0.770058
vn 0.038494 -0.041581 -0.998393
vn -0.263178 -0.667610 -0.696444
vn 0.052798 -0.996299 0.067833
vn 0.063200 -0.989991 0.126191
vn 0.068192 -0.985071 0.158067
vn 0.082517 -0.993176 0.082418
vn 0.022096 -0.989608 -0.142083
vn 0.065364 -0.990424 -0.121605
vn -0.010929 -0.993867 -0.110044
vn -0.733082 -0.674497 0.087438
vn -0.680984 0.107379 0.724382
vn 0.238658 0.093484 0.966594
vn 0.497223 0.085161 0.863433
vn 0.456170 0.749919 0.479094
vn 0.376011 0.906372 0.192629
vn 0.613347 0.789620 0.017505
vn 0.942555 0.076410 -0.325195
vn 0.288340 -0.925743 -0.244663
vn 0.441352 -0.896962 -0.025849
vn 0.507407 -0.858599 0.073120
vn 0.993753 -0.029769 -0.107563
vn 0.948006 0.190753 -0.254752
vn 0.022813 -0.771169 -0.636222
vn 0.187107 -0.946340 -0.263498
vn 0.269564 -0.962981 -0.001672
vn 0.209066 -0.969620 0.126998
vn 0.151518 -0.988263 0.019470
vn 0.125283 -0.981155 -0.147100
vn 0.329229 -0.754453 -0.567811
vn 0.354479 -0.685491 -0.635962
vn 0.162458 -0.884888 -0.436554
vn -0.031682 -0.986295 -0.161920
vn -0.336947 -0.918098 0.208715
vn -0.578318 -0.621246 0.528774
vn -0.573162 -0.177866 0.799905
vn -0.390859 0.258243 0.883482
vn -0.014280 0.569029 0.822194
vn 0.243214 0.756299 0.607338
vn 0.416831 0.816442 0.399594
vn 0.439638 0.774775 0.454360
vn 0.404192 0.603494 0.687331
vn 0.295635 0.295275 0.908522
vn 0.263333 0.010058 0.964653
vn 0.182551 -0.177718 0.967001
vn 0.106141 -0.355956 0.928456
vn 0.047617 -0.186879 0.981228
vn 0.026389 0.130034 0.991158
vn 0.098513 0.531800 0.841121
vn 0.116961 0.816308 0.565652
vn 0.216126 0.969773 0.113273
vn 0.178473 0.977369 -0.113563
vn 0.141417 0.911093 0.387184
vn -0.009331 0.951968 0.306054
vn -0.029688 0.999558 0.001653
vn 0.024582 0.937534 -0.347023
vn 0.057723 0.979611 -0.192435
vn 0.010720 0.977537 -0.210492
vn -0.027881 0.977634 -0.208457
vn -0.071025 0.968685 -0.237917
vn -0.105707 0.889077 -0.445386
vn -0.125264 0.550759 -0.825211
vn -0.164516 0.058899 -0.984614
vn -0.166494 -0.386123 -0.907298
vn 0.298371 -0.290458 -0.909180
vn 0.266951 0.027531 -0.963317
vn 0.172912 0.556506 -0.812651
vn 0.106769 0.878864 -0.464971
vn 0.069992 0.961136 -0.267055
vn 0.045146 0.973503 -0.224174
vn 0.016802 0.973723 -0.227114
vn 0.044009 0.969037 -0.242964
vn 0.118987 0.992113 0.039415
vn -0.060516 0.998165 0.002078
vn -0.119237 0.969078 0.216034
vn -0.038964 0.790124 0.611707
vn -0.021654 0.536275 0.843765
vn -0.021777 0.100246 0.994724
vn -0.045458 -0.168280 0.984690
vn -0.078948 -0.107328 0.991084
vn -0.189443 0.089228 0.977829
vn -0.346532 0.258990 0.901576
vn -0.376765 0.841604 0.386978
vn -0.168304 0.823102 0.542381
vn 0.135222 0.618425 0.774123
vn 0.451396 0.241248 0.859093
vn 0.597320 -0.193870 0.778218
vn 0.558048 -0.647711 0.518703
vn 0.372274 -0.910284 0.181097
vn 0.134158 -0.956654 -0.258485
vn -0.051319 -0.820557 -0.569256
vn -0.191072 -0.674311 -0.713299
vn -0.263171 -0.897868 -0.352951
vn -0.254372 -0.965349 0.058272
vn -0.291452 -0.943844 0.155607
vn -0.121040 -0.991884 -0.038938
vn -0.011982 -0.955117 -0.295985
vn 0.150384 -0.712294 -0.685581
vn -0.701841 0.307142 -0.642716
vn -0.940981 0.220272 -0.256973
vn -0.987092 0.143221 -0.071673
vn -0.961450 -0.242054 -0.130474
vn -0.932795 -0.315837 -0.173607
vn -0.935660 -0.173940 -0.307058
vn -0.794285 0.607545 -0.000284
vn -0.459895 0.866239 0.195262
vn -0.315574 0.915257 0.250435
vn -0.309008 0.816281 0.488057
vn 0.024137 0.866589 0.498439
vn 0.596128 0.683460 0.421324
vn 0.983600 0.097594 0.151681
vn 0.606042 -0.762838 -0.225368
vn -0.052541 -0.992956 -0.106199
vn -0.050328 -0.989692 -0.134077
vn -0.068774 -0.991683 0.108792
vn -0.058150 -0.991638 0.115205
vn -0.080281 -0.994804 0.062617
vn 0.759339 -0.490631 -0.427417
vn 0.402561 -0.035451 -0.914707
vn -0.054744 0.375252 -0.925305
vn -0.551355 0.461324 -0.695117
vn 0.794279 0.318493 -0.517381
vn 0.447497 0.042227 -0.893288
vn 0.044363 -0.712780 -0.699983
vn 0.050453 -0.995370 0.081817
vn 0.798902 -0.601329 0.012569
vn -0.005264 -0.992301 -0.123742
vn 0.054342 -0.992431 -0.110128
vn -0.080079 -0.996771 -0.005937
vn -0.558583 -0.748445 0.357513
vn 0.011017 -0.934722 0.355209
vn 0.176916 -0.940712 0.289417
vn 0.585316 0.110949 0.803179
vn 0.438421 0.784075 0.439334
vn 0.556729 0.828159 0.064850
vn 0.908582 0.327401 -0.259399
vn 0.523772 -0.786233 -0.327873
vn 0.953778 0.126324 -0.272672
vn 0.093804 -0.819534 -0.565301
vn 0.206058 -0.953570 -0.219649
vn 0.234812 -0.971856 0.018969
vn 0.104648 -0.993218 0.050660
vn 0.024511 -0.999700 -0.000111
vn 0.010713 -0.997035 -0.076205
vn 0.144910 -0.955229 -0.257950
vn 0.429965 -0.736375 -0.522382
vn 0.463092 -0.722410 -0.513488
vn 0.263601 -0.909407 -0.321705
vn 0.028489 -0.990600 -0.133791
vn -0.369655 -0.911125 0.182228
vn -0.390898 -0.720979 0.572179
vn -0.437239 -0.257733 0.861624
vn -0.289703 0.195521 0.936933
vn -0.022128 0.554483 0.831901
vn 0.229730 0.783536 0.577318
vn 0.384352 0.844056 0.373957
vn 0.522064 0.789324 0.323137
vn 0.598736 0.498055 0.627261
vn 0.405087 0.451598 0.794961
vn 0.340272 0.233671 0.910831
vn 0.475537 -0.769756 0.425841
vn 0.275864 -0.795135 0.540055
vn 0.139389 -0.799785 0.583879
vn 0.087889 -0.384934 0.918750
vn 0.042578 -0.197352 0.979408
vn 0.106674 0.211290 0.971585
vn 0.133450 0.549902 0.824499
vn 0.120389 0.841287 0.527012
vn 0.118028 0.991242 0.059242
vn 0.307240 0.931790 -0.193314
vn 0.215601 0.932694 0.289134
vn 0.173847 0.926470 0.333812
vn 0.153484 0.987526 -0.035157
vn 0.127235 0.911334 -0.391511
vn 0.135129 0.917817 -0.373300
vn 0.089450 0.995986 -0.003184
vn 0.037531 0.984751 -0.169875
vn 0.007174 0.962533 -0.271069
vn 0.005812 0.995199 -0.097696
vn -0.064899 0.976340 -0.206273
vn -0.094380 0.864304 -0.494036
vn -0.084934 0.509053 -0.856535
vn -0.095585 0.076813 -0.992453
vn -0.071940 -0.452565 -0.888825
vn 0.166495 -0.386123 -0.907298
vn 0.164516 0.058895 -0.984615
vn 0.125264 0.550759 -0.825211
vn 0.105708 0.889081 -0.445378
vn 0.071025 0.968685 -0.237917
vn 0.027881 0.977633 -0.208463
vn -0.010720 0.977536 -0.210494
vn -0.057724 0.979611 -0.192431
vn -0.024582 0.937537 -0.347015
vn 0.029688 0.999558 0.001657
vn 0.009331 0.951968 0.306054
vn -0.141416 0.911092 0.387185
vn -0.178473 0.977371 -0.113553
vn -0.216125 0.969773 0.113274
vn -0.116961 0.816307 0.565652
vn -0.098513 0.531799 0.841121
vn -0.026389 0.130034 0.991158
vn -0.047617 -0.186880 0.981228
vn -0.106140 -0.355955 0.928456
vn -0.182548 -0.177714 0.967003
vn -0.263333 0.010059 0.964652
vn -0.295633 0.295274 0.908523
vn -0.404189 0.603495 0.687333
vn -0.439636 0.774774 0.454362
vn -0.416830 0.816439 0.399599
vn -0.243213 0.756302 0.607334
vn 0.014280 0.569034 0.822190
vn 0.390856 0.258243 0.883483
vn 0.573160 -0.177867 0.799907
vn 0.578319 -0.621245 0.528774
vn 0.336947 -0.918099 0.208713
vn 0.031681 -0.986295 -0.161920
vn -0.162457 -0.884889 -0.436554
vn -0.354479 -0.685491 -0.635961
vn -0.329228 -0.754458 -0.567804
vn -0.125283 -0.981156 -0.147093
vn -0.151518 -0.988263 0.019478
vn -0.209066 -0.969619 0.127003
vn -0.269564 -0.962981 -0.001674
vn -0.187107 -0.946339 -0.263501
vn -0.022812 -0.771168 -0.636223
vn -0.755589 0.279408 -0.592467
vn -0.948006 0.190753 -0.254752
vn -0.993753 -0.029769 -0.107563
vn -0.507407 -0.858599 0.073120
vn -0.441353 -0.896962 -0.025849
vn -0.288340 -0.925743 -0.244663
vn -0.942555 0.076410 -0.325195
vn -0.613347 0.789620 0.017505
vn -0.376011 0.906372 0.192629
vn -0.456170 0.749919 0.479094
vn -0.497223 0.085161 0.863433
vn -0.238658 0.093484 0.966594
vn 0.680985 0.107379 0.724382
vn 0.733082 -0.674497 0.087438
vn 0.010929 -0.993867 -0.110044
vn -0.065364 -0.990424 -0.121605
vn -0.022096 -0.989608 -0.142083
vn -0.082517 -0.993176 0.082418
vn -0.068192 -0.985071 0.158067
vn -0.063200 -0.989991 0.126191
vn -0.052798 -0.996299 0.067833
vn 0.263178 -0.667610 -0.696444
vn -0.038493 -0.041581 -0.998393
vn -0.491074 0.407256 -0.770058
vn 0.789087 0.126619 -0.601090
vn 0.321520 -0.685296 -0.653448
vn 0.820368 -0.531073 -0.212032
vn -0.030918 -0.996436 -0.078480
vn 0.044309 -0.994614 -0.093704
vn 0.061181 -0.996013 -0.064925
vn 0.202431 -0.957509 0.205422
vn 0.580472 0.145922 0.801099
vn 0.481207 0.816096 0.320042
vn 0.940219 0.330645 -0.081629
vn 0.617374 -0.733710 -0.283758
vn 0.105947 -0.856890 -0.504494
vn 0.179674 -0.962837 -0.201649
vn 0.172298 -0.984927 -0.015256
vn -0.023536 -0.999694 0.007577
vn -0.076442 -0.997044 -0.007715
vn -0.102067 -0.994473 -0.024598
vn 0.030319 -0.991685 -0.125065
vn 0.176095 -0.935083 -0.307586
vn 0.490665 -0.737485 -0.464073
vn 0.547165 -0.748296 -0.375052
vn 0.330393 -0.898722 -0.288339
vn 0.001480 -0.986203 -0.165536
vn -0.225559 -0.947657 0.225987
vn -0.373604 -0.723771 0.580152
vn -0.401827 -0.303553 0.863939
vn -0.265732 0.144898 0.953095
vn -0.173645 0.655403 0.735047
vn 0.099038 0.887834 0.449380
vn 0.301648 0.925897 0.227429
vn 0.533069 0.824193 0.191161
vn 0.771877 0.591290 0.233628
vn 0.929326 -0.325304 0.174731
vn 0.796132 -0.572384 0.196345
vn 0.612066 -0.745556 0.263671
vn 0.355981 -0.932994 -0.052912
vn 0.218056 -0.973078 0.074638
vn 0.099493 -0.982624 0.156688
vn 0.118267 -0.781846 0.612152
vn 0.102432 -0.423475 0.900098
vn 0.126452 -0.143933 0.981475
vn 0.150374 0.265329 0.952359
vn 0.103741 0.544773 0.832142
vn 0.085087 0.830773 0.550069
vn 0.049748 0.996172 0.071872
vn 0.186470 0.940908 -0.282702
vn 0.358082 0.900887 -0.245318
vn 0.286643 0.702056 0.651885
vn 0.283950 0.893516 0.347852
vn 0.298481 0.954330 -0.012820
vn 0.255671 0.888159 -0.381845
vn 0.160315 0.902887 -0.398866
vn 0.226662 0.970232 0.085289
vn 0.145702 0.981105 -0.127293
vn 0.025186 0.939738 -0.340967
vn 0.056202 0.972144 -0.227545
vn 0.048577 0.998569 0.022388
vn -0.033436 0.981653 -0.187720
vn -0.038320 0.835571 -0.548045
vn -0.031046 0.458628 -0.888086
vn -0.038899 0.038730 -0.998492
vn -0.014632 -0.500643 -0.865530
vn 0.071941 -0.452564 -0.888825
vn 0.095584 0.076810 -0.992453
vn 0.084934 0.509057 -0.856532
vn 0.094380 0.864306 -0.494032
vn 0.064899 0.976341 -0.206268
vn -0.005812 0.995199 -0.097696
vn -0.007175 0.962532 -0.271074
vn -0.037531 0.984750 -0.169879
vn -0.089450 0.995986 -0.003192
vn -0.135129 0.917817 -0.373300
vn -0.127235 0.911333 -0.391514
vn -0.153484 0.987525 -0.035160
vn -0.173846 0.926470 0.333813
vn -0.215601 0.932693 0.289136
vn -0.307239 0.931790 -0.193316
vn -0.118028 0.991241 0.059244
vn -0.120389 0.841286 0.527015
vn -0.133449 0.549904 0.824498
vn -0.106674 0.211288 0.971585
vn -0.042578 -0.197352 0.979408
vn -0.087891 -0.384940 0.918747
vn -0.139389 -0.799782 0.583883
vn -0.275863 -0.795133 0.540058
vn -0.475537 -0.769758 0.425837
vn -0.340274 0.233669 0.910831
vn -0.405088 0.451598 0.794961
vn -0.598736 0.498055 0.627261
vn -0.522064 0.789323 0.323138
vn -0.384351 0.844053 0.373963
vn -0.229728 0.783536 0.577319
vn 0.022129 0.554484 0.831900
vn 0.289701 0.195522 0.936934
vn 0.437238 -0.257734 0.861624
vn 0.390898 -0.720980 0.572177
vn 0.369655 -0.911125 0.182226
vn -0.028490 -0.990600 -0.133793
vn -0.263601 -0.909407 -0.321705
vn -0.463093 -0.722410 -0.513487
vn -0.429965 -0.736377 -0.522379
vn -0.144910 -0.955230 -0.257947
vn -0.010713 -0.997035 -0.076202
vn -0.024511 -0.999700 -0.000109
vn -0.104649 -0.993218 0.050663
vn -0.234812 -0.971856 0.018968
vn -0.206057 -0.953569 -0.219652
vn -0.093804 -0.819534 -0.565301
vn -0.794279 0.318493 -0.517381
vn -0.953778 0.126324 -0.272672
vn -0.798902 -0.601329 0.012569
vn -0.523772 -0.786233 -0.327873
vn -0.908582 0.327401 -0.259399
vn -0.556729 0.828159 0.064850
vn -0.438421 0.784075 0.439333
vn -0.585316 0.110949 0.803179
vn -0.176916 -0.940712 0.289417
vn -0.011017 -0.934722 0.355209
vn 0.558583 -0.748445 0.357513
vn 0.080079 -0.996771 -0.005937
vn -0.054342 -0.992431 -0.110128
vn 0.005264 -0.992301 -0.123742
vn -0.050453 -0.995370 0.081817
vn -0.044363 -0.712780 -0.699983
vn -0.447497 0.042227 -0.893288
vn 0.681416 -0.434573 -0.588913
vn -0.038980 -0.995424 -0.087250
vn 0.124426 -0.980274 0.153560
vn 0.860960 0.261925 0.436053
vn 0.619114 -0.770102 -0.153752
vn 0.074593 -0.882701 -0.463977
vn 0.081907 -0.981792 -0.171397
vn 0.044692 -0.998536 -0.030463
vn -0.027929 -0.998834 -0.039375
vn -0.076004 -0.995693 -0.053100
vn -0.094177 -0.995554 -0.001730
vn -0.093924 -0.995165 -0.028731
vn 0.081451 -0.972496 -0.218216
vn 0.238558 -0.919639 -0.312017
vn 0.600039 -0.745924 -0.289051
vn 0.585094 -0.761796 -0.278086
vn 0.282230 -0.871319 -0.401434
vn -0.045814 -0.985887 -0.161020
vn -0.308832 -0.908603 0.281182
vn -0.547570 -0.670712 0.500313
vn -0.551529 -0.276750 0.786909
vn -0.419437 0.237722 0.876105
vn -0.216677 0.682382 0.698145
vn 0.039888 0.910938 0.410611
vn 0.235032 0.966357 0.104468
vn 0.464876 0.885193 0.017994
vn 0.723094 0.684593 -0.092020
vn 0.984455 0.035121 -0.172089
vn 0.804572 -0.532776 -0.262323
vn 0.732913 -0.658909 -0.169343
vn 0.141272 -0.973806 -0.178171
vn 0.039136 -0.994821 -0.093802
vn 0.069660 -0.979964 0.186598
vn 0.178153 -0.776955 0.603823
vn 0.222766 -0.438347 0.870762
vn 0.146200 -0.093903 0.984788
vn 0.105019 0.265426 0.958394
vn 0.081668 0.526081 0.846504
vn 0.026179 0.821399 0.569753
vn -0.003272 0.996757 0.080399
vn 0.042556 0.874316 -0.483487
vn 0.378253 0.794519 -0.475042
vn 0.444496 0.837983 0.316558
vn 0.232464 0.587047 0.775459
vn 0.187116 0.898901 0.396186
vn 0.216537 0.976214 0.010878
vn 0.282577 0.866571 -0.411346
vn 0.242816 0.738520 -0.628990
vn 0.335129 0.942129 -0.009063
vn 0.210595 0.926963 0.310467
vn 0.161453 0.984497 -0.068550
vn 0.102587 0.919463 -0.379556
vn 0.090247 0.954130 -0.285468
vn 0.109796 0.990850 0.078496
vn 0.018051 0.983090 -0.182230
vn 0.002314 0.821301 -0.570490
vn 0.038427 0.409307 -0.911587
vn 0.037811 0.036146 -0.998631
vn 0.012699 -0.539388 -0.841962
vn 0.014632 -0.500642 -0.865531
vn 0.038899 0.038730 -0.998492
vn 0.031046 0.458629 -0.888085
vn 0.038320 0.835573 -0.548042
vn 0.033436 0.981654 -0.187718
vn -0.048577 0.998569 0.022387
vn -0.056202 0.972142 -0.227554
vn -0.025185 0.939735 -0.340974
vn -0.145702 0.981105 -0.127292
vn -0.226663 0.970232 0.085292
vn -0.160314 0.902885 -0.398871
vn -0.255669 0.888158 -0.381849
vn -0.298480 0.954330 -0.012822
vn -0.283951 0.893515 0.347854
vn -0.286646 0.702067 0.651872
vn -0.358079 0.900884 -0.245333
vn -0.186470 0.940909 -0.282701
vn -0.049748 0.996172 0.071872
vn -0.085086 0.830772 0.550072
vn -0.103741 0.544775 0.832140
vn -0.150375 0.265327 0.952360
vn -0.126452 -0.143931 0.981475
vn -0.102432 -0.423476 0.900098
vn -0.118267 -0.781846 0.612152
vn -0.099493 -0.982624 0.156686
vn -0.218056 -0.973078 0.074635
vn -0.355981 -0.932994 -0.052913
vn -0.612065 -0.745558 0.263665
vn -0.796131 -0.572388 0.196336
vn -0.929326 -0.325301 0.174737
vn -0.771877 0.591293 0.233622
vn -0.533070 0.824194 0.191158
vn -0.301648 0.925896 0.227432
vn -0.099037 0.887833 0.449382
vn 0.173646 0.655403 0.735047
vn 0.265727 0.144900 0.953096
vn 0.401824 -0.303555 0.863940
vn 0.373604 -0.723772 0.580150
vn 0.225558 -0.947656 0.225991
vn -0.001480 -0.986203 -0.165536
vn -0.330393 -0.898723 -0.288337
vn -0.547165 -0.748295 -0.375052
vn -0.490665 -0.737486 -0.464071
vn -0.176095 -0.935084 -0.307586
vn -0.030319 -0.991685 -0.125066
vn 0.102067 -0.994474 -0.024594
vn 0.076442 -0.997044 -0.007715
vn 0.023536 -0.999694 0.007572
vn -0.172297 -0.984927 -0.015254
vn -0.179674 -0.962836 -0.201652
vn -0.105947 -0.856888 -0.504497
vn -0.789087 0.126619 -0.601090
vn -0.820368 -0.531073 -0.212032
vn -0.617374 -0.733711 -0.283758
vn -0.940219 0.330644 -0.081629
vn -0.481207 0.816096 0.320042
vn -0.580472 0.145922 0.801099
vn -0.202430 -0.957509 0.205422
vn -0.061181 -0.996013 -0.064925
vn -0.044309 -0.994614 -0.093704
vn 0.030918 -0.996436 -0.078480
vn -0.321520 -0.685296 -0.653448
vn 0.493376 -0.848340 0.192090
vn 0.017448 -0.878750 -0.476964
vn -0.013128 -0.983257 -0.181750
vn -0.016664 -0.997123 -0.073949
vn 0.179866 -0.976881 -0.115551
vn 0.193568 -0.977310 -0.086005
vn 0.166124 -0.967674 -0.189763
vn 0.127986 -0.991640 -0.016448
vn -0.042247 -0.995272 0.087463
vn -0.003010 -0.991696 -0.128567
vn 0.562568 -0.687691 -0.458910
vn 0.105518 -0.812402 -0.573471
vn -0.270377 -0.959123 -0.083548
vn -0.480521 -0.847606 0.225086
vn -0.627352 -0.591484 0.506534
vn -0.627547 -0.217800 0.747494
vn -0.460641 0.319870 0.827945
vn -0.040010 0.679642 0.732452
vn 0.091478 0.898182 0.430001
vn 0.249392 0.967898 0.031275
vn 0.391454 0.908137 -0.148497
vn 0.590737 0.763150 -0.261976
vn 0.790346 0.335558 -0.512596
vn 0.755459 -0.293602 -0.585730
vn 0.050414 -0.993207 -0.104870
vn 0.204624 -0.964613 0.166287
vn 0.397836 -0.739670 0.542785
vn 0.160525 -0.413511 0.896237
vn 0.113822 -0.116278 0.986673
vn 0.130212 0.248147 0.959931
vn 0.081626 0.491007 0.867323
vn 0.002235 0.805477 0.592622
vn -0.027807 0.997543 0.064302
vn -0.013327 0.865898 -0.500042
vn 0.258847 0.624396 -0.736972
vn 0.567437 0.802415 0.184785
vn 0.236721 0.460654 0.855430
vn 0.066068 0.779550 0.622846
vn 0.033615 0.999430 0.003097
vn 0.065308 0.821525 -0.566420
vn 0.350057 0.500280 -0.791948
vn 0.407278 0.849591 -0.335141
vn 0.464775 0.747425 0.474701
vn 0.062600 0.852220 0.519426
vn 0.022701 0.999109 -0.035576
vn 0.177958 0.864384 -0.470288
vn 0.154328 0.772629 -0.615815
vn 0.259484 0.963427 0.066912
vn 0.164142 0.967928 0.190190
vn 0.075314 0.980045 -0.183957
vn 0.063550 0.797155 -0.600422
vn 0.070833 0.395442 -0.915756
vn 0.088752 0.021040 -0.995832
vn 0.061017 -0.487177 -0.871169
vn -0.012699 -0.539387 -0.841962
vn -0.037812 0.036147 -0.998631
vn -0.038427 0.409309 -0.911586
vn -0.002314 0.821301 -0.570491
vn -0.018051 0.983091 -0.182229
vn -0.109796 0.990849 0.078501
vn -0.090246 0.954126 -0.285482
vn -0.102587 0.919463 -0.379558
vn -0.161453 0.984497 -0.068543
vn -0.210595 0.926959 0.310477
vn -0.335130 0.942128 -0.009071
vn -0.242816 0.738520 -0.628990
vn -0.282575 0.866571 -0.411346
vn -0.216537 0.976214 0.010879
vn -0.187118 0.898900 0.396188
vn -0.232463 0.587046 0.775460
vn -0.444496 0.838008 0.316491
vn -0.378250 0.794514 -0.475053
vn -0.042555 0.874313 -0.483493
vn 0.003272 0.996757 0.080399
vn -0.026179 0.821397 0.569756
vn -0.081667 0.526080 0.846505
vn -0.105018 0.265424 0.958395
vn -0.146201 -0.093903 0.984788
vn -0.222767 -0.438346 0.870763
vn -0.178153 -0.776957 0.603821
vn -0.069659 -0.979964 0.186594
vn -0.039136 -0.994821 -0.093804
vn -0.141272 -0.973805 -0.178174
vn -0.238558 -0.919639 -0.312017
vn -0.600038 -0.745924 -0.289052
vn -0.732913 -0.658909 -0.169347
vn -0.804574 -0.532776 -0.262317
vn -0.984455 0.035123 -0.172092
vn -0.723092 0.684594 -0.092027
vn -0.464877 0.885193 0.017991
vn -0.235032 0.966357 0.104468
vn -0.039887 0.910939 0.410608
vn 0.216679 0.682385 0.698141
vn 0.419436 0.237723 0.876105
vn 0.551529 -0.276749 0.786909
vn 0.547569 -0.670710 0.500316
vn 0.308832 -0.908603 0.281182
vn 0.045814 -0.985888 -0.161017
vn -0.282231 -0.871320 -0.401432
vn -0.585094 -0.761796 -0.278087
vn -0.081451 -0.972495 -0.218217
vn 0.093923 -0.995165 -0.028734
vn 0.094176 -0.995554 -0.001725
vn 0.076004 -0.995693 -0.053097
vn 0.027928 -0.998834 -0.039378
vn -0.044692 -0.998536 -0.030462
vn -0.081906 -0.981791 -0.171400
vn -0.074593 -0.882698 -0.463982
vn -0.681416 -0.434573 -0.588913
vn -0.619114 -0.770103 -0.153752
vn -0.860961 0.261925 0.436053
vn -0.124426 -0.980274 0.153559
vn 0.038980 -0.995424 -0.087250
vn 0.150744 -0.836323 -0.527106
vn 0.222539 -0.939494 -0.260437
vn 0.262950 -0.938729 -0.222812
vn 0.180540 -0.957571 -0.224639
vn 0.494486 -0.835944 -0.238078
vn 0.565454 -0.820133 -0.087432
vn 0.267314 -0.939814 -0.212821
vn 0.480808 -0.823369 -0.301474
vn 0.456583 -0.889265 -0.027211
vn 0.129616 -0.983926 0.122835
vn 0.045724 -0.995634 -0.081381
vn 0.421842 -0.504183 -0.753557
vn -0.050979 -0.838428 -0.542623
vn -0.334525 -0.940464 -0.060180
vn -0.544778 -0.806057 0.231276
vn -0.690126 -0.463446 0.555827
vn -0.555685 -0.210315 0.804352
vn -0.293405 0.248455 0.923138
vn 0.027165 0.528053 0.848777
vn 0.189093 0.805834 0.561138
vn 0.308411 0.947162 0.088135
vn 0.366795 0.900846 -0.232244
vn 0.465395 0.816577 -0.341481
vn 0.656826 0.408867 -0.633567
vn 0.611284 -0.077975 -0.787560
vn 0.238499 -0.961231 -0.138392
vn 0.500901 -0.858621 0.108940
vn 0.251200 -0.785705 0.565303
vn 0.081881 -0.440159 0.894179
vn 0.186216 -0.154678 0.970257
vn 0.154894 0.188748 0.969733
vn -0.018262 0.453631 0.891002
vn -0.032473 0.806244 0.590691
vn -0.017702 0.999056 0.039683
vn -0.018496 0.860681 -0.508809
vn -0.035118 0.294475 -0.955014
vn 0.032923 0.230776 -0.972450
vn 0.224498 0.278370 -0.933869
vn 0.707671 0.705559 0.037255
vn 0.292449 0.282078 0.913732
vn 0.070210 0.241044 0.967971
vn 0.011504 0.779752 0.625983
vn -0.004669 0.999984 0.003148
vn -0.009551 0.804070 -0.594458
vn 0.292060 0.352997 -0.888873
vn 0.666208 0.666444 -0.334693
vn 0.209270 0.507089 0.836102
vn 0.039442 0.811096 0.583582
vn 0.020552 0.999725 0.011273
vn 0.030986 0.736453 -0.675779
vn 0.288185 0.537963 -0.792178
vn 0.334552 0.902846 -0.270081
vn 0.366355 0.755608 0.542992
vn 0.236391 0.903210 0.358233
vn 0.099916 0.983764 -0.149083
vn 0.082136 0.787078 -0.611361
vn 0.097651 0.345820 -0.933206
vn 0.122678 -0.004237 -0.992438
vn 0.115915 -0.439825 -0.890572
vn -0.061018 -0.487180 -0.871167
vn -0.088751 0.021042 -0.995832
vn -0.070833 0.395439 -0.915757
vn -0.063550 0.797154 -0.600422
vn -0.075314 0.980045 -0.183955
vn -0.164142 0.967927 0.190196
vn -0.259485 0.963429 0.066871
vn -0.154327 0.772621 -0.615825
vn -0.177958 0.864385 -0.470287
vn -0.022702 0.999109 -0.035568
vn -0.062600 0.852216 0.519431
vn -0.464774 0.747423 0.474704
vn -0.407276 0.849592 -0.335141
vn -0.350054 0.500277 -0.791951
vn -0.065308 0.821526 -0.566418
vn -0.033615 0.999430 0.003097
vn -0.066068 0.779550 0.622846
vn -0.236719 0.460650 0.855433
vn -0.567437 0.802415 0.184785
vn -0.258847 0.624403 -0.736966
vn 0.013327 0.865896 -0.500047
vn 0.027807 0.997543 0.064305
vn -0.002235 0.805476 0.592624
vn -0.081626 0.491006 0.867324
vn -0.130212 0.248146 0.959932
vn -0.113821 -0.116278 0.986673
vn -0.160527 -0.413513 0.896235
vn -0.397836 -0.739672 0.542782
vn -0.204624 -0.964613 0.166284
vn -0.050414 -0.993207 -0.104874
vn 0.003010 -0.991696 -0.128566
vn -0.562569 -0.687693 -0.458906
vn -0.755461 -0.293604 -0.585726
vn -0.790344 0.335559 -0.512599
vn -0.590737 0.763150 -0.261979
vn -0.391454 0.908136 -0.148501
vn -0.249392 0.967897 0.031276
vn -0.091479 0.898183 0.429999
vn 0.040010 0.679647 0.732447
vn 0.460643 0.319871 0.827943
vn 0.627548 -0.217796 0.747495
vn 0.627351 -0.591481 0.506537
vn 0.480521 -0.847606 0.225088
vn 0.270376 -0.959122 -0.083554
vn -0.105518 -0.812401 -0.573473
vn 0.042247 -0.995272 0.087464
vn -0.127986 -0.991640 -0.016442
vn -0.166124 -0.967675 -0.189759
vn -0.193568 -0.977309 -0.086012
vn -0.179865 -0.976881 -0.115555
vn 0.016663 -0.997123 -0.073949
vn 0.013128 -0.983257 -0.181750
vn -0.017448 -0.878750 -0.476963
vn -0.493376 -0.848341 0.192090
vn 0.371653 -0.722563 -0.582904
vn 0.498675 -0.798099 -0.338172
vn 0.565543 -0.732837 -0.378301
vn 0.228578 -0.893106 -0.387445
vn 0.485516 -0.746785 -0.454518
vn 0.535588 -0.806925 -0.249033
vn 0.600845 -0.784466 0.153620
vn 0.498571 -0.812880 -0.301088
vn 0.498227 -0.696386 -0.516543
vn 0.484729 -0.872259 -0.064824
vn 0.446242 -0.878433 0.170947
vn 0.251492 -0.963419 -0.092600
vn 0.309230 -0.480210 -0.820838
vn -0.000271 -0.869485 -0.493960
vn -0.307366 -0.951126 -0.029766
vn -0.646026 -0.760151 0.069429
vn -0.636550 -0.542826 0.547854
vn -0.476495 -0.248360 0.843369
vn -0.193641 0.162526 0.967517
vn 0.026304 0.514782 0.856917
vn 0.265962 0.793101 0.547955
vn 0.438986 0.874016 0.208293
vn 0.368311 0.900597 -0.230808
vn 0.412406 0.833478 -0.367744
vn 0.523034 0.392176 -0.756725
vn 0.558066 -0.074902 -0.826409
vn 0.584349 -0.788124 -0.193382
vn 0.373169 -0.927089 0.035364
vn -0.064539 -0.836668 0.543895
vn 0.195471 -0.413323 0.889357
vn 0.235646 -0.234144 0.943211
vn -0.009315 0.091534 0.995758
vn 0.012330 0.439345 0.898234
vn 0.062495 0.836654 0.544155
vn 0.083715 0.996485 -0.003037
vn -0.000155 0.856206 -0.516635
vn -0.035847 0.324583 -0.945178
vn -0.026305 -0.001072 -0.999653
vn -0.014155 0.003146 -0.999895
vn 0.147821 0.037613 -0.988299
vn 0.888184 0.444020 -0.118214
vn 0.264134 0.076683 0.961433
vn 0.055323 0.019401 0.998280
vn 0.018819 0.267840 0.963280
vn 0.010264 0.820854 0.571045
vn -0.016282 0.999793 -0.012225
vn -0.040450 0.790870 -0.610646
vn 0.002547 0.240680 -0.970601
vn 0.038275 0.230247 -0.972379
vn 0.238563 0.243070 -0.940215
vn 0.791985 0.566391 -0.227950
vn 0.173246 0.250263 0.952551
vn 0.068429 0.323942 0.943599
vn 0.012469 0.304271 0.952504
vn -0.006260 0.814208 0.580539
vn 0.002937 0.998484 0.054961
vn -0.025531 0.779317 -0.626110
vn 0.364531 0.334436 -0.869063
vn 0.519971 0.597414 -0.610513
vn 0.506710 0.606548 0.612653
vn 0.130916 0.838045 0.529661
vn 0.038002 0.993726 -0.105191
vn 0.014446 0.797005 -0.603800
vn 0.101501 0.331621 -0.937937
vn 0.126698 -0.008443 -0.991906
vn 0.203615 -0.389994 -0.898023
vn -0.115915 -0.439833 -0.890568
vn -0.122678 -0.004237 -0.992437
vn -0.097652 0.345819 -0.933206
vn -0.082137 0.787080 -0.611358
vn -0.099916 0.983764 -0.149081
vn -0.236391 0.903214 0.358223
vn -0.366354 0.755605 0.542998
vn -0.334547 0.902829 -0.270143
vn -0.288185 0.537964 -0.792177
vn -0.030987 0.736453 -0.675779
vn -0.020552 0.999725 0.011277
vn -0.039441 0.811095 0.583583
vn -0.209269 0.507083 0.836106
vn -0.666207 0.666441 -0.334701
vn -0.292060 0.352997 -0.888872
vn 0.009551 0.804071 -0.594457
vn 0.004669 0.999984 0.003148
vn -0.011504 0.779752 0.625983
vn -0.070210 0.241042 0.967972
vn -0.292446 0.282074 0.913734
vn -0.707672 0.705559 0.037252
vn -0.224499 0.278369 -0.933869
vn -0.032923 0.230773 -0.972451
vn 0.035117 0.294473 -0.955014
vn 0.018496 0.860684 -0.508803
vn 0.017702 0.999055 0.039685
vn 0.032473 0.806243 0.590693
vn 0.018262 0.453629 0.891004
vn -0.154894 0.188746 0.969733
vn -0.186215 -0.154677 0.970257
vn -0.081881 -0.440160 0.894178
vn -0.251197 -0.785709 0.565298
vn -0.500900 -0.858622 0.108937
vn -0.238500 -0.961231 -0.138396
vn -0.045724 -0.995634 -0.081377
vn -0.421842 -0.504185 -0.753556
vn -0.611283 -0.077975 -0.787561
vn -0.656825 0.408868 -0.633567
vn -0.465395 0.816577 -0.341482
vn -0.366794 0.900848 -0.232240
vn -0.308410 0.947162 0.088135
vn -0.189092 0.805831 0.561143
vn -0.027165 0.528050 0.848779
vn 0.293406 0.248457 0.923137
vn 0.555686 -0.210316 0.804351
vn 0.690126 -0.463447 0.555827
vn 0.544778 -0.806056 0.231280
vn 0.334525 -0.940463 -0.060187
vn 0.050980 -0.838427 -0.542624
vn -0.129616 -0.983926 0.122842
vn -0.456582 -0.889265 -0.027206
vn -0.480809 -0.823370 -0.301473
vn -0.267314 -0.939813 -0.212826
vn -0.565455 -0.820131 -0.087446
vn -0.494487 -0.835942 -0.238085
vn -0.180539 -0.957572 -0.224638
vn -0.262951 -0.938728 -0.222818
vn -0.222540 -0.939493 -0.260439
vn -0.150743 -0.836321 -0.527108
vn 0.411845 -0.719460 -0.559251
vn 0.527708 -0.771841 -0.354662
vn 0.645550 -0.684555 -0.338599
vn 0.479540 -0.645815 -0.594108
vn 0.438145 -0.676961 -0.591399
vn 0.056929 -0.987986 -0.143674
vn 0.092608 -0.868814 0.486401
vn 0.773285 -0.483741 -0.409909
vn 0.071573 -0.790198 -0.608658
vn 0.003388 -0.997227 -0.074348
vn 0.442747 -0.705102 0.553902
vn 0.605536 -0.795808 0.004000
vn 0.332728 -0.540726 -0.772597
vn 0.118091 -0.876135 -0.467378
vn -0.442381 -0.859683 -0.255429
vn -0.609454 -0.786992 0.095969
vn -0.479690 -0.567459 0.669244
vn -0.347306 -0.273191 0.897076
vn -0.155448 0.080189 0.984584
vn 0.249065 0.276154 0.928281
vn 0.419004 0.601506 0.680166
vn 0.463483 0.803152 0.374339
vn 0.520540 0.845050 -0.122180
vn 0.451292 0.775746 -0.441081
vn 0.390829 0.392715 -0.832483
vn 0.459898 -0.181015 -0.869326
vn 0.490012 -0.713345 -0.501026
vn -0.074870 -0.997171 -0.006746
vn 0.141160 -0.820432 0.554044
vn 0.278582 -0.412531 0.867300
vn 0.088269 -0.354689 0.930809
vn -0.011817 0.023880 0.999645
vn 0.182817 0.437715 0.880331
vn 0.173755 0.854416 0.489675
vn 0.163968 0.986440 0.007136
vn 0.075919 0.861065 -0.502795
vn -0.033198 0.384848 -0.922383
vn -0.017983 -0.023237 -0.999568
vn 0.011295 -0.249978 -0.968186
vn -0.012881 -0.221454 -0.975086
vn 0.363211 -0.101875 -0.926120
vn 0.942866 0.281381 -0.178406
vn 0.303607 -0.043949 0.951783
vn 0.067611 -0.100742 0.992613
vn 0.028663 -0.006258 0.999570
vn 0.021450 0.329529 0.943902
vn -0.002825 0.839123 0.543934
vn -0.034541 0.999373 -0.007723
vn -0.061204 0.830211 -0.554080
vn -0.043760 0.261597 -0.964185
vn 0.010936 0.038129 -0.999213
vn 0.016416 0.044907 -0.998856
vn 0.135940 0.080976 -0.987402
vn 0.882952 0.462088 0.082891
vn 0.106369 0.049080 0.993115
vn 0.023477 0.037482 0.999022
vn 0.010273 0.037081 0.999259
vn -0.005140 0.321191 0.947001
vn -0.018246 0.837471 0.546177
vn -0.024031 0.999279 0.029411
vn -0.033466 0.825987 -0.562696
vn -0.038560 0.264104 -0.963723
vn 0.014438 0.271834 -0.962236
vn 0.295740 0.204373 -0.933150
vn 0.618099 0.430555 -0.657705
vn 0.460823 0.367707 0.807733
vn 0.342509 0.410142 0.845264
vn 0.082853 0.367033 0.926511
vn -0.002224 0.813439 0.581646
vn -0.032529 0.999111 -0.026833
vn -0.053621 0.822037 -0.566904
vn 0.024823 0.340281 -0.939996
vn 0.109392 -0.018582 -0.993825
vn 0.218501 -0.370553 -0.902745
vn -0.203612 -0.389996 -0.898023
vn -0.126699 -0.008443 -0.991905
vn -0.101502 0.331625 -0.937935
vn -0.014446 0.797008 -0.603796
vn -0.038002 0.993726 -0.105191
vn -0.130919 0.838049 0.529655
vn -0.506708 0.606547 0.612656
vn -0.519975 0.597421 -0.610503
vn -0.364530 0.334434 -0.869063
vn 0.025531 0.779320 -0.626106
vn -0.002937 0.998484 0.054961
vn 0.006260 0.814208 0.580539
vn -0.012468 0.304271 0.952504
vn -0.068427 0.323932 0.943603
vn -0.173248 0.250264 0.952551
vn -0.791980 0.566389 -0.227972
vn -0.238565 0.243071 -0.940215
vn -0.038276 0.230247 -0.972379
vn -0.002547 0.240679 -0.970601
vn 0.040450 0.790870 -0.610645
vn 0.016282 0.999793 -0.012225
vn -0.010264 0.820854 0.571046
vn -0.018819 0.267838 0.963280
vn -0.055322 0.019401 0.998280
vn -0.264132 0.076683 0.961433
vn -0.888184 0.444020 -0.118219
vn -0.147822 0.037614 -0.988299
vn 0.014155 0.003146 -0.999895
vn 0.026305 -0.001072 -0.999653
vn 0.035847 0.324583 -0.945178
vn 0.000155 0.856210 -0.516627
vn -0.083715 0.996485 -0.003035
vn -0.062495 0.836652 0.544158
vn -0.012331 0.439341 0.898236
vn 0.009313 0.091533 0.995759
vn -0.235646 -0.234144 0.943211
vn -0.195471 -0.413324 0.889356
vn 0.064540 -0.836668 0.543895
vn -0.373166 -0.927091 0.035362
vn -0.584351 -0.788122 -0.193383
vn -0.251492 -0.963419 -0.092605
vn -0.309230 -0.480209 -0.820839
vn -0.558064 -0.074902 -0.826410
vn -0.523033 0.392178 -0.756725
vn -0.412407 0.833480 -0.367738
vn -0.368310 0.900598 -0.230803
vn -0.438987 0.874017 0.208289
vn -0.265961 0.793102 0.547954
vn -0.026305 0.514782 0.856918
vn 0.193641 0.162525 0.967517
vn 0.476496 -0.248364 0.843366
vn 0.636549 -0.542830 0.547852
vn 0.646027 -0.760151 0.069431
vn 0.307365 -0.951126 -0.029769
vn 0.000271 -0.869483 -0.493963
vn -0.446239 -0.878434 0.170951
vn -0.484728 -0.872259 -0.064822
vn -0.498225 -0.696387 -0.516544
vn -0.498570 -0.812878 -0.301094
vn -0.600847 -0.784464 0.153619
vn -0.535591 -0.806922 -0.249037
vn -0.485516 -0.746784 -0.454520
vn -0.228579 -0.893105 -0.387447
vn -0.565539 -0.732838 -0.378305
vn -0.498675 -0.798100 -0.338171
vn -0.371653 -0.722565 -0.582902
vn 0.110227 -0.871276 -0.478255
vn 0.086514 -0.986186 -0.141254
vn 0.133665 -0.962799 0.234844
vn 0.637920 -0.324788 -0.698263
vn 0.052081 -0.838628 -0.542209
vn 0.047913 -0.996478 -0.068826
vn 0.105902 -0.858371 0.501980
vn 0.037950 -0.216998 0.975434
vn 0.393244 -0.221940 0.892245
vn 0.974717 0.062313 -0.214578
vn 0.340237 -0.141393 -0.929649
vn 0.072931 -0.226562 -0.971263
vn 0.012159 -0.799385 -0.600697
vn 0.080322 -0.994658 -0.064830
vn 0.032905 -0.770649 0.636410
vn 0.960460 -0.276177 -0.035256
vn 0.362813 -0.579982 -0.729375
vn -0.094178 -0.777820 -0.621390
vn -0.499138 -0.817188 -0.288210
vn -0.523650 -0.830803 0.188564
vn -0.558964 -0.445694 0.699225
vn -0.314720 -0.158172 0.935913
vn 0.094386 -0.053603 0.994092
vn 0.727432 -0.276161 0.628154
vn 0.604765 -0.214325 0.767023
vn 0.340342 0.504154 0.793723
vn 0.522763 0.852478 -0.001076
vn 0.573615 0.704501 -0.417905
vn 0.410675 0.312335 -0.856617
vn 0.241274 -0.166379 -0.956088
vn -0.023367 -0.814224 -0.580080
vn 0.095676 -0.993398 -0.063297
vn 0.272996 -0.783550 0.558142
vn 0.221203 -0.504061 0.834861
vn 0.002370 -0.500534 0.865714
vn 0.176115 -0.047007 0.983247
vn 0.105341 0.446584 0.888519
vn 0.126743 0.873442 0.470144
vn 0.134544 0.990850 0.010725
vn 0.108613 0.852076 -0.512024
vn 0.057088 0.431158 -0.900469
vn -0.064973 -0.038947 -0.997127
vn 0.050036 -0.280338 -0.958597
vn 0.087208 -0.811961 -0.577161
vn 0.987148 0.136250 -0.083519
vn 0.057811 -0.120694 0.991005
vn 0.063621 -0.047285 0.996853
vn 0.008398 0.362025 0.932131
vn 0.004405 0.862173 0.506594
vn 0.017155 0.999818 -0.008365
vn 0.037514 0.857715 -0.512754
vn -0.084912 0.294792 -0.951781
vn 0.003621 -0.009722 -0.999946
vn 0.016700 -0.232730 -0.972398
vn 0.808482 0.357722 0.467323
vn 0.068934 -0.274854 0.959012
vn 0.055052 -0.016909 0.998340
vn 0.014950 0.306553 0.951736
vn 0.036090 0.884165 0.465778
vn 0.019889 0.999717 -0.013086
vn -0.030829 0.857811 -0.513039
vn -0.060068 0.304629 -0.950575
vn -0.018092 0.029791 -0.999393
vn -0.005535 0.049970 -0.998735
vn 0.156831 0.026790 -0.987262
vn 0.816941 0.274133 -0.507404
vn 0.592495 0.034118 0.804851
vn 0.139787 -0.008411 0.990146
vn 0.039988 -0.020856 0.998983
vn 0.005666 0.382401 0.923979
vn -0.055536 0.833140 0.550267
vn -0.071088 0.997018 -0.030038
vn -0.062942 0.832784 -0.550009
vn -0.050337 0.399252 -0.915458
vn 0.054399 -0.052774 -0.997124
vn 0.118970 -0.432764 -0.893623
vn -0.218500 -0.370556 -0.902744
vn -0.109392 -0.018584 -0.993825
vn -0.024824 0.340284 -0.939995
vn 0.053621 0.822037 -0.566903
vn 0.032530 0.999111 -0.026833
vn 0.002224 0.813438 0.581647
vn -0.082855 0.367032 0.926511
vn -0.342516 0.410150 0.845257
vn -0.460824 0.367707 0.807733
vn -0.618103 0.430556 -0.657701
vn -0.295737 0.204371 -0.933152
vn -0.014438 0.271830 -0.962237
vn 0.038560 0.264103 -0.963723
vn 0.033466 0.825989 -0.562691
vn 0.024031 0.999279 0.029410
vn 0.018246 0.837472 0.546176
vn 0.005140 0.321193 0.947000
vn -0.010273 0.037081 0.999260
vn -0.023477 0.037482 0.999022
vn -0.106375 0.049084 0.993114
vn -0.882951 0.462090 0.082885
vn -0.135944 0.080978 -0.987402
vn -0.016416 0.044907 -0.998856
vn -0.010936 0.038129 -0.999213
vn 0.043760 0.261596 -0.964185
vn 0.061203 0.830212 -0.554078
vn 0.034541 0.999373 -0.007723
vn 0.002825 0.839123 0.543935
vn -0.021450 0.329525 0.943903
vn -0.028663 -0.006258 0.999570
vn -0.067611 -0.100741 0.992613
vn -0.303609 -0.043947 0.951783
vn -0.942865 0.281381 -0.178408
vn -0.363211 -0.101876 -0.926120
vn 0.012881 -0.221450 -0.975087
vn -0.011294 -0.249973 -0.968187
vn 0.017983 -0.023237 -0.999568
vn 0.033198 0.384849 -0.922383
vn -0.075919 0.861067 -0.502792
vn -0.163968 0.986440 0.007136
vn -0.173755 0.854416 0.489676
vn -0.182817 0.437714 0.880332
vn 0.011816 0.023878 0.999645
vn -0.088272 -0.354687 0.930809
vn -0.278582 -0.412532 0.867300
vn -0.141160 -0.820431 0.554046
vn 0.074871 -0.997171 -0.006750
vn -0.490013 -0.713345 -0.501025
vn -0.605535 -0.795809 0.003992
vn -0.332729 -0.540725 -0.772598
vn -0.459896 -0.181014 -0.869327
vn -0.390829 0.392716 -0.832482
vn -0.451293 0.775747 -0.441079
vn -0.520540 0.845051 -0.122174
vn -0.463488 0.803151 0.374335
vn -0.419004 0.601514 0.680160
vn -0.249066 0.276159 0.928279
vn 0.155448 0.080187 0.984584
vn 0.347308 -0.273195 0.897074
vn 0.479690 -0.567460 0.669243
vn 0.609454 -0.786991 0.095968
vn 0.442383 -0.859682 -0.255430
vn -0.118090 -0.876134 -0.467380
vn -0.442746 -0.705101 0.553903
vn -0.003387 -0.997227 -0.074343
vn -0.071573 -0.790200 -0.608656
vn -0.773281 -0.483742 -0.409916
vn -0.092608 -0.868813 0.486403
vn -0.056930 -0.987987 -0.143673
vn -0.438147 -0.676958 -0.591401
vn -0.479540 -0.645813 -0.594110
vn -0.645550 -0.684556 -0.338598
vn -0.527706 -0.771845 -0.354658
vn -0.411847 -0.719466 -0.559242
vn 0.028362 -0.873119 -0.486682
vn 0.001981 -0.994663 -0.103158
vn 0.069688 -0.945334 0.318570
vn 0.205136 -0.465402 0.861000
vn 0.957023 -0.280102 0.075169
vn 0.775134 -0.054802 -0.629416
vn 0.327230 -0.232706 -0.915843
vn 0.038363 -0.348344 -0.936582
vn -0.004199 -0.849089 -0.528234
vn 0.166215 -0.985488 -0.034431
vn 0.196112 -0.863679 0.464327
vn 0.178239 -0.778165 -0.602237
vn 0.249890 -0.966563 -0.057539
vn 0.114022 -0.799446 0.589818
vn 0.126598 -0.538971 -0.832756
vn -0.267733 -0.652630 -0.708797
vn -0.314114 -0.904071 -0.289808
vn -0.511132 -0.836749 0.196455
vn -0.672921 -0.322410 0.665755
vn -0.695003 0.012414 0.718900
vn -0.325567 0.220525 0.919443
vn 0.463194 0.026638 0.885856
vn -0.348364 0.641366 0.683588
vn -0.233739 0.823401 0.517085
vn -0.209423 0.922491 0.324273
vn -0.026746 0.982283 0.185484
vn 0.326559 0.945070 -0.014208
vn 0.648193 0.643272 -0.407489
vn 0.547829 0.161891 -0.820777
vn 0.206094 -0.177246 -0.962346
vn 0.212262 -0.972522 -0.095630
vn 0.361225 -0.771257 0.524098
vn 0.076751 -0.677234 0.731753
vn 0.096663 -0.539621 0.836341
vn 0.117473 -0.078738 0.989950
vn -0.038982 0.431494 0.901273
vn -0.046183 0.887723 0.458057
vn -0.038079 0.999274 -0.001453
vn 0.087045 0.858771 -0.504911
vn 0.072920 0.395984 -0.915358
vn -0.017073 -0.054614 -0.998362
vn 0.050945 -0.341882 -0.938361
vn 0.168277 -0.804692 -0.569345
vn 0.136884 -0.226479 0.964350
vn 0.066106 -0.077212 0.994821
vn 0.014891 0.408170 0.912785
vn 0.172655 0.854348 0.490183
vn 0.186712 0.982291 -0.015593
vn 0.156091 0.842197 -0.516081
vn 0.026736 0.368408 -0.929280
vn -0.040556 -0.023312 -0.998905
vn 0.085205 -0.326333 -0.941407
vn 0.128752 -0.332909 0.934128
vn 0.090294 -0.068585 0.993551
vn 0.093030 0.337186 0.936830
vn 0.142824 0.875949 0.460776
vn 0.134656 0.990653 -0.021801
vn 0.048184 0.866444 -0.496943
vn -0.059012 0.348466 -0.935462
vn -0.017609 -0.032763 -0.999308
vn -0.000919 -0.325677 -0.945481
vn 0.876543 0.100000 -0.470821
vn 0.118365 -0.482618 0.867796
vn 0.048332 -0.024698 0.998526
vn -0.014530 0.413853 0.910228
vn -0.037386 0.866842 0.497179
vn -0.030740 0.997157 -0.068793
vn -0.048700 0.849133 -0.525929
vn -0.073184 0.440854 -0.894590
vn -0.013002 -0.067224 -0.997653
vn 0.080023 -0.507321 -0.858034
vn -0.118971 -0.432764 -0.893623
vn -0.054399 -0.052777 -0.997124
vn 0.050337 0.399251 -0.915459
vn 0.062942 0.832786 -0.550006
vn 0.071088 0.997018 -0.030031
vn 0.055536 0.833140 0.550266
vn -0.005666 0.382397 0.923981
vn -0.039988 -0.020854 0.998983
vn -0.139793 -0.008412 0.990145
vn -0.592500 0.034114 0.804848
vn -0.816939 0.274133 -0.507408
vn -0.156825 0.026788 -0.987263
vn 0.005535 0.049970 -0.998735
vn 0.018092 0.029791 -0.999393
vn 0.060069 0.304631 -0.950574
vn 0.030829 0.857812 -0.513039
vn -0.019889 0.999717 -0.013090
vn -0.036090 0.884167 0.465775
vn -0.014950 0.306553 0.951736
vn -0.055051 -0.016908 0.998340
vn -0.068934 -0.274856 0.959011
vn -0.037950 -0.217003 0.975433
vn -0.393246 -0.221935 0.892246
vn -0.808480 0.357729 0.467322
vn -0.340229 -0.141394 -0.929652
vn -0.072931 -0.226563 -0.971262
vn -0.016700 -0.232729 -0.972398
vn -0.003621 -0.009724 -0.999946
vn 0.084911 0.294790 -0.951782
vn -0.037514 0.857716 -0.512754
vn -0.017155 0.999818 -0.008365
vn -0.004405 0.862174 0.506593
vn -0.008398 0.362023 0.932131
vn -0.063621 -0.047284 0.996853
vn -0.057811 -0.120693 0.991005
vn -0.032904 -0.770650 0.636409
vn -0.987147 0.136254 -0.083521
vn 0.023367 -0.814219 -0.580087
vn -0.087207 -0.811957 -0.577166
vn -0.050035 -0.280335 -0.958597
vn 0.064974 -0.038947 -0.997127
vn -0.057088 0.431159 -0.900468
vn -0.108613 0.852076 -0.512024
vn -0.134544 0.990850 0.010726
vn -0.126743 0.873441 0.470145
vn -0.105341 0.446579 0.888521
vn -0.176115 -0.047008 0.983247
vn -0.002372 -0.500530 0.865716
vn -0.221202 -0.504055 0.834864
vn -0.272996 -0.783550 0.558142
vn -0.095676 -0.993398 -0.063301
vn -0.960461 -0.276173 -0.035257
vn -0.362813 -0.579981 -0.729376
vn -0.241273 -0.166379 -0.956089
vn -0.410675 0.312332 -0.856618
vn -0.573616 0.704501 -0.417903
vn -0.522764 0.852477 -0.001071
vn -0.340348 0.504120 0.793742
vn -0.604756 -0.214333 0.767028
vn -0.727429 -0.276161 0.628158
vn -0.094387 -0.053603 0.994092
vn 0.314721 -0.158170 0.935913
vn 0.558966 -0.445694 0.699224
vn 0.523650 -0.830804 0.188562
vn 0.499138 -0.817187 -0.288214
vn 0.094179 -0.777821 -0.621390
vn -0.080322 -0.994659 -0.064828
vn -0.012159 -0.799386 -0.600694
vn -0.974717 0.062324 -0.214577
vn -0.105902 -0.858371 0.501980
vn -0.047913 -0.996477 -0.068826
vn -0.052081 -0.838625 -0.542214
vn -0.637919 -0.324784 -0.698265
vn -0.133665 -0.962799 0.234846
vn -0.086513 -0.986186 -0.141252
vn -0.110227 -0.871278 -0.478252
vn 0.033171 -0.835427 -0.548600
vn 0.058323 -0.993725 -0.095446
vn 0.130501 -0.923067 0.361825
vn 0.106838 -0.843242 -0.526810
vn 0.282036 -0.959136 -0.022649
vn 0.289223 -0.857401 0.425693
vn 0.328196 -0.758951 -0.562388
vn 0.368531 -0.929084 -0.031442
vn 0.276694 -0.795676 0.538833
vn -0.033524 -0.434140 -0.900221
vn -0.014535 -0.739816 -0.672652
vn -0.144282 -0.963459 -0.225674
vn -0.410550 -0.832095 0.372916
vn -0.268923 -0.401828 0.875337
vn -0.309624 -0.050465 0.949519
vn -0.666905 0.305954 0.679433
vn -0.528861 0.465630 0.709573
vn -0.401984 0.658266 0.636471
vn -0.289449 0.789336 0.541450
vn -0.167267 0.916043 0.364535
vn 0.194988 0.915767 0.351213
vn 0.613339 0.751716 0.242362
vn 0.621567 0.699108 -0.353416
vn 0.700022 0.154549 -0.697198
vn 0.379207 -0.252434 -0.890213
vn 0.351384 -0.932943 -0.078400
vn 0.210143 -0.807629 0.550977
vn -0.008687 -0.826049 0.563531
vn 0.087265 -0.535689 0.839894
vn 0.020282 -0.108276 0.993914
vn 0.002873 0.483042 0.875593
vn -0.042647 0.896489 0.441010
vn -0.088796 0.996020 0.007714
vn -0.044357 0.876249 -0.479812
vn 0.009325 0.435122 -0.900323
vn 0.037718 -0.059358 -0.997524
vn -0.048969 -0.398811 -0.915725
vn 0.298686 -0.796801 -0.525257
vn 0.201040 -0.329821 0.922389
vn 0.016126 -0.112255 0.993549
vn 0.128768 0.404294 0.905519
vn 0.146080 0.868053 0.474495
vn 0.154618 0.987959 -0.005429
vn 0.119371 0.852598 -0.508750
vn 0.092620 0.364846 -0.926450
vn -0.036179 -0.061869 -0.997428
vn 0.141308 -0.367492 -0.919229
vn 0.183430 -0.411610 0.892710
vn 0.084160 -0.136588 0.987047
vn 0.121406 0.341974 0.931834
vn 0.105298 0.879912 0.463322
vn 0.097106 0.995226 -0.009739
vn 0.119697 0.859337 -0.497205
vn 0.030071 0.447434 -0.893811
vn -0.034460 -0.047622 -0.998271
vn 0.052490 -0.430185 -0.901214
vn 0.126440 -0.443486 0.887318
vn 0.041529 -0.018275 0.998970
vn -0.050786 0.439113 0.896995
vn 0.080482 0.889485 0.449821
vn 0.073315 0.994760 -0.071258
vn 0.015912 0.868604 -0.495252
vn -0.091591 0.492859 -0.865275
vn -0.050207 -0.087904 -0.994863
vn 0.043693 -0.494935 -0.867831
vn -0.080023 -0.507320 -0.858034
vn 0.013002 -0.067227 -0.997653
vn 0.073185 0.440851 -0.894592
vn 0.048701 0.849137 -0.525923
vn 0.030740 0.997158 -0.068785
vn 0.037386 0.866844 0.497175
vn 0.014530 0.413850 0.910229
vn -0.048332 -0.024696 0.998526
vn -0.118365 -0.482620 0.867795
vn -0.205141 -0.465402 0.860998
vn -0.957024 -0.280096 0.075179
vn -0.876540 0.100000 -0.470826
vn -0.327230 -0.232702 -0.915844
vn -0.038363 -0.348342 -0.936582
vn 0.000919 -0.325675 -0.945481
vn 0.017609 -0.032762 -0.999308
vn 0.059012 0.348468 -0.935461
vn -0.048184 0.866443 -0.496946
vn -0.134657 0.990652 -0.021801
vn -0.142825 0.875948 0.460777
vn -0.093029 0.337185 0.936831
vn -0.090293 -0.068585 0.993551
vn -0.128751 -0.332909 0.934128
vn -0.085205 -0.326332 -0.941407
vn 0.040555 -0.023313 -0.998905
vn -0.026735 0.368405 -0.929281
vn -0.156091 0.842198 -0.516080
vn -0.186712 0.982291 -0.015597
vn -0.172655 0.854349 0.490182
vn -0.014891 0.408168 0.912785
vn -0.066106 -0.077211 0.994821
vn -0.136884 -0.226478 0.964350
vn -0.114021 -0.799447 0.589816
vn -0.168277 -0.804692 -0.569344
vn -0.050943 -0.341880 -0.938362
vn 0.017074 -0.054613 -0.998362
vn -0.072920 0.395984 -0.915358
vn -0.087045 0.858771 -0.504911
vn 0.038078 0.999274 -0.001451
vn 0.046184 0.887722 0.458058
vn 0.038982 0.431489 0.901276
vn -0.117473 -0.078738 0.989950
vn -0.096663 -0.539623 0.836340
vn -0.076750 -0.677223 0.731764
vn -0.361226 -0.771258 0.524097
vn -0.212263 -0.972522 -0.095630
vn -0.126600 -0.538970 -0.832757
vn -0.206095 -0.177247 -0.962345
vn -0.547829 0.161888 -0.820778
vn -0.648194 0.643273 -0.407485
vn -0.326561 0.945069 -0.014207
vn 0.026746 0.982283 0.185487
vn 0.209424 0.922489 0.324278
vn 0.233739 0.823402 0.517084
vn 0.348363 0.641365 0.683589
vn -0.463195 0.026653 0.885855
vn 0.325562 0.220537 0.919442
vn 0.695003 0.012407 0.718900
vn 0.672921 -0.322415 0.665752
vn 0.511133 -0.836750 0.196450
vn 0.314114 -0.904070 -0.289809
vn 0.267735 -0.652632 -0.708794
vn -0.249890 -0.966563 -0.057538
vn -0.178239 -0.778165 -0.602238
vn -0.196112 -0.863679 0.464326
vn -0.166215 -0.985488 -0.034431
vn 0.004199 -0.849087 -0.528236
vn -0.775134 -0.054804 -0.629415
vn -0.069687 -0.945334 0.318571
vn -0.001980 -0.994663 -0.103156
vn -0.028362 -0.873119 -0.486681
vn 0.017345 -0.815515 -0.578476
vn 0.064252 -0.996580 -0.051968
vn 0.096615 -0.904797 0.414738
vn 0.248593 -0.809602 -0.531740
vn 0.348861 -0.934904 -0.065199
vn 0.308788 -0.860627 0.404935
vn 0.114150 -0.801120 -0.587518
vn 0.343769 -0.937828 -0.047975
vn 0.383031 -0.817404 0.430277
vn 0.197623 -0.512065 -0.835904
vn 0.241258 -0.818683 -0.521107
vn 0.046088 -0.995687 -0.080514
vn 0.036663 -0.865278 0.499950
vn 0.394856 -0.293389 0.870639
vn 0.036312 0.166138 0.985434
vn -0.653297 0.282504 0.702421
vn -0.512476 0.498475 0.699207
vn 0.169050 0.369861 0.913578
vn 0.300907 0.568082 0.765988
vn 0.755009 0.275389 0.595082
vn 0.874499 0.453826 -0.171155
vn 0.792704 0.141223 -0.593023
vn 0.600298 -0.275627 -0.750781
vn 0.204171 -0.976754 -0.065310
vn -0.137054 -0.988731 -0.060222
vn 0.093962 -0.859720 0.502049
vn 0.130617 -0.522772 0.842407
vn 0.060207 -0.073388 0.995484
vn 0.163457 0.473068 0.865730
vn 0.198498 0.860399 0.469375
vn 0.155086 0.987746 0.017489
vn -0.092772 0.877091 -0.471281
vn -0.053380 0.466235 -0.883049
vn -0.020919 -0.013443 -0.999691
vn -0.015685 -0.475514 -0.879569
vn 0.148908 -0.838277 -0.524517
vn 0.029813 -0.476392 0.878727
vn 0.066303 -0.148172 0.986737
vn 0.097592 0.433302 0.895949
vn -0.050596 0.888213 0.456638
vn -0.063080 0.998006 -0.002372
vn -0.055842 0.873876 -0.482931
vn 0.053183 0.412520 -0.909395
vn 0.040951 -0.058636 -0.997439
vn -0.053545 -0.443768 -0.894541
vn 0.088660 -0.376051 0.922348
vn 0.072116 -0.099285 0.992442
vn 0.069898 0.373990 0.924795
vn -0.044174 0.889370 0.455048
vn -0.062288 0.998055 0.002537
vn 0.073790 0.856732 -0.510455
vn 0.111209 0.422186 -0.899662
vn -0.054984 -0.066616 -0.996263
vn 0.110014 -0.441976 -0.890255
vn 0.092163 -0.448749 0.888893
vn -0.006823 -0.014536 0.999871
vn 0.055689 0.446210 0.893194
vn 0.037872 0.874278 0.483945
vn -0.007301 0.999523 -0.030006
vn -0.043620 0.884992 -0.463558
vn 0.013616 0.542876 -0.839702
vn -0.044367 -0.077622 -0.995995
vn -0.002963 -0.492239 -0.870455
vn -0.043693 -0.494934 -0.867831
vn 0.050208 -0.087903 -0.994863
vn 0.091592 0.492856 -0.865277
vn -0.015912 0.868605 -0.495250
vn -0.073314 0.994760 -0.071257
vn -0.080480 0.889487 0.449818
vn 0.050786 0.439117 0.896993
vn -0.041528 -0.018273 0.998970
vn -0.126440 -0.443486 0.887318
vn -0.052490 -0.430184 -0.901214
vn 0.034459 -0.047623 -0.998271
vn -0.030071 0.447433 -0.893812
vn -0.119697 0.859335 -0.497208
vn -0.097106 0.995227 -0.009738
vn -0.105298 0.879912 0.463322
vn -0.121405 0.341973 0.931834
vn -0.084159 -0.136586 0.987047
vn -0.183430 -0.411612 0.892709
vn -0.141308 -0.367489 -0.919230
vn 0.036180 -0.061866 -0.997429
vn -0.092620 0.364847 -0.926449
vn -0.119371 0.852597 -0.508752
vn -0.154618 0.987959 -0.005433
vn -0.146079 0.868054 0.474493
vn -0.128768 0.404290 0.905521
vn -0.016126 -0.112258 0.993548
vn -0.201040 -0.329822 0.922389
vn -0.276694 -0.795676 0.538832
vn -0.298687 -0.796801 -0.525257
vn 0.048972 -0.398808 -0.915726
vn -0.037719 -0.059352 -0.997524
vn -0.009326 0.435122 -0.900323
vn 0.044356 0.876249 -0.479813
vn 0.088795 0.996020 0.007714
vn 0.042647 0.896489 0.441009
vn -0.002873 0.483041 0.875593
vn -0.020282 -0.108279 0.993914
vn -0.087265 -0.535694 0.839891
vn 0.008687 -0.826050 0.563531
vn -0.210142 -0.807625 0.550983
vn -0.351384 -0.932943 -0.078400
vn 0.033523 -0.434141 -0.900221
vn -0.379207 -0.252435 -0.890213
vn -0.700021 0.154548 -0.697198
vn -0.621567 0.699107 -0.353417
vn -0.613339 0.751715 0.242363
vn -0.194988 0.915765 0.351218
vn 0.167269 0.916043 0.364536
vn 0.289448 0.789341 0.541443
vn 0.401983 0.658267 0.636470
vn 0.528858 0.465627 0.709578
vn 0.666899 0.305957 0.679438
vn 0.309628 -0.050469 0.949517
vn 0.268923 -0.401833 0.875334
vn 0.410549 -0.832097 0.372912
vn 0.144283 -0.963459 -0.225676
vn 0.014537 -0.739818 -0.672650
vn -0.368530 -0.929084 -0.031441
vn -0.328197 -0.758950 -0.562390
vn -0.289223 -0.857401 0.425692
vn -0.282035 -0.959137 -0.022650
vn -0.106838 -0.843241 -0.526811
vn -0.130501 -0.923066 0.361827
vn -0.058324 -0.993725 -0.095445
vn -0.033170 -0.835427 -0.548600
vn 0.142392 -0.816779 -0.559103
vn 0.220465 -0.975049 -0.025955
vn 0.234087 -0.882544 0.407823
vn 0.112719 -0.821849 -0.558444
vn -0.139878 -0.990168 -0.000836
vn -0.065946 -0.907227 0.415439
vn -0.112461 -0.803846 -0.584110
vn -0.173278 -0.984856 -0.005807
vn 0.298951 -0.851594 0.430600
vn 0.434963 -0.606024 -0.665989
vn 0.446541 -0.830634 -0.332639
vn 0.229412 -0.973167 0.017766
vn 0.608806 -0.688638 0.393870
vn 0.655922 -0.013559 0.754707
vn 0.985733 -0.140666 0.092428
vn 0.868020 0.007765 -0.496469
vn 0.760357 -0.328115 -0.560533
vn -0.112566 -0.809065 -0.576838
vn 0.068589 -0.995736 -0.061689
vn 0.332113 -0.805188 0.491298
vn 0.184715 -0.580432 0.793082
vn 0.123585 -0.097629 0.987520
vn -0.005139 0.509571 0.860413
vn -0.081469 0.803033 0.590339
vn -0.223401 0.973758 0.043444
vn 0.099083 0.845454 -0.524777
vn -0.049766 0.512645 -0.857157
vn -0.064442 0.055898 -0.996355
vn -0.027737 -0.449842 -0.892677
vn 0.017035 -0.586190 0.809995
vn 0.071599 -0.167782 0.983221
vn 0.009874 0.458576 0.888600
vn -0.044655 0.882892 0.467449
vn -0.104156 0.994518 0.009259
vn -0.083982 0.870506 -0.484939
vn -0.016886 0.437647 -0.898989
vn 0.023611 -0.039435 -0.998943
vn -0.035502 -0.546353 -0.836802
vn 0.022943 -0.553346 0.832635
vn 0.050813 -0.104690 0.993206
vn -0.017211 0.385226 0.922662
vn -0.060305 0.900156 0.431373
vn -0.104001 0.994415 0.017984
vn -0.081363 0.862909 -0.498767
vn 0.039229 0.438357 -0.897944
vn 0.063159 -0.012564 -0.997924
vn -0.072845 -0.469890 -0.879714
vn 0.088302 -0.462258 0.882338
vn 0.085575 -0.056183 0.994746
vn 0.099005 0.366372 0.925186
vn 0.112722 0.896402 0.428669
vn 0.109995 0.993794 -0.016555
vn 0.050980 0.896808 -0.439472
vn 0.003735 0.438472 -0.898737
vn 0.051420 -0.022121 -0.998432
vn 0.047205 -0.488583 -0.871240
vn 0.002963 -0.492240 -0.870454
vn 0.044367 -0.077617 -0.995996
vn -0.013617 0.542875 -0.839703
vn 0.043619 0.884992 -0.463558
vn 0.007301 0.999523 -0.030007
vn -0.037872 0.874280 0.483943
vn -0.055689 0.446217 0.893191
vn 0.006823 -0.014534 0.999871
vn -0.092164 -0.448749 0.888893
vn -0.110014 -0.441976 -0.890255
vn 0.054985 -0.066620 -0.996262
vn -0.111209 0.422183 -0.899663
vn -0.073789 0.856732 -0.510457
vn 0.062288 0.998055 0.002540
vn 0.044173 0.889372 0.455046
vn -0.069897 0.373992 0.924794
vn -0.072116 -0.099288 0.992442
vn -0.088659 -0.376053 0.922347
vn 0.053545 -0.443764 -0.894543
vn -0.040951 -0.058637 -0.997439
vn -0.053183 0.412518 -0.909396
vn 0.055842 0.873875 -0.482934
vn 0.063080 0.998006 -0.002372
vn 0.050596 0.888213 0.456638
vn -0.097592 0.433301 0.895950
vn -0.066303 -0.148170 0.986737
vn -0.029813 -0.476391 0.878728
vn -0.383030 -0.817404 0.430278
vn -0.148902 -0.838277 -0.524519
vn 0.015685 -0.475515 -0.879568
vn 0.020919 -0.013436 -0.999691
vn 0.053380 0.466235 -0.883049
vn 0.092771 0.877090 -0.471282
vn -0.155086 0.987746 0.017486
vn -0.198498 0.860398 0.469376
vn -0.163457 0.473067 0.865730
vn -0.060207 -0.073390 0.995484
vn -0.130617 -0.522776 0.842404
vn -0.093962 -0.859721 0.502046
vn 0.137055 -0.988731 -0.060228
vn -0.204167 -0.976755 -0.065314
vn -0.197623 -0.512066 -0.835903
vn -0.600298 -0.275627 -0.750782
vn -0.792702 0.141224 -0.593026
vn -0.874498 0.453827 -0.171156
vn -0.755009 0.275389 0.595082
vn -0.300908 0.568082 0.765988
vn -0.169047 0.369864 0.913577
vn 0.512473 0.498471 0.699212
vn 0.653289 0.282507 0.702427
vn -0.036312 0.166140 0.985433
vn -0.394857 -0.293388 0.870639
vn -0.036661 -0.865277 0.499952
vn -0.046088 -0.995687 -0.080517
vn -0.241257 -0.818684 -0.521106
vn -0.343762 -0.937830 -0.047980
vn -0.114149 -0.801117 -0.587522
vn -0.308789 -0.860629 0.404928
vn -0.348858 -0.934905 -0.065200
vn -0.248592 -0.809601 -0.531740
vn -0.096615 -0.904797 0.414739
vn -0.064252 -0.996580 -0.051968
vn -0.017345 -0.815514 -0.578477
vn 0.396237 -0.758461 -0.517430
vn 0.558178 -0.827199 -0.064641
vn 0.437345 -0.817059 0.375691
vn -0.104005 -0.824708 -0.555913
vn 0.010689 -0.999881 0.011098
vn 0.027704 -0.894020 0.447171
vn -0.008810 -0.798880 -0.601426
vn 0.014435 -0.999822 0.012136
vn -0.089948 -0.895372 0.436141
vn 0.616611 -0.660686 -0.428119
vn 0.566770 -0.815673 -0.115975
vn 0.865357 -0.432255 0.253600
vn 0.861687 -0.399115 -0.313372
vn -0.007822 -0.831293 -0.555780
vn 0.395708 -0.916925 -0.051610
vn 0.540546 -0.759616 0.361654
vn 0.089005 -0.663747 0.742642
vn -0.004968 -0.044124 0.999014
vn 0.177502 0.622280 0.762405
vn -0.060219 0.888239 0.455417
vn -0.193428 0.979431 0.057448
vn -0.187404 0.801636 -0.567679
vn 0.078116 0.483585 -0.871805
vn -0.019549 0.143094 -0.989516
vn -0.000054 -0.461965 -0.886898
vn 0.057337 -0.568125 0.820943
vn 0.046116 -0.181083 0.982386
vn 0.019290 0.513486 0.857881
vn 0.176658 0.840593 0.512050
vn 0.145879 0.988763 0.032678
vn 0.136873 0.830289 -0.540264
vn -0.018215 0.482307 -0.875813
vn -0.000611 -0.005537 -0.999985
vn 0.010336 -0.514069 -0.857686
vn 0.050738 -0.566375 0.822585
vn 0.017162 -0.140711 0.989902
vn 0.007487 0.446305 0.894850
vn 0.184415 0.849809 0.493777
vn 0.142988 0.989434 0.023970
vn -0.104143 0.874837 -0.473091
vn -0.070732 0.440526 -0.894949
vn 0.017396 0.034589 -0.999250
vn -0.036316 -0.551942 -0.833091
vn 0.163261 -0.423622 0.891005
vn 0.199167 -0.121384 0.972419
vn 0.080471 0.415224 0.906153
vn 0.101696 0.901640 0.420360
vn 0.081834 0.996358 -0.023943
vn 0.047608 0.871644 -0.487822
vn 0.002694 0.524396 -0.851470
vn 0.077929 -0.112354 -0.990608
vn 0.127132 -0.414813 -0.900982
vn -0.047205 -0.488584 -0.871239
vn -0.051420 -0.022120 -0.998432
vn -0.003737 0.438472 -0.898737
vn -0.050980 0.896808 -0.439474
vn -0.109996 0.993794 -0.016555
vn -0.112723 0.896403 0.428667
vn -0.099005 0.366376 0.925185
vn -0.085577 -0.056183 0.994746
vn -0.088304 -0.462261 0.882336
vn 0.072847 -0.469892 -0.879713
vn -0.063159 -0.012564 -0.997924
vn -0.039228 0.438357 -0.897945
vn 0.081363 0.862910 -0.498764
vn 0.104002 0.994414 0.017984
vn 0.060307 0.900158 0.431368
vn 0.017211 0.385230 0.922660
vn -0.050813 -0.104692 0.993206
vn -0.022943 -0.553346 0.832635
vn 0.035502 -0.546355 -0.836801
vn -0.023611 -0.039439 -0.998943
vn 0.016886 0.437643 -0.898990
vn 0.083980 0.870506 -0.484940
vn 0.104155 0.994518 0.009260
vn 0.044654 0.882891 0.467450
vn -0.009874 0.458577 0.888600
vn -0.071599 -0.167780 0.983221
vn -0.017035 -0.586193 0.809992
vn -0.298946 -0.851597 0.430597
vn 0.112567 -0.809065 -0.576839
vn 0.027736 -0.449844 -0.892676
vn 0.064442 0.055902 -0.996355
vn 0.049766 0.512644 -0.857158
vn -0.099083 0.845454 -0.524777
vn 0.223402 0.973758 0.043450
vn 0.081467 0.803030 0.590344
vn 0.005137 0.509564 0.860417
vn -0.123585 -0.097631 0.987520
vn -0.184715 -0.580431 0.793083
vn -0.332112 -0.805189 0.491297
vn -0.068589 -0.995736 -0.061693
vn -0.434963 -0.606025 -0.665988
vn -0.760357 -0.328115 -0.560534
vn -0.868018 0.007767 -0.496472
vn -0.985733 -0.140666 0.092429
vn -0.655919 -0.013557 0.754709
vn -0.608804 -0.688636 0.393877
vn -0.229411 -0.973167 0.017770
vn -0.446540 -0.830634 -0.332639
vn 0.173278 -0.984856 -0.005807
vn 0.112462 -0.803847 -0.584109
vn 0.065945 -0.907227 0.415440
vn 0.139878 -0.990168 -0.000836
vn -0.112717 -0.821850 -0.558442
vn -0.234089 -0.882545 0.407819
vn -0.220465 -0.975050 -0.025956
vn -0.142390 -0.816778 -0.559105
vn 0.115607 -0.863908 -0.490202
vn 0.114099 -0.992615 -0.041197
vn 0.143372 -0.929594 0.339558
vn -0.016741 -0.820566 -0.571306
vn 0.255565 -0.966724 -0.011473
vn 0.214003 -0.859050 0.465012
vn 0.148408 -0.746481 -0.648646
vn 0.280271 -0.959877 -0.009226
vn 0.022586 -0.878599 0.477026
vn 0.738436 -0.638651 -0.216418
vn 0.204325 -0.765089 -0.610647
vn 0.615768 -0.786123 -0.053294
vn 0.043517 -0.935741 0.349993
vn -0.080184 -0.619748 0.780694
vn 0.008039 0.203777 0.978984
vn 0.622481 0.778506 -0.080286
vn 0.823120 0.559846 -0.095110
vn 0.896267 0.437877 0.070496
vn -0.105996 0.897403 -0.428291
vn -0.169690 0.517231 -0.838855
vn 0.076600 0.113913 -0.990533
vn 0.094149 -0.410099 -0.907168
vn 0.112477 -0.570676 0.813436
vn 0.081906 -0.058984 0.994893
vn 0.164626 0.492667 0.854504
vn -0.088252 0.809018 0.581121
vn -0.154211 0.985777 0.066798
vn -0.148258 0.818288 -0.555359
vn 0.085716 0.510516 -0.855585
vn -0.022055 0.111630 -0.993505
vn 0.033624 -0.493954 -0.868838
vn 0.110157 -0.587887 0.801408
vn 0.092059 -0.059851 0.993953
vn 0.165510 0.460882 0.871891
vn -0.035541 0.834735 0.549505
vn -0.119588 0.991673 0.047776
vn 0.124921 0.827225 -0.547808
vn -0.054520 0.462638 -0.884869
vn -0.056550 0.082835 -0.994958
vn -0.007288 -0.524583 -0.851328
vn 0.216422 -0.523307 0.824204
vn 0.079393 -0.131833 0.988087
vn 0.040167 0.389851 0.920002
vn -0.055143 0.916923 0.395236
vn -0.104551 0.994493 0.007255
vn -0.112168 0.874235 -0.472367
vn 0.025274 0.456812 -0.889204
vn 0.002065 -0.037220 -0.999305
vn 0.118792 -0.555738 -0.822827
vn -0.127133 -0.414815 -0.900980
vn -0.077930 -0.112354 -0.990608
vn -0.002694 0.524393 -0.851472
vn -0.047608 0.871642 -0.487826
vn -0.081836 0.996358 -0.023942
vn -0.101698 0.901640 0.420361
vn -0.080471 0.415227 0.906152
vn -0.199169 -0.121387 0.972418
vn -0.163264 -0.423627 0.891002
vn 0.036316 -0.551943 -0.833091
vn -0.017397 0.034591 -0.999250
vn 0.070731 0.440526 -0.894949
vn 0.104145 0.874837 -0.473089
vn -0.142987 0.989434 0.023970
vn -0.184415 0.849809 0.493778
vn -0.007487 0.446306 0.894849
vn -0.017162 -0.140710 0.989902
vn -0.050738 -0.566374 0.822585
vn -0.010336 -0.514069 -0.857687
vn 0.000611 -0.005542 -0.999984
vn 0.018214 0.482306 -0.875813
vn -0.136873 0.830290 -0.540263
vn -0.145880 0.988763 0.032678
vn -0.176658 0.840593 0.512051
vn -0.019290 0.513485 0.857882
vn -0.046116 -0.181084 0.982386
vn -0.057337 -0.568127 0.820941
vn 0.089947 -0.895373 0.436139
vn 0.007822 -0.831292 -0.555781
vn 0.000053 -0.461967 -0.886897
vn 0.019549 0.143095 -0.989516
vn -0.078116 0.483586 -0.871804
vn 0.187404 0.801635 -0.567680
vn 0.193429 0.979430 0.057460
vn 0.060220 0.888234 0.455427
vn -0.177505 0.622272 0.762410
vn 0.004968 -0.044129 0.999014
vn -0.089005 -0.663752 0.742639
vn -0.540546 -0.759616 0.361655
vn -0.395707 -0.916925 -0.051613
vn -0.616611 -0.660686 -0.428119
vn -0.861687 -0.399117 -0.313372
vn -0.865356 -0.432255 0.253604
vn -0.566770 -0.815673 -0.115971
vn -0.014434 -0.999822 0.012138
vn 0.008810 -0.798880 -0.601426
vn -0.027704 -0.894019 0.447172
vn -0.010689 -0.999881 0.011098
vn 0.104005 -0.824707 -0.555914
vn -0.437347 -0.817060 0.375686
vn -0.558180 -0.827199 -0.064632
vn -0.396236 -0.758465 -0.517425
vn -0.035504 -0.859233 -0.510351
vn -0.010490 -0.999527 -0.028922
vn 0.038700 -0.920880 0.387920
vn 0.129478 -0.773002 -0.621050
vn 0.555030 -0.829161 -0.066591
vn 0.531891 -0.785859 0.315465
vn 0.237674 -0.780233 -0.578574
vn 0.548142 -0.834258 -0.059612
vn 0.224015 -0.839452 0.495113
vn 0.358585 -0.758962 -0.543501
vn -0.002587 -0.999917 -0.012587
vn -0.207052 -0.883706 0.419753
vn -0.019272 -0.493071 0.869776
vn 0.073609 0.135087 0.988096
vn 0.053820 0.500379 0.864132
vn -0.035994 0.937068 0.347287
vn -0.030259 0.921245 0.387803
vn 0.020793 0.994361 0.103990
vn 0.782481 0.603583 0.153004
vn -0.020278 0.637601 -0.770100
vn -0.137131 0.129476 -0.982055
vn 0.052395 -0.479637 -0.875901
vn 0.196416 -0.598451 0.776709
vn 0.134944 -0.096781 0.986115
vn -0.012644 0.494483 0.869095
vn -0.014240 0.851606 0.523989
vn -0.046260 0.995862 0.078229
vn -0.079836 0.863485 -0.498015
vn -0.142926 0.572978 -0.807012
vn 0.028627 0.088515 -0.995663
vn 0.041845 -0.492751 -0.869164
vn 0.235428 -0.620761 0.747817
vn 0.125577 -0.119153 0.984903
vn -0.018261 0.516758 0.855937
vn -0.018381 0.893138 0.449407
vn -0.089207 0.993912 0.064664
vn -0.131245 0.828637 -0.544183
vn 0.075913 0.507200 -0.858478
vn -0.052865 0.178716 -0.982479
vn 0.009787 -0.510112 -0.860052
vn 0.076013 -0.544577 0.835259
vn -0.018985 -0.208422 0.977855
vn 0.024467 0.474989 0.879652
vn 0.240709 0.873336 0.423490
vn 0.184633 0.982694 0.014965
vn 0.148713 0.818319 -0.555193
vn -0.056524 0.482108 -0.874286
vn -0.087671 -0.036348 -0.995486
vn -0.042698 -0.558211 -0.828599
vn -0.118792 -0.555740 -0.822826
vn -0.002065 -0.037222 -0.999305
vn -0.025273 0.456810 -0.889205
vn 0.112167 0.874231 -0.472376
vn 0.104551 0.994493 0.007256
vn 0.055143 0.916922 0.395239
vn -0.040168 0.389850 0.920002
vn -0.079393 -0.131834 0.988087
vn -0.216423 -0.523306 0.824204
vn 0.007288 -0.524583 -0.851328
vn 0.056550 0.082840 -0.994957
vn 0.054521 0.462636 -0.884870
vn -0.124920 0.827222 -0.547812
vn 0.119591 0.991673 0.047776
vn 0.035540 0.834732 0.549508
vn -0.165510 0.460886 0.871889
vn -0.092059 -0.059844 0.993954
vn -0.110156 -0.587886 0.801409
vn -0.033624 -0.493953 -0.868838
vn 0.022055 0.111630 -0.993505
vn -0.085716 0.510516 -0.855585
vn 0.148259 0.818288 -0.555359
vn 0.154210 0.985777 0.066798
vn 0.088252 0.809017 0.581122
vn -0.164626 0.492666 0.854505
vn -0.081907 -0.058985 0.994893
vn -0.112478 -0.570677 0.813435
vn -0.022586 -0.878598 0.477028
vn -0.204325 -0.765090 -0.610646
vn -0.094149 -0.410099 -0.907169
vn -0.076600 0.113917 -0.990533
vn 0.169688 0.517228 -0.838857
vn 0.105994 0.897401 -0.428294
vn -0.896268 0.437873 0.070509
vn -0.823123 0.559843 -0.095105
vn -0.622482 0.778506 -0.080275
vn -0.008039 0.203775 0.978985
vn 0.080185 -0.619751 0.780691
vn -0.043517 -0.935742 0.349990
vn -0.615767 -0.786124 -0.053293
vn -0.738435 -0.638653 -0.216417
vn -0.280271 -0.959877 -0.009224
vn -0.148408 -0.746480 -0.648647
vn -0.214004 -0.859050 0.465012
vn -0.255567 -0.966723 -0.011473
vn 0.016741 -0.820566 -0.571307
vn -0.143371 -0.929593 0.339561
vn -0.114099 -0.992615 -0.041193
vn -0.115606 -0.863912 -0.490196
vn -0.009903 -0.855810 -0.517195
vn 0.098289 -0.994186 -0.043965
vn 0.122517 -0.922391 0.366312
vn 0.241132 -0.798474 -0.551630
vn -0.002546 -0.999664 -0.025791
vn 0.033137 -0.935412 0.352004
vn 0.001469 -0.858407 -0.512968
vn -0.003106 -0.999716 -0.023616
vn 0.511700 -0.782664 0.354402
vn -0.005352 -0.886853 -0.462021
vn -0.245877 -0.967854 -0.052938
vn -0.128487 -0.846813 0.516139
vn 0.128462 -0.388221 0.912569
vn 0.303905 0.187389 0.934092
vn 0.181556 0.536220 0.824321
vn -0.125246 0.877424 0.463076
vn -0.034161 0.939727 0.340216
vn -0.021275 0.996987 0.074600
vn -0.037427 0.985048 -0.168167
vn 0.585509 0.787319 0.193152
vn -0.118803 0.272358 -0.954834
vn -0.157015 -0.383889 -0.909931
vn 0.093343 -0.674438 0.732407
vn -0.001033 -0.060239 0.998184
vn 0.085007 0.597251 0.797537
vn 0.810643 0.578628 -0.089708
vn 0.894809 0.440581 0.072149
vn 0.772769 0.612487 0.166394
vn -0.015904 0.605529 -0.795665
vn -0.079987 0.029967 -0.996345
vn 0.018850 -0.548081 -0.836213
vn 0.080445 -0.695773 0.713742
vn -0.019343 -0.085963 0.996110
vn 0.131678 0.658720 0.740776
vn 0.804395 0.587470 -0.088474
vn 0.877881 0.474711 0.063048
vn -0.076879 0.896715 -0.435880
vn -0.173885 0.581468 -0.794770
vn 0.039349 0.121185 -0.991850
vn 0.046677 -0.515085 -0.855868
vn 0.049889 -0.592709 0.803870
vn 0.092033 -0.059793 0.993959
vn 0.230808 0.477607 0.847714
vn -0.098450 0.840770 0.532366
vn -0.191957 0.980595 0.039825
vn -0.165116 0.825822 -0.539217
vn 0.117695 0.480583 -0.869016
vn -0.016082 0.171715 -0.985015
vn -0.098380 -0.573103 -0.813557
vn 0.042700 -0.558208 -0.828601
vn 0.087672 -0.036351 -0.995486
vn 0.056522 0.482103 -0.874289
vn -0.148712 0.818313 -0.555202
vn -0.184633 0.982694 0.014964
vn -0.240708 0.873337 0.423489
vn -0.024468 0.474989 0.879651
vn 0.018984 -0.208425 0.977854
vn -0.076013 -0.544576 0.835260
vn -0.009787 -0.510112 -0.860052
vn 0.052864 0.178712 -0.982480
vn -0.075912 0.507197 -0.858481
vn 0.131246 0.828636 -0.544184
vn 0.089209 0.993912 0.064662
vn 0.018380 0.893135 0.449413
vn 0.018259 0.516757 0.855937
vn -0.125578 -0.119150 0.984903
vn -0.235427 -0.620759 0.747819
vn -0.041846 -0.492749 -0.869165
vn -0.028627 0.088515 -0.995663
vn 0.142924 0.572976 -0.807014
vn 0.079835 0.863485 -0.498015
vn 0.046260 0.995861 0.078232
vn 0.014240 0.851604 0.523992
vn 0.012643 0.494480 0.869097
vn -0.134944 -0.096782 0.986115
vn -0.196418 -0.598456 0.776705
vn -0.224015 -0.839451 0.495116
vn -0.358585 -0.758962 -0.543501
vn -0.052395 -0.479634 -0.875903
vn 0.137131 0.129474 -0.982055
vn 0.020273 0.637599 -0.770102
vn -0.782482 0.603580 0.153014
vn -0.020793 0.994361 0.103993
vn 0.030259 0.921246 0.387801
vn 0.035995 0.937069 0.347284
vn -0.053820 0.500370 0.864137
vn -0.073609 0.135087 0.988096
vn 0.019273 -0.493070 0.869776
vn 0.207054 -0.883708 0.419750
vn 0.002587 -0.999917 -0.012590
vn -0.548142 -0.834258 -0.059613
vn -0.237677 -0.780232 -0.578573
vn -0.531893 -0.785861 0.315456
vn -0.555037 -0.829156 -0.066590
vn -0.129480 -0.773002 -0.621050
vn -0.038700 -0.920880 0.387921
vn 0.010490 -0.999527 -0.028922
vn 0.035505 -0.859234 -0.510350
vn 0.372466 -0.764372 -0.526312
vn 0.633583 -0.771238 -0.061361
vn 0.600008 -0.746421 0.287830
vn -0.001673 -0.872382 -0.488823
vn -0.147689 -0.987395 -0.056919
vn -0.132974 -0.909876 0.392994
vn -0.139807 -0.847062 -0.512777
vn -0.151388 -0.986154 -0.067691
vn 0.045361 -0.924858 0.377598
vn -0.228100 -0.854605 -0.466499
vn -0.121734 -0.992479 -0.012906
vn 0.141242 -0.765356 0.627917
vn 0.408565 -0.312165 0.857687
vn 0.848875 0.262511 0.458803
vn 0.539288 0.699638 0.468694
vn 0.673217 0.739028 -0.024851
vn 0.014312 0.981216 -0.192382
vn -0.013855 0.989413 -0.144467
vn 0.031952 0.557637 -0.829470
vn 0.013162 0.150588 -0.988509
vn -0.090626 -0.320530 -0.942893
vn -0.045065 -0.624156 0.779999
vn -0.032998 0.171455 0.984639
vn 0.506001 0.862530 0.002249
vn -0.007502 0.937785 0.347135
vn 0.037705 0.994734 0.095307
vn -0.028899 0.989527 -0.141425
vn 0.491662 0.850888 0.185089
vn -0.157502 0.280592 -0.946817
vn -0.093513 -0.487544 -0.868076
vn -0.055464 -0.664619 0.745121
vn -0.048491 0.198421 0.978917
vn 0.597688 0.797890 -0.078357
vn -0.033441 0.942269 0.333184
vn 0.014276 0.995675 0.091802
vn 0.764796 0.630584 0.132104
vn -0.041587 0.674607 -0.737005
vn -0.128824 0.106366 -0.985947
vn 0.024899 -0.553929 -0.832192
vn 0.241463 -0.612815 0.752432
vn 0.200645 -0.107830 0.973712
vn -0.044028 0.523989 0.850587
vn -0.088606 0.897110 0.432830
vn -0.156964 0.985457 0.065099
vn -0.097977 0.895936 -0.433244
vn -0.210449 0.584030 -0.783977
vn 0.095265 0.127740 -0.987222
vn 0.122268 -0.437439 -0.890897
vn 0.098380 -0.573098 -0.813560
vn 0.016081 0.171714 -0.985016
vn -0.117694 0.480576 -0.869020
vn 0.165116 0.825824 -0.539214
vn 0.191955 0.980595 0.039825
vn 0.098452 0.840770 0.532365
vn -0.230807 0.477608 0.847714
vn -0.092033 -0.059796 0.993959
vn -0.049888 -0.592708 0.803871
vn -0.046677 -0.515085 -0.855868
vn -0.039349 0.121177 -0.991851
vn 0.173887 0.581469 -0.794769
vn 0.076882 0.896713 -0.435884
vn -0.877881 0.474708 0.063064
vn -0.804403 0.587462 -0.088454
vn -0.131683 0.658720 0.740775
vn 0.019343 -0.085966 0.996110
vn -0.080445 -0.695772 0.713743
vn -0.018850 -0.548080 -0.836213
vn 0.079985 0.029969 -0.996345
vn 0.015904 0.605528 -0.795665
vn -0.772771 0.612486 0.166391
vn -0.894807 0.440583 0.072154
vn -0.810641 0.578631 -0.089707
vn -0.085008 0.597248 0.797539
vn 0.001033 -0.060240 0.998183
vn -0.093343 -0.674440 0.732405
vn -0.511701 -0.782664 0.354399
vn 0.005353 -0.886853 -0.462020
vn 0.157017 -0.383890 -0.909931
vn 0.118801 0.272355 -0.954835
vn -0.585513 0.787319 0.193140
vn 0.037428 0.985047 -0.168172
vn 0.021278 0.996987 0.074599
vn 0.034163 0.939728 0.340213
vn 0.125247 0.877421 0.463083
vn -0.181559 0.536217 0.824323
vn -0.303907 0.187388 0.934091
vn -0.128463 -0.388220 0.912569
vn 0.128488 -0.846813 0.516138
vn 0.245878 -0.967854 -0.052939
vn 0.003106 -0.999716 -0.023622
vn -0.001469 -0.858407 -0.512968
vn -0.033136 -0.935412 0.352002
vn 0.002546 -0.999664 -0.025793
vn -0.241137 -0.798477 -0.551622
vn -0.122517 -0.922390 0.366314
vn -0.098289 -0.994186 -0.043965
vn 0.009904 -0.855808 -0.517198
vn -0.003855 -0.875180 -0.483782
vn -0.002623 -0.999849 -0.017166
vn 0.045196 -0.946593 0.319248
vn -0.138275 -0.869388 -0.474388
vn -0.088704 -0.995981 -0.012369
vn -0.106591 -0.857956 0.502543
vn -0.064054 -0.814823 -0.576161
vn -0.078709 -0.996723 -0.018673
vn -0.133195 -0.891386 0.433232
vn -0.085454 -0.819557 -0.566590
vn 0.116809 -0.993144 0.004652
vn 0.456135 -0.709828 0.536735
vn 0.871993 -0.169888 0.459093
vn 0.953362 0.295403 -0.061954
vn 0.573245 0.660662 -0.484682
vn -0.102923 0.947162 -0.303796
vn 0.023010 0.593140 -0.804771
vn 0.141061 0.233811 -0.961995
vn 0.081525 -0.324075 -0.942512
vn -0.045286 -0.504729 0.862089
vn 0.021508 0.128327 0.991499
vn 0.012012 0.495761 0.868376
vn -0.033497 0.940208 0.338951
vn -0.033371 0.944842 0.325822
vn -0.025929 0.997035 0.072444
vn 0.028642 0.982520 -0.183938
vn -0.036710 0.990387 -0.133361
vn -0.005613 0.540338 -0.841429
vn -0.024724 0.160070 -0.986796
vn -0.078472 -0.375512 -0.923490
vn -0.055806 -0.524518 0.849568
vn 0.042332 0.137237 0.989633
vn 0.030752 0.526637 0.849534
vn -0.036727 0.948489 0.314675
vn -0.030012 0.952070 0.304404
vn -0.025551 0.997357 0.068015
vn -0.040026 0.988150 -0.148181
vn 0.581747 0.792948 0.181119
vn -0.184642 0.294361 -0.937688
vn -0.108634 -0.512624 -0.851713
vn 0.131574 -0.685589 0.716000
vn -0.072940 -0.027500 0.996957
vn 0.109804 0.640404 0.760149
vn 0.835173 0.539775 -0.105499
vn 0.901817 0.428281 0.057464
vn 0.799268 0.585200 0.136791
vn -0.028626 0.670910 -0.740986
vn -0.191681 0.124359 -0.973547
vn 0.063031 -0.519886 -0.851907
vn -0.122269 -0.437437 -0.890898
vn -0.095265 0.127735 -0.987223
vn 0.210451 0.584031 -0.783976
vn 0.097976 0.895938 -0.433239
vn 0.156962 0.985457 0.065102
vn 0.088607 0.897110 0.432831
vn 0.044029 0.523987 0.850587
vn -0.200645 -0.107833 0.973711
vn -0.241461 -0.612814 0.752433
vn -0.024899 -0.553928 -0.832192
vn 0.128825 0.106361 -0.985947
vn 0.041589 0.674609 -0.737002
vn -0.764796 0.630583 0.132108
vn -0.014277 0.995674 0.091812
vn 0.033441 0.942268 0.333186
vn -0.597694 0.797884 -0.078379
vn 0.048491 0.198419 0.978917
vn 0.055463 -0.664620 0.745120
vn 0.093513 -0.487544 -0.868076
vn 0.157500 0.280590 -0.946817
vn -0.491666 0.850889 0.185074
vn 0.028900 0.989526 -0.141430
vn -0.037705 0.994734 0.095307
vn 0.007502 0.937787 0.347129
vn -0.506001 0.862530 0.002231
vn 0.032998 0.171453 0.984639
vn 0.045065 -0.624156 0.779999
vn -0.045360 -0.924860 0.377594
vn 0.228101 -0.854605 -0.466498
vn 0.090628 -0.320531 -0.942893
vn -0.013162 0.150587 -0.988509
vn -0.031954 0.557638 -0.829469
vn 0.013851 0.989413 -0.144466
vn -0.014308 0.981216 -0.192383
vn -0.673219 0.739025 -0.024851
vn -0.539291 0.699638 0.468691
vn -0.848877 0.262513 0.458798
vn -0.408563 -0.312165 0.857688
vn -0.141243 -0.765356 0.627918
vn 0.121735 -0.992479 -0.012906
vn 0.151387 -0.986154 -0.067697
vn 0.139807 -0.847062 -0.512777
vn 0.132971 -0.909877 0.392991
vn 0.147688 -0.987395 -0.056922
vn 0.001673 -0.872380 -0.488826
vn -0.600008 -0.746419 0.287837
vn -0.633582 -0.771238 -0.061368
vn -0.372459 -0.764364 -0.526329
vn -0.196669 -0.858543 -0.473524
vn -0.214050 -0.974766 -0.063350
vn -0.204881 -0.902482 0.378880
vn -0.075935 -0.832131 -0.549357
vn 0.109096 -0.994017 0.005282
vn 0.130501 -0.795925 0.591162
vn 0.107641 -0.788279 -0.605829
vn 0.106154 -0.994332 0.006008
vn -0.095890 -0.846387 0.523864
vn 0.122880 -0.780668 -0.612746
vn 0.479272 -0.877630 -0.007949
vn 0.783215 -0.523359 0.335664
vn 0.998223 -0.037709 -0.046149
vn 0.779296 0.266452 -0.567187
vn 0.231468 -0.284694 -0.930254
vn 0.075849 -0.396764 0.914782
vn 0.338326 0.187528 0.922154
vn 0.194128 0.548636 0.813212
vn -0.100701 0.889905 0.444891
vn 0.542652 0.700956 0.462806
vn 0.652902 0.757158 0.020753
vn 0.588181 0.651041 -0.479780
vn -0.079879 0.954806 -0.286296
vn 0.100544 0.587967 -0.802612
vn 0.249669 0.207844 -0.945762
vn 0.043127 -0.307738 -0.950493
vn 0.098204 -0.424232 0.900213
vn 0.381554 0.200449 0.902351
vn 0.223736 0.573538 0.788033
vn -0.095640 0.902844 0.419197
vn 0.566770 0.708631 0.420255
vn 0.659770 0.751456 0.004229
vn 0.009578 0.983657 -0.179799
vn -0.015290 0.991861 -0.126402
vn 0.017967 0.590470 -0.806860
vn -0.014059 0.167421 -0.985785
vn -0.108065 -0.393686 -0.912871
vn -0.123828 -0.631101 0.765753
vn -0.044005 0.202624 0.978267
vn 0.635948 0.764404 -0.106103
vn -0.002907 0.931623 0.363415
vn 0.025441 0.995394 0.092433
vn -0.036558 0.986636 -0.158788
vn 0.605597 0.774120 0.184364
vn -0.154262 0.293207 -0.943522
vn -0.170294 -0.457003 -0.873011
vn -0.063031 -0.519890 -0.851905
vn 0.191682 0.124359 -0.973547
vn 0.028629 0.670916 -0.740981
vn -0.799260 0.585206 0.136810
vn -0.901815 0.428285 0.057467
vn -0.835174 0.539771 -0.105509
vn -0.109805 0.640401 0.760151
vn 0.072940 -0.027505 0.996957
vn -0.131574 -0.685589 0.716000
vn 0.108634 -0.512624 -0.851713
vn 0.184644 0.294362 -0.937687
vn -0.581749 0.792947 0.181119
vn 0.040026 0.988152 -0.148167
vn 0.025550 0.997357 0.068018
vn 0.030011 0.952072 0.304398
vn 0.036726 0.948493 0.314661
vn -0.030752 0.526643 0.849530
vn -0.042330 0.137240 0.989633
vn 0.055806 -0.524519 0.849568
vn 0.078472 -0.375512 -0.923490
vn 0.024723 0.160072 -0.986796
vn 0.005613 0.540346 -0.841424
vn 0.036714 0.990388 -0.133353
vn -0.028641 0.982522 -0.183932
vn 0.025930 0.997035 0.072444
vn 0.033371 0.944844 0.325817
vn 0.033498 0.940211 0.338941
vn -0.012011 0.495762 0.868375
vn -0.021507 0.128327 0.991499
vn 0.045286 -0.504727 0.862090
vn 0.133195 -0.891389 0.433226
vn 0.085455 -0.819557 -0.566590
vn -0.081525 -0.324075 -0.942512
vn -0.141060 0.233811 -0.961995
vn -0.023010 0.593142 -0.804769
vn 0.102923 0.947162 -0.303795
vn -0.573247 0.660663 -0.484678
vn -0.953360 0.295408 -0.061954
vn -0.871993 -0.169885 0.459094
vn -0.456132 -0.709828 0.536738
vn -0.116809 -0.993143 0.004650
vn 0.078708 -0.996723 -0.018674
vn 0.064054 -0.814825 -0.576157
vn 0.106589 -0.857957 0.502541
vn 0.088703 -0.995981 -0.012369
vn 0.138276 -0.869388 -0.474389
vn -0.045196 -0.946592 0.319250
vn 0.002624 -0.999849 -0.017171
vn 0.003855 -0.875180 -0.483783
vn -0.077673 -0.828699 -0.554279
vn -0.117881 -0.993021 -0.003760
vn -0.130173 -0.867884 0.479408
vn 0.104247 -0.809275 -0.578106
vn 0.462458 -0.886570 -0.011258
vn 0.477331 -0.717509 0.507283
vn 0.430343 -0.723942 -0.539178
vn 0.450854 -0.892597 -0.001513
vn 0.115204 -0.774052 0.622552
vn 0.427140 -0.745761 -0.511265
vn 0.849071 -0.527724 -0.024212
vn 0.837670 -0.116795 -0.533543
vn 0.462203 -0.336700 0.820367
vn 0.815708 0.269661 0.511765
vn 0.953975 0.299855 0.004347
vn 0.823497 0.192956 -0.533499
vn 0.342322 -0.278816 -0.897261
vn 0.501932 -0.350341 0.790775
vn 0.845928 0.270179 0.459793
vn 0.956130 0.292496 -0.016178
vn 0.591818 0.662363 -0.459376
vn -0.082003 0.956535 -0.279851
vn 0.114852 0.628944 -0.768921
vn 0.293489 0.226215 -0.928812
vn 0.038483 -0.364663 -0.930344
vn -0.056524 -0.493010 0.868186
vn 0.115909 0.142418 0.982997
vn 0.089577 0.567326 0.818607
vn 0.008441 0.939968 0.341158
vn -0.026125 0.946324 0.322161
vn -0.024858 0.997200 0.070530
vn 0.015000 0.981963 -0.188476
vn -0.008089 0.991265 -0.131634
vn 0.077082 0.568836 -0.818831
vn 0.060339 0.158137 -0.985572
vn -0.085098 -0.378257 -0.921781
vn 0.170294 -0.457003 -0.873011
vn 0.154264 0.293209 -0.943521
vn -0.605593 0.774119 0.184384
vn 0.036558 0.986637 -0.158781
vn -0.025441 0.995394 0.092433
vn 0.002910 0.931623 0.363416
vn -0.635954 0.764401 -0.106086
vn 0.044003 0.202623 0.978268
vn 0.123832 -0.631109 0.765746
vn 0.108065 -0.393686 -0.912871
vn 0.014059 0.167423 -0.985785
vn -0.017967 0.590471 -0.806859
vn 0.015289 0.991864 -0.126381
vn -0.009578 0.983659 -0.179789
vn -0.659768 0.751458 0.004225
vn -0.566773 0.708636 0.420243
vn 0.095640 0.902847 0.419190
vn -0.223739 0.573542 0.788030
vn -0.381556 0.200452 0.902349
vn -0.098203 -0.424233 0.900212
vn -0.043129 -0.307743 -0.950491
vn -0.249673 0.207846 -0.945761
vn -0.100545 0.587978 -0.802603
vn 0.079880 0.954809 -0.286285
vn -0.588181 0.651042 -0.479778
vn -0.652902 0.757158 0.020755
vn -0.542650 0.700954 0.462812
vn 0.100701 0.889906 0.444889
vn -0.194130 0.548633 0.813213
vn -0.338329 0.187527 0.922154
vn -0.075849 -0.396762 0.914782
vn 0.095890 -0.846389 0.523862
vn -0.122880 -0.780668 -0.612746
vn -0.231467 -0.284694 -0.930254
vn -0.779297 0.266458 -0.567182
vn -0.998223 -0.037702 -0.046150
vn -0.783214 -0.523356 0.335670
vn -0.479271 -0.877631 -0.007950
vn -0.106154 -0.994332 0.006009
vn -0.107642 -0.788283 -0.605825
vn -0.130500 -0.795926 0.591162
vn -0.109097 -0.994017 0.005282
vn 0.075937 -0.832130 -0.549357
vn 0.204880 -0.902484 0.378875
vn 0.214048 -0.974767 -0.063351
vn 0.196669 -0.858543 -0.473524
vn 0.132671 -0.793342 -0.594144
vn 0.123183 -0.992374 0.004549
vn 0.163007 -0.790372 0.590543
vn 0.439259 -0.734504 -0.517258
vn 0.840010 -0.541601 -0.032436
vn 0.797893 -0.522923 0.299865
vn 0.766629 -0.514986 -0.383496
vn 0.835600 -0.549092 -0.016464
vn 0.448323 -0.705119 0.549377
vn 0.743024 -0.525415 -0.414554
vn 0.875870 -0.203961 0.437324
vn 0.997446 -0.071410 0.001397
vn 0.847104 -0.207425 -0.489274
vn 0.899183 -0.208886 0.384495
vn 0.997362 -0.070014 -0.019152
vn 0.835287 0.193101 -0.514789
vn 0.396633 -0.322526 -0.859453
vn 0.164068 -0.408599 0.897847
vn 0.433990 0.180401 0.882671
vn 0.219423 0.574400 0.788618
vn -0.094100 0.879342 0.466801
vn 0.548977 0.708319 0.443744
vn 0.674031 0.738524 -0.016290
vn 0.586862 0.646826 -0.487041
vn -0.089652 0.951932 -0.292896
vn 0.100473 0.604009 -0.790619
vn 0.286976 0.202799 -0.936225
vn 0.110128 -0.346634 -0.931513
vn 0.085098 -0.378256 -0.921781
vn -0.060339 0.158136 -0.985572
vn -0.077082 0.568840 -0.818828
vn 0.008090 0.991264 -0.131642
vn -0.014999 0.981961 -0.188486
vn 0.024859 0.997200 0.070534
vn 0.026125 0.946323 0.322167
vn -0.008438 0.939967 0.341161
vn -0.089578 0.567325 0.818607
vn -0.115910 0.142424 0.982996
vn 0.056527 -0.493014 0.868183
vn -0.038484 -0.364666 -0.930343
vn -0.293489 0.226216 -0.928811
vn -0.114850 0.628943 -0.768922
vn 0.082005 0.956540 -0.279832
vn -0.591818 0.662363 -0.459377
vn -0.956129 0.292499 -0.016181
vn -0.845928 0.270186 0.459788
vn -0.501936 -0.350339 0.790774
vn -0.342325 -0.278820 -0.897259
vn -0.823497 0.192954 -0.533499
vn -0.953975 0.299853 0.004345
vn -0.815708 0.269659 0.511766
vn -0.462202 -0.336701 0.820367
vn -0.115205 -0.774052 0.622552
vn -0.427138 -0.745761 -0.511266
vn -0.837671 -0.116791 -0.533542
vn -0.849072 -0.527722 -0.024211
vn -0.450851 -0.892598 -0.001514
vn -0.430340 -0.723946 -0.539175
vn -0.477335 -0.717510 0.507278
vn -0.462457 -0.886570 -0.011264
vn -0.104246 -0.809275 -0.578106
vn 0.130174 -0.867886 0.479405
vn 0.117880 -0.993021 -0.003761
vn 0.077673 -0.828698 -0.554280
vn 0.452391 -0.712948 -0.535768
vn 0.481428 -0.876375 -0.013924
vn 0.502573 -0.698104 0.509972
vn 0.776271 -0.512364 -0.367268
vn 0.777166 -0.525917 0.345578
vn 0.857216 -0.209484 -0.470422
vn 0.552174 -0.350391 0.756525
vn 0.858945 0.251489 0.446057
vn 0.955500 0.291518 -0.045128
vn 0.821655 0.189643 -0.537511
vn 0.399572 -0.306156 -0.864066
vn -0.110128 -0.346633 -0.931513
vn -0.286973 0.202801 -0.936226
vn -0.100474 0.604005 -0.790622
vn 0.089651 0.951924 -0.292923
vn -0.586858 0.646818 -0.487057
vn -0.674027 0.738527 -0.016293
vn -0.548971 0.708320 0.443749
vn 0.094101 0.879340 0.466804
vn -0.219417 0.574400 0.788619
vn -0.433986 0.180407 0.882672
vn -0.164069 -0.408599 0.897846
vn -0.396637 -0.322530 -0.859450
vn -0.835287 0.193099 -0.514790
vn -0.997362 -0.070013 -0.019151
vn -0.899184 -0.208879 0.384497
vn -0.847106 -0.207425 -0.489272
vn -0.997446 -0.071406 0.001393
vn -0.875870 -0.203961 0.437323
vn -0.448322 -0.705120 0.549375
vn -0.743023 -0.525414 -0.414555
vn -0.835599 -0.549094 -0.016466
vn -0.766628 -0.514990 -0.383494
vn -0.797895 -0.522923 0.299858
vn -0.840007 -0.541604 -0.032442
vn -0.439256 -0.734505 -0.517259
vn -0.163007 -0.790371 0.590543
vn -0.123183 -0.992374 0.004549
vn -0.132672 -0.793341 -0.594144
vn 0.782337 -0.488233 -0.386752
vn 0.853525 -0.519840 -0.035506
vn 0.812804 -0.500561 0.297973
vn 0.904764 -0.210208 0.370426
vn 0.996463 -0.073904 -0.040000
vn 0.857624 -0.191803 -0.477171
vn -0.399570 -0.306156 -0.864067
vn -0.821650 0.189646 -0.537518
vn -0.955499 0.291522 -0.045133
vn -0.858944 0.251493 0.446056
vn -0.552178 -0.350391 0.756523
vn -0.857215 -0.209487 -0.470423
vn -0.777166 -0.525920 0.345575
vn -0.776269 -0.512365 -0.367270
vn -0.502574 -0.698105 0.509970
vn -0.481428 -0.876375 -0.013922
vn -0.452391 -0.712949 -0.535767
vn -0.857623 -0.191802 -0.477174
vn -0.996463 -0.073904 -0.040000
vn -0.904765 -0.210206 0.370424
vn -0.812806 -0.500560 0.297972
vn -0.853525 -0.519840 -0.035506
vn -0.782337 -0.488233 -0.386753
s 1
g body_c_geo
usemtl initialShadingGroup
f 1//1 4//2 3//3 2//4
f 5//5 1//1 2//4 6//6
f 7//7 10//8 9//9 8//10
f 10//8 12//11 11//12 9//9
f 4//2 14//13 13//14 3//3
f 14//13 16//15 15//16 13//14
f 17//17 20//18 19//19 18//20
f 20//18 5//5 6//6 19//19
f 16//15 22//21 21//22 15//16
f 22//21 7//7 8//10 21//22
f 23//23 17//17 18//20 24//24
f 12//11 23//23 24//24 11//12
f 4//2 1//1 26//25 25//26
f 1//1 5//5 27//27 26//25
f 10//8 7//7 29//28 28//29
f 12//11 10//8 28//29 30//30
f 14//13 4//2 25//26 31//31
f 16//15 14//13 31//31 32//32
f 20//18 17//17 34//33 33//34
f 5//5 20//18 33//34 27//27
f 22//21 16//15 32//32 35//35
f 7//7 22//21 35//35 29//28
f 17//17 23//23 36//36 34//33
f 23//23 12//11 30//30 36//36
f 26//25 38//37 37//38 25//26
f 26//25 27//27 39//39 38//37
f 38//37 28//29 29//28 37//38
f 39//39 30//30 28//29 38//37
f 32//32 31//31 25//26 37//38
f 39//39 27//27 33//34 34//33
f 35//35 32//32 37//38 29//28
f 30//30 39//39 34//33 36//36
f 40//40 2//4 3//3 41//41
f 42//42 6//6 2//4 40//40
f 43//43 8//10 9//9 44//44
f 44//44 9//9 11//12 45//45
f 41//41 3//3 13//14 46//46
f 46//46 13//14 15//16 47//47
f 48//48 18//20 19//19 49//49
f 49//49 19//19 6//6 42//42
f 47//47 15//16 21//22 50//50
f 50//50 21//22 8//10 43//43
f 51//51 24//24 18//20 48//48
f 45//45 11//12 24//24 51//51
f 52//52 53//53 40//40 41//41
f 54//54 42//42 40//40 53//53
f 43//43 44//44 53//53 52//52
f 44//44 45//45 54//54 53//53
f 41//41 46//46 47//47 52//52
f 49//49 42//42 54//54 48//48
f 52//52 47//47 50//50 43//43
f 48//48 54//54 45//45 51//51
s 4
f 55//55 58//56 57//57 56//58
f 59//59 55//55 56//58 60//60
f 61//61 64//62 63//63 62//64
f 64//62 66//65 65//66 63//63
f 58//56 68//67 67//68 57//57
f 68//67 70//69 69//70 67//68
f 71//71 74//72 73//73 72//74
f 74//72 59//59 60//60 73//73
f 70//69 76//75 75//76 69//70
f 76//75 61//61 62//64 75//76
f 77//77 71//71 72//74 78//78
f 66//65 77//77 78//78 65//66
f 58//56 55//55 80//79 79//80
f 55//55 59//59 81//81 80//79
f 64//62 61//61 83//82 82//83
f 66//65 64//62 82//83 84//84
f 68//67 58//56 79//80 85//85
f 70//69 68//67 85//85 86//86
f 74//72 71//71 88//87 87//88
f 59//59 74//72 87//88 81//81
f 76//75 70//69 86//86 89//89
f 61//61 76//75 89//89 83//82
f 71//71 77//77 90//90 88//87
f 77//77 66//65 84//84 90//90
f 80//79 92//91 91//92 79//80
f 80//79 81//81 93//93 92//91
f 92//91 82//83 83//82 91//92
f 93//93 84//84 82//83 92//91
f 86//86 85//85 79//80 91//92
f 93//93 81//81 87//88 88//87
f 89//89 86//86 91//92 83//82
f 84//84 93//93 88//87 90//90
f 94//94 56//58 57//57 95//95
f 96//96 60//60 56//58 94//94
f 97//97 62//64 63//63 98//98
f 98//98 63//63 65//66 99//99
f 95//95 57//57 67//68 100//100
f 100//100 67//68 69//70 101//101
f 102//102 72//74 73//73 103//103
f 103//103 73//73 60//60 96//96
f 101//101 69//70 75//76 104//104
f 104//104 75//76 62//64 97//97
f 105//105 78//78 72//74 102//102
f 99//99 65//66 78//78 105//105
f 106//106 107//107 94//94 95//95
f 108//108 96//96 94//94 107//107
f 97//97 98//98 107//107 106//106
f 98//98 99//99 108//108 107//107
f 95//95 100//100 101//101 106//106
f 103//103 96//96 108//108 102//102
f 106//106 101//101 104//104 97//97
f 102//102 108//108 99//99 105//105
s 7
f 109//109 112//110 111//111 110//112
f 113//113 109//109 110//112 114//114
f 115//115 118//116 117//117 116//118
f 118//116 120//119 119//120 117//117
f 112//110 122//121 121//122 111//111
f 122//121 124//123 123//124 121//122
f 125//125 128//126 127//127 126//128
f 128//126 113//113 114//114 127//127
f 124//123 130//129 129//130 123//124
f 130//129 115//115 116//118 129//130
f 131//131 125//125 126//128 132//132
f 120//119 131//131 132//132 119//120
f 112//110 109//109 134//133 133//134
f 109//109 113//113 135//135 134//133
f 118//116 115//115 137//136 136//137
f 120//119 118//116 136//137 138//138
f 122//121 112//110 133//134 139//139
f 124//123 122//121 139//139 140//140
f 128//126 125//125 142//141 141//142
f 113//113 128//126 141//142 135//135
f 130//129 124//123 140//140 143//143
f 115//115 130//129 143//143 137//136
f 125//125 131//131 144//144 142//141
f 131//131 120//119 138//138 144//144
f 134//133 146//145 145//146 133//134
f 134//133 135//135 147//147 146//145
f 146//145 136//137 137//136 145//146
f 147//147 138//138 136//137 146//145
f 140//140 139//139 133//134 145//146
f 147//147 135//135 141//142 142//141
f 143//143 140//140 145//146 137//136
f 138//138 147//147 142//141 144//144
f 148//148 110//112 111//111 149//149
f 150//150 114//114 110//112 148//148
f 151//151 116//118 117//117 152//152
f 152//152 117//117 119//120 153//153
f 149//149 111//111 121//122 154//154
f 154//154 121//122 123//124 155//155
f 156//156 126//128 127//127 157//157
f 157//157 127//127 114//114 150//150
f 155//155 123//124 129//130 158//158
f 158//158 129//130 116//118 151//151
f 159//159 132//132 126//128 156//156
f 153//153 119//120 132//132 159//159
f 160//160 161//161 148//148 149//149
f 162//162 150//150 148//148 161//161
f 151//151 152//152 161//161 160//160
f 152//152 153//153 162//162 161//161
f 149//149 154//154 155//155 160//160
f 157//157 150//150 162//162 156//156
f 160//160 155//155 158//158 151//151
f 156//156 162//162 153//153 159//159
s 10
f 163//163 166//164 165//165 164//166
f 167//167 163//163 164//166 168//168
f 169//169 172//170 171//171 170//172
f 172//170 174//173 173//174 171//171
f 166//164 176//175 175//176 165//165
f 176//175 178//177 177//178 175//176
f 179//179 182//180 181//181 180//182
f 182//180 167//167 168//168 181//181
f 178//177 184//183 183//184 177//178
f 184//183 169//169 170//172 183//184
f 185//185 179//179 180//182 186//186
f 174//173 185//185 186//186 173//174
f 166//164 163//163 188//187 187//188
f 163//163 167//167 189//189 188//187
f 172//170 169//169 191//190 190//191
f 174//173 172//170 190//191 192//192
f 176//175 166//164 187//188 193//193
f 178//177 176//175 193//193 194//194
f 182//180 179//179 196//195 195//196
f 167//167 182//180 195//196 189//189
f 184//183 178//177 194//194 197//197
f 169//169 184//183 197//197 191//190
f 179//179 185//185 198//198 196//195
f 185//185 174//173 192//192 198//198
f 188//187 200//199 199//200 187//188
f 188//187 189//189 201//201 200//199
f 200//199 190//191 191//190 199//200
f 201//201 192//192 190//191 200//199
f 194//194 193//193 187//188 199//200
f 201//201 189//189 195//196 196//195
f 197//197 194//194 199//200 191//190
f 192//192 201//201 196//195 198//198
f 202//202 164//166 165//165 203//203
f 204//204 168//168 164//166 202//202
f 205//205 170//172 171//171 206//206
f 206//206 171//171 173//174 207//207
f 203//203 165//165 175//176 208//208
f 208//208 175//176 177//178 209//209
f 210//210 180//182 181//181 211//211
f 211//211 181//181 168//168 204//204
f 209//209 177//178 183//184 212//212
f 212//212 183//184 170//172 205//205
f 213//213 186//186 180//182 210//210
f 207//207 173//174 186//186 213//213
f 214//214 215//215 202//202 203//203
f 216//216 204//204 202//202 215//215
f 205//205 206//206 215//215 214//214
f 206//206 207//207 216//216 215//215
f 203//203 208//208 209//209 214//214
f 211//211 204//204 216//216 210//210
f 214//214 209//209 212//212 205//205
f 210//210 216//216 207//207 213//213
s 13
f 217//217 220//218 219//219 218//220
f 221//221 217//217 218//220 222//222
f 223//223 226//224 225//225 224//226
f 226//224 228//227 227//228 225//225
f 220//218 230//229 229//230 219//219
f 230//229 232//231 231//232 229//230
f 233//233 236//234 235//235 234//236
f 236//234 221//221 222//222 235//235
f 232//231 238//237 237//238 231//232
f 238//237 223//223 224//226 237//238
f 239//239 233//233 234//236 240//240
f 228//227 239//239 240//240 227//228
f 220//218 217//217 242//241 241//242
f 217//217 221//221 243//243 242//241
f 226//224 223//223 245//244 244//245
f 228//227 226//224 244//245 246//246
f 230//229 220//218 241//242 247//247
f 232//231 230//229 247//247 248//248
f 236//234 233//233 250//249 249//250
f 221//221 236//234 249//250 243//243
f 238//237 232//231 248//248 251//251
f 223//223 238//237 251//251 245//244
f 233//233 239//239 252//252 250//249
f 239//239 228//227 246//246 252//252
f 242//241 254//253 253//254 241//242
f 242//241 243//243 255//255 254//253
f 254//253 244//245 245//244 253//254
f 255//255 246//246 244//245 254//253
f 248//248 247//247 241//242 253//254
f 255//255 243//243 249//250 250//249
f 251//251 248//248 253//254 245//244
f 246//246 255//255 250//249 252//252
f 256//256 218//220 219//219 257//257
f 258//258 222//222 218//220 256//256
f 259//259 224//226 225//225 260//260
f 260//260 225//225 227//228 261//261
f 257//257 219//219 229//230 262//262
f 262//262 229//230 231//232 263//263
f 264//264 234//236 235//235 265//265
f 265//265 235//235 222//222 258//258
f 263//263 231//232 237//238 266//266
f 266//266 237//238 224//226 259//259
f 267//267 240//240 234//236 264//264
f 261//261 227//228 240//240 267//267
f 268//268 269//269 256//256 257//257
f 270//270 258//258 256//256 269//269
f 259//259 260//260 269//269 268//268
f 260//260 261//261 270//270 269//269
f 257//257 262//262 263//263 268//268
f 265//265 258//258 270//270 264//264
f 268//268 263//263 266//266 259//259
f 264//264 270//270 261//261 267//267
s 16
f 271//271 272//272 273//273 274//274
f 275//275 276//276 272//272 271//271
f 277//277 278//278 279//279 280//280
f 280//280 279//279 281//281 282//282
f 274//274 273//273 283//283 284//284
f 284//284 283//283 285//285 286//286
f 287//287 288//288 289//289 290//290
f 290//290 289//289 276//276 275//275
f 286//286 285//285 291//291 292//292
f 292//292 291//291 278//278 277//277
f 293//293 294//294 288//288 287//287
f 282//282 281//281 294//294 293//293
f 274//274 295//295 296//296 271//271
f 271//271 296//296 297//297 275//275
f 280//280 298//298 299//299 277//277
f 282//282 300//300 298//298 280//280
f 284//284 301//301 295//295 274//274
f 286//286 302//302 301//301 284//284
f 290//290 303//303 304//304 287//287
f 275//275 297//297 303//303 290//290
f 292//292 305//305 302//302 286//286
f 277//277 299//299 305//305 292//292
f 287//287 304//304 306//306 293//293
f 293//293 306//306 300//300 282//282
f 296//296 295//295 307//307 308//308
f 296//296 308//308 309//309 297//297
f 308//308 307//307 299//299 298//298
f 309//309 308//308 298//298 300//300
f 302//302 307//307 295//295 301//301
f 309//309 304//304 303//303 297//297
f 305//305 299//299 307//307 302//302
f 300//300 306//306 304//304 309//309
f 310//310 311//311 273//273 272//272
f 312//312 310//310 272//272 276//276
f 313//313 314//314 279//279 278//278
f 314//314 315//315 281//281 279//279
f 311//311 316//316 283//283 273//273
f 316//316 317//317 285//285 283//283
f 318//318 319//319 289//289 288//288
f 319//319 312//312 276//276 289//289
f 317//317 320//320 291//291 285//285
f 320//320 313//313 278//278 291//291
f 321//321 318//318 288//288 294//294
f 315//315 321//321 294//294 281//281
f 322//322 311//311 310//310 323//323
f 324//324 323//323 310//310 312//312
f 313//313 322//322 323//323 314//314
f 314//314 323//323 324//324 315//315
f 311//311 322//322 317//317 316//316
f 319//319 318//318 324//324 312//312
f 322//322 313//313 320//320 317//317
f 318//318 321//321 315//315 324//324
s 19
f 325//325 326//326 327//327 328//328
f 329//329 330//330 326//326 325//325
f 331//331 332//332 333//333 334//334
f 334//334 333//333 335//335 336//336
f 328//328 327//327 337//337 338//338
f 338//338 337//337 339//339 340//340
f 341//341 342//342 343//343 344//344
f 344//344 343//343 330//330 329//329
f 340//340 339//339 345//345 346//346
f 346//346 345//345 332//332 331//331
f 347//347 348//348 342//342 341//341
f 336//336 335//335 348//348 347//347
f 328//328 349//349 350//350 325//325
f 325//325 350//350 351//351 329//329
f 334//334 352//352 353//353 331//331
f 336//336 354//354 352//352 334//334
f 338//338 355//355 349//349 328//328
f 340//340 356//356 355//355 338//338
f 344//344 357//357 358//358 341//341
f 329//329 351//351 357//357 344//344
f 346//346 359//359 356//356 340//340
f 331//331 353//353 359//359 346//346
f 341//341 358//358 360//360 347//347
f 347//347 360//360 354//354 336//336
f 350//350 349//349 361//361 362//362
f 350//350 362//362 363//363 351//351
f 362//362 361//361 353//353 352//352
f 363//363 362//362 352//352 354//354
f 356//356 361//361 349//349 355//355
f 363//363 358//358 357//357 351//351
f 359//359 353//353 361//361 356//356
f 354//354 360//360 358//358 363//363
f 364//364 365//365 327//327 326//326
f 366//366 364//364 326//326 330//330
f 367//367 368//368 333//333 332//332
f 368//368 369//369 335//335 333//333
f 365//365 370//370 337//337 327//327
f 370//370 371//371 339//339 337//337
f 372//372 373//373 343//343 342//342
f 373//373 366//366 330//330 343//343
f 371//371 374//374 345//345 339//339
f 374//374 367//367 332//332 345//345
f 375//375 372//372 342//342 348//348
f 369//369 375//375 348//348 335//335
f 376//376 365//365 364//364 377//377
f 378//378 377//377 364//364 366//366
f 367//367 376//376 377//377 368//368
f 368//368 377//377 378//378 369//369
f 365//365 376//376 371//371 370//370
f 373//373 372//372 378//378 366//366
f 376//376 367//367 374//374 371//371
f 372//372 375//375 369//369 378//378
s 22
f 379//379 380//380 381//381 382//382
f 383//383 384//384 380//380 379//379
f 385//385 386//386 387//387 388//388
f 388//388 387//387 389//389 390//390
f 382//382 381//381 391//391 392//392
f 392//392 391//391 393//393 394//394
f 395//395 396//396 397//397 398//398
f 398//398 397//397 384//384 383//383
f 394//394 393//393 399//399 400//400
f 400//400 399//399 386//386 385//385
f 401//401 402//402 396//396 395//395
f 390//390 389//389 402//402 401//401
f 382//382 403//403 404//404 379//379
f 379//379 404//404 405//405 383//383
f 388//388 406//406 407//407 385//385
f 390//390 408//408 406//406 388//388
f 392//392 409//409 403//403 382//382
f 394//394 410//410 409//409 392//392
f 398//398 411//411 412//412 395//395
f 383//383 405//405 411//411 398//398
f 400//400 413//413 410//410 394//394
f 385//385 407//407 413//413 400//400
f 395//395 412//412 414//414 401//401
f 401//401 414//414 408//408 390//390
f 404//404 403//403 415//415 416//416
f 404//404 416//416 417//417 405//405
f 416//416 415//415 407//407 406//406
f 417//417 416//416 406//406 408//408
f 410//410 415//415 403//403 409//409
f 417//417 412//412 411//411 405//405
f 413//413 407//407 415//415 410//410
f 408//408 414//414 412//412 417//417
f 418//418 419//419 381//381 380//380
f 420//420 418//418 380//380 384//384
f 421//421 422//422 387//387 386//386
f 422//422 423//423 389//389 387//387
f 419//419 424//424 391//391 381//381
f 424//424 425//425 393//393 391//391
f 426//426 427//427 397//397 396//396
f 427//427 420//420 384//384 397//397
f 425//425 428//428 399//399 393//393
f 428//428 421//421 386//386 399//399
f 429//429 426//426 396//396 402//402
f 423//423 429//429 402//402 389//389
f 430//430 419//419 418//418 431//431
f 432//432 431//431 418//418 420//420
f 421//421 430//430 431//431 422//422
f 422//422 431//431 432//432 423//423
f 419//419 430//430 425//425 424//424
f 427//427 426//426 432//432 420//420
f 430//430 421//421 428//428 425//425
f 426//426 429//429 423//423 432//432
s 25
f 433//433 434//434 435//435 436//436
f 437//437 438//438 434//434 433//433
f 439//439 440//440 441//441 442//442
f 442//442 441//441 443//443 444//444
f 436//436 435//435 445//445 446//446
f 446//446 445//445 447//447 448//448
f 449//449 450//450 451//451 452//452
f 452//452 451//451 438//438 437//437
f 448//448 447//447 453//453 454//454
f 454//454 453//453 440//440 439//439
f 455//455 456//456 450//450 449//449
f 444//444 443//443 456//456 455//455
f 436//436 457//457 458//458 433//433
f 433//433 458//458 459//459 437//437
f 442//442 460//460 461//461 439//439
f 444//444 462//462 460//460 442//442
f 446//446 463//463 457//457 436//436
f 448//448 464//464 463//463 446//446
f 452//452 465//465 466//466 449//449
f 437//437 459//459 465//465 452//452
f 454//454 467//467 464//464 448//448
f 439//439 461//461 467//467 454//454
f 449//449 466//466 468//468 455//455
f 455//455 468//468 462//462 444//444
f 458//458 457//457 469//469 470//470
f 458//458 470//470 471//471 459//459
f 470//470 469//469 461//461 460//460
f 471//471 470//470 460//460 462//462
f 464//464 469//469 457//457 463//463
f 471//471 466//466 465//465 459//459
f 467//467 461//461 469//469 464//464
f 462//462 468//468 466//466 471//471
f 472//472 473//473 435//435 434//434
f 474//474 472//472 434//434 438//438
f 475//475 476//476 441//441 440//440
f 476//476 477//477 443//443 441//441
f 473//473 478//478 445//445 435//435
f 478//478 479//479 447//447 445//445
f 480//480 481//481 451//451 450//450
f 481//481 474//474 438//438 451//451
f 479//479 482//482 453//453 447//447
f 482//482 475//475 440//440 453//453
f 483//483 480//480 450//450 456//456
f 477//477 483//483 456//456 443//443
f 484//484 473//473 472//472 485//485
f 486//486 485//485 472//472 474//474
f 475//475 484//484 485//485 476//476
f 476//476 485//485 486//486 477//477
f 473//473 484//484 479//479 478//478
f 481//481 480//480 486//486 474//474
f 484//484 475//475 482//482 479//479
f 480//480 483//483 477//477 486//486
s 28
f 487//487 488//488 489//489 490//490
f 491//491 492//492 488//488 487//487
f 493//493 494//494 495//495 496//496
f 496//496 495//495 497//497 498//498
f 490//490 489//489 499//499 500//500
f 500//500 499//499 501//501 502//502
f 503//503 504//504 505//505 506//506
f 506//506 505//505 492//492 491//491
f 502//502 501//501 507//507 508//508
f 508//508 507//507 494//494 493//493
f 509//509 510//510 504//504 503//503
f 498//498 497//497 510//510 509//509
f 490//490 511//511 512//512 487//487
f 487//487 512//512 513//513 491//491
f 496//496 514//514 515//515 493//493
f 498//498 516//516 514//514 496//496
f 500//500 517//517 511//511 490//490
f 502//502 518//518 517//517 500//500
f 506//506 519//519 520//520 503//503
f 491//491 513//513 519//519 506//506
f 508//508 521//521 518//518 502//502
f 493//493 515//515 521//521 508//508
f 503//503 520//520 522//522 509//509
f 509//509 522//522 516//516 498//498
f 512//512 511//511 523//523 524//524
f 512//512 524//524 525//525 513//513
f 524//524 523//523 515//515 514//514
f 525//525 524//524 514//514 516//516
f 518//518 523//523 511//511 517//517
f 525//525 520//520 519//519 513//513
f 521//521 515//515 523//523 518//518
f 516//516 522//522 520//520 525//525
f 526//526 527//527 489//489 488//488
f 528//528 526//526 488//488 492//492
f 529//529 530//530 495//495 494//494
f 530//530 531//531 497//497 495//495
f 527//527 532//532 499//499 489//489
f 532//532 533//533 501//501 499//499
f 534//534 535//535 505//505 504//504
f 535//535 528//528 492//492 505//505
f 533//533 536//536 507//507 501//501
f 536//536 529//529 494//494 507//507
f 537//537 534//534 504//504 510//510
f 531//531 537//537 510//510 497//497
f 538//538 527//527 526//526 539//539
f 540//540 539//539 526//526 528//528
f 529//529 538//538 539//539 530//530
f 530//530 539//539 540//540 531//531
f 527//527 538//538 533//533 532//532
f 535//535 534//534 540//540 528//528
f 538//538 529//529 536//536 533//533
f 534//534 537//537 531//531 540//540
s 31
f 541//541 542//542 543//543 544//544
f 541//541 545//545 546//546 542//542
f 542//542 547//547 548//548 543//543
f 543//543 549//549 550//550 544//544
f 544//544 551//551 552//552 541//541
f 541//541 553//553 554//554 545//545
f 545//545 555//555 556//556 546//546
f 546//546 557//557 547//547 542//542
f 547//547 558//558 559//559 548//548
f 548//548 560//560 549//549 543//543
f 549//549 561//561 562//562 550//550
f 550//550 563//563 551//551 544//544
f 551//551 564//564 565//565 552//552
f 552//552 566//566 553//553 541//541
f 553//553 567//567 568//568 554//554
f 554//554 569//569 555//555 545//545
f 555//555 570//570 571//571 556//556
f 556//556 572//572 557//557 546//546
f 557//557 573//573 558//558 547//547
f 558//558 574//574 575//575 559//559
f 559//559 576//576 560//560 548//548
f 560//560 577//577 561//561 549//549
f 561//561 578//578 579//579 562//562
f 562//562 580//580 563//563 550//550
f 563//563 581//581 564//564 551//551
f 564//564 582//582 583//583 565//565
f 565//565 584//584 566//566 552//552
f 566//566 585//585 567//567 553//553
f 567//567 586//586 587//587 568//568
f 568//568 588//588 569//569 554//554
f 569//569 589//589 570//570 555//555
f 570//570 590//590 591//591 571//571
f 571//571 592//592 572//572 556//556
f 572//572 593//593 573//573 557//557
f 573//573 594//594 574//574 558//558
f 574//574 595//595 596//596 575//575
f 575//575 597//597 576//576 559//559
f 576//576 598//598 577//577 560//560
f 577//577 599//599 578//578 561//561
f 578//578 600//600 601//601 579//579
f 579//579 602//602 580//580 562//562
f 580//580 603//603 581//581 563//563
f 581//581 604//604 582//582 564//564
f 582//582 605//605 606//606 583//583
f 583//583 607//607 584//584 565//565
f 584//584 608//608 585//585 566//566
f 585//585 609//609 586//586 567//567
f 586//586 610//610 611//611 587//587
f 587//587 612//612 588//588 568//568
f 588//588 613//613 589//589 569//569
f 589//589 614//614 590//590 570//570
f 590//590 615//615 616//616 591//591
f 591//591 617//617 592//592 571//571
f 592//592 618//618 593//593 572//572
f 593//593 619//619 594//594 573//573
f 594//594 620//620 595//595 574//574
f 595//595 621//621 622//622 596//596
f 596//596 623//623 597//597 575//575
f 597//597 624//624 598//598 576//576
f 598//598 625//625 599//599 577//577
f 599//599 626//626 600//600 578//578
f 600//600 627//627 628//628 601//601
f 601//601 629//629 602//602 579//579
f 602//602 630//630 603//603 580//580
f 603//603 631//631 604//604 581//581
f 604//604 632//632 605//605 582//582
f 605//605 633//633 634//634 606//606
f 606//606 635//635 607//607 583//583
f 607//607 636//636 608//608 584//584
f 608//608 637//637 609//609 585//585
f 609//609 638//638 610//610 586//586
f 610//610 639//639 640//640 611//611
f 611//611 641//641 612//612 587//587
f 612//612 642//642 613//613 588//588
f 613//613 643//643 614//614 589//589
f 614//614 644//644 615//615 590//590
f 615//615 645//645 646//646 616//616
f 616//616 647//647 617//617 591//591
f 617//617 648//648 618//618 592//592
f 618//618 649//649 619//619 593//593
f 619//619 650//650 620//620 594//594
f 620//620 651//651 621//621 595//595
f 621//621 652//652 653//653 622//622
f 622//622 654//654 623//623 596//596
f 623//623 655//655 624//624 597//597
f 624//624 656//656 625//625 598//598
f 625//625 657//657 626//626 599//599
f 626//626 658//658 627//627 600//600
f 627//627 659//659 660//660 628//628
f 628//628 661//661 662//662 601//601
f 601//601 662//662 663//663 629//629
f 629//629 664//664 630//630 602//602
f 630//630 665//665 631//631 603//603
f 631//631 666//666 632//632 604//604
f 632//632 667//667 633//633 605//605
f 633//633 668//668 669//669 634//634
f 634//634 670//670 635//635 606//606
f 635//635 671//671 636//636 607//607
f 636//636 672//672 637//637 608//608
f 637//637 673//673 638//638 609//609
f 638//638 674//674 639//639 610//610
f 639//639 675//675 676//676 640//640
f 640//640 677//677 641//641 611//611
f 641//641 678//678 642//642 612//612
f 642//642 679//679 643//643 613//613
f 643//643 680//680 644//644 614//614
f 644//644 681//681 682//682 615//615
f 615//615 682//682 683//683 645//645
f 645//645 684//684 685//685 646//646
f 646//646 686//686 647//647 616//616
f 647//647 687//687 648//648 617//617
f 648//648 688//688 649//649 618//618
f 649//649 689//689 650//650 619//619
f 650//650 690//690 651//651 620//620
f 651//651 691//691 652//652 621//621
f 652//652 692//692 693//693 653//653
f 653//653 694//694 654//654 622//622
f 654//654 695//695 655//655 623//623
f 655//655 696//696 656//656 624//624
f 656//656 697//697 657//657 625//625
f 657//657 698//698 658//658 626//626
f 658//658 699//699 659//659 627//627
f 659//659 700//700 701//701 660//660
f 660//660 702//702 661//661 628//628
f 661//661 703//703 704//704 662//662
f 662//662 704//704 705//705 663//663
f 663//663 706//706 664//664 629//629
f 664//664 707//707 665//665 630//630
f 665//665 708//708 666//666 631//631
f 666//666 709//709 710//710 632//632
f 632//632 710//710 711//711 667//667
f 667//667 712//712 668//668 633//633
f 668//668 713//713 714//714 669//669
f 669//669 715//715 670//670 634//634
f 670//670 716//716 671//671 635//635
f 671//671 717//717 672//672 636//636
f 672//672 718//718 673//673 637//637
f 673//673 719//719 674//674 638//638
f 674//674 720//720 675//675 639//639
f 675//675 721//721 722//722 676//676
f 676//676 723//723 677//677 640//640
f 677//677 724//724 678//678 641//641
f 678//678 725//725 679//679 642//642
f 679//679 726//726 680//680 643//643
f 680//680 727//727 681//681 644//644
f 681//681 728//728 729//729 682//682
f 682//682 729//729 730//730 683//683
f 683//683 731//731 684//684 645//645
f 684//684 732//732 733//733 685//685
f 685//685 734//734 686//686 646//646
f 686//686 735//735 687//687 647//647
f 687//687 736//736 688//688 648//648
f 688//688 737//737 689//689 649//649
f 689//689 738//738 690//690 650//650
f 690//690 739//739 691//691 651//651
f 691//691 740//740 692//692 652//652
f 692//692 741//741 742//742 693//693
f 693//693 743//743 694//694 653//653
f 694//694 744//744 695//695 654//654
f 695//695 745//745 696//696 655//655
f 696//696 746//746 697//697 656//656
f 697//697 747//747 698//698 657//657
f 698//698 748//748 699//699 658//658
f 699//699 749//749 700//700 659//659
f 700//700 750//750 751//751 701//701
f 701//701 752//752 702//702 660//660
f 702//702 753//753 703//703 661//661
f 703//703 754//754 755//755 704//704
f 704//704 755//755 756//756 705//705
f 705//705 757//757 706//706 663//663
f 706//706 758//758 707//707 664//664
f 707//707 759//759 708//708 665//665
f 708//708 760//760 709//709 666//666
f 709//709 761//761 711//711 710//710
f 711//711 762//762 712//712 667//667
f 712//712 763//763 713//713 668//668
f 713//713 764//764 765//765 714//714
f 714//714 766//766 715//715 669//669
f 715//715 767//767 716//716 670//670
f 716//716 768//768 717//717 671//671
f 717//717 769//769 718//718 672//672
f 718//718 770//770 719//719 673//673
f 719//719 771//771 720//720 674//674
f 720//720 772//772 721//721 675//675
f 721//721 773//773 774//774 722//722
f 722//722 775//775 723//723 676//676
f 723//723 776//776 724//724 677//677
f 724//724 777//777 725//725 678//678
f 725//725 778//778 726//726 679//679
f 726//726 779//779 727//727 680//680
f 727//727 780//780 728//728 681//681
f 728//728 781//781 782//782 729//729
f 729//729 782//782 783//783 730//730
f 730//730 784//784 731//731 683//683
f 731//731 785//785 732//732 684//684
f 732//732 786//786 787//787 733//733
f 733//733 788//788 734//734 685//685
f 734//734 789//789 735//735 686//686
f 735//735 790//790 736//736 687//687
f 736//736 791//791 737//737 688//688
f 737//737 792//792 738//738 689//689
f 738//738 793//793 739//739 690//690
f 739//739 794//794 740//740 691//691
f 740//740 795//795 741//741 692//692
f 741//741 796//796 797//797 742//742
f 742//742 798//798 743//743 693//693
f 743//743 799//799 744//744 694//694
f 744//744 800//800 745//745 695//695
f 745//745 801//801 746//746 696//696
f 746//746 802//802 747//747 697//697
f 747//747 803//803 748//748 698//698
f 748//748 804//804 749//749 699//699
f 749//749 805//805 750//750 700//700
f 750//750 806//806 807//807 751//751
f 751//751 808//808 752//752 701//701
f 752//752 809//809 753//753 702//702
f 753//753 810//810 754//754 703//703
f 754//754 811//811 812//812 755//755
f 755//755 812//812 813//813 756//756
f 756//756 814//814 757//757 705//705
f 757//757 815//815 758//758 706//706
f 758//758 816//816 759//759 707//707
f 759//759 817//817 760//760 708//708
f 760//760 818//818 761//761 709//709
f 761//761 819//819 762//762 711//711
f 762//762 820//820 763//763 712//712
f 763//763 821//821 764//764 713//713
f 764//764 822//822 823//823 765//765
f 765//765 824//824 766//766 714//714
f 766//766 825//825 767//767 715//715
f 767//767 826//826 768//768 716//716
f 768//768 827//827 769//769 717//717
f 769//769 828//828 829//829 718//718
f 718//718 829//829 830//830 770//770
f 770//770 831//831 771//771 719//719
f 771//771 832//832 772//772 720//720
f 772//772 833//833 773//773 721//721
f 773//773 834//834 835//835 774//774
f 774//774 836//836 775//775 722//722
f 775//775 837//837 776//776 723//723
f 776//776 838//838 777//777 724//724
f 777//777 839//839 778//778 725//725
f 778//778 840//840 779//779 726//726
f 779//779 841//841 780//780 727//727
f 780//780 842//842 781//781 728//728
f 781//781 843//843 844//844 782//782
f 782//782 844//844 845//845 783//783
f 783//783 846//846 784//784 730//730
f 784//784 847//847 785//785 731//731
f 785//785 848//848 786//786 732//732
f 786//786 849//849 850//850 787//787
f 787//787 851//851 788//788 733//733
f 788//788 852//852 789//789 734//734
f 789//789 853//853 790//790 735//735
f 790//790 854//854 791//791 736//736
f 791//791 855//855 792//792 737//737
f 792//792 856//856 793//793 738//738
f 793//793 857//857 794//794 739//739
f 794//794 858//858 795//795 740//740
f 795//795 859//859 796//796 741//741
f 796//796 860//860 861//861 797//797
f 797//797 862//862 798//798 742//742
f 798//798 863//863 799//799 743//743
f 799//799 864//864 800//800 744//744
f 800//800 865//865 801//801 745//745
f 801//801 866//866 802//802 746//746
f 802//802 867//867 803//803 747//747
f 803//803 868//868 804//804 748//748
f 804//804 869//869 805//805 749//749
f 805//805 870//870 806//806 750//750
f 806//806 871//871 872//872 807//807
f 807//807 873//873 808//808 751//751
f 808//808 874//874 809//809 752//752
f 809//809 875//875 810//810 753//753
f 810//810 876//876 811//811 754//754
f 811//811 877//877 878//878 812//812
f 812//812 878//878 879//879 813//813
f 813//813 880//880 814//814 756//756
f 814//814 881//881 815//815 757//757
f 815//815 882//882 816//816 758//758
f 816//816 883//883 817//817 759//759
f 817//817 884//884 818//818 760//760
f 818//818 885//885 819//819 761//761
f 819//819 886//886 820//820 762//762
f 820//820 887//887 821//821 763//763
f 821//821 888//888 822//822 764//764
f 822//822 889//889 890//890 823//823
f 823//823 891//891 824//824 765//765
f 824//824 892//892 825//825 766//766
f 825//825 893//893 826//826 767//767
f 826//826 894//894 827//827 768//768
f 827//827 895//895 828//828 769//769
f 828//828 896//896 897//897 829//829
f 829//829 897//897 898//898 830//830
f 830//830 899//899 831//831 770//770
f 831//831 900//900 832//832 771//771
f 832//832 901//901 833//833 772//772
f 833//833 902//902 834//834 773//773
f 834//834 903//903 904//904 835//835
f 835//835 905//905 836//836 774//774
f 836//836 906//906 837//837 775//775
f 837//837 907//907 838//838 776//776
f 838//838 908//908 839//839 777//777
f 839//839 909//909 840//840 778//778
f 840//840 910//910 841//841 779//779
f 841//841 911//911 842//842 780//780
f 842//842 912//912 843//843 781//781
f 843//843 913//913 914//914 844//844
f 844//844 914//914 915//915 845//845
f 845//845 916//916 846//846 783//783
f 846//846 917//917 847//847 784//784
f 847//847 918//918 848//848 785//785
f 848//848 919//919 849//849 786//786
f 849//849 920//920 921//921 850//850
f 850//850 922//922 851//851 787//787
f 851//851 923//923 852//852 788//788
f 852//852 924//924 853//853 789//789
f 853//853 925//925 854//854 790//790
f 854//854 926//926 855//855 791//791
f 855//855 927//927 856//856 792//792
f 856//856 928//928 857//857 793//793
f 857//857 929//929 858//858 794//794
f 858//858 930//930 859//859 795//795
f 859//859 931//931 860//860 796//796
f 861//861 932//932 862//862 797//797
f 862//862 933//933 863//863 798//798
f 863//863 934//934 864//864 799//799
f 864//864 935//935 865//865 800//800
f 865//865 936//936 866//866 801//801
f 866//866 936//936 867//867 802//802
f 867//867 937//937 868//868 803//803
f 868//868 938//938 869//869 804//804
f 869//869 939//939 870//870 805//805
f 870//870 940//940 871//871 806//806
f 871//871 941//941 942//942 872//872
f 872//872 943//943 873//873 807//807
f 873//873 944//944 874//874 808//808
f 874//874 945//945 875//875 809//809
f 875//875 946//946 876//876 810//810
f 876//876 947//947 877//877 811//811
f 877//877 948//948 949//949 878//878
f 878//878 949//949 950//950 879//879
f 879//879 951//951 880//880 813//813
f 880//880 952//952 881//881 814//814
f 881//881 953//953 882//882 815//815
f 882//882 954//954 883//883 816//816
f 883//883 955//955 884//884 817//817
f 884//884 956//956 885//885 818//818
f 885//885 957//957 886//886 819//819
f 886//886 957//957 887//887 820//820
f 887//887 958//958 888//888 821//821
f 888//888 959//959 889//889 822//822
f 889//889 960//960 961//961 890//890
f 890//890 962//962 891//891 823//823
f 891//891 963//963 892//892 824//824
f 892//892 964//964 893//893 825//825
f 893//893 965//965 894//894 826//826
f 894//894 966//966 895//895 827//827
f 895//895 967//967 896//896 828//828
f 896//896 968//968 969//969 897//897
f 897//897 969//969 970//970 898//898
f 898//898 971//971 899//899 830//830
f 899//899 972//972 973//973 831//831
f 831//831 973//973 974//974 900//900
f 900//900 975//975 901//901 832//832
f 901//901 976//976 902//902 833//833
f 902//902 977//977 903//903 834//834
f 903//903 978//978 979//979 904//904
f 904//904 980//980 905//905 835//835
f 905//905 981//981 906//906 836//836
f 906//906 982//982 907//907 837//837
f 907//907 983//983 908//908 838//838
f 908//908 984//984 909//909 839//839
f 909//909 985//985 910//910 840//840
f 910//910 986//986 911//911 841//841
f 911//911 987//987 912//912 842//842
f 912//912 988//988 913//913 843//843
f 913//913 989//989 990//990 914//914
f 914//914 991//991 992//992 915//915
f 915//915 993//993 916//916 845//845
f 916//916 994//994 917//917 846//846
f 917//917 995//995 918//918 847//847
f 918//918 996//996 919//919 848//848
f 919//919 997//997 920//920 849//849
f 920//920 998//998 999//999 921//921
f 921//921 1000//1000 922//922 850//850
f 922//922 1001//1001 923//923 851//851
f 923//923 1002//1002 924//924 852//852
f 924//924 1003//1003 925//925 853//853
f 925//925 1004//1004 926//926 854//854
f 926//926 1004//1004 927//927 855//855
f 927//927 1005//1005 928//928 856//856
f 928//928 1006//1006 929//929 857//857
f 929//929 1007//1007 930//930 858//858
f 930//930 1008//1008 931//931 859//859
f 932//932 1009//1009 933//933 862//862
f 933//933 1010//1010 934//934 863//863
f 934//934 1011//1011 935//935 864//864
f 935//935 1012//1012 936//936 865//865
f 936//936 1012//1012 937//937 867//867
f 937//937 1013//1013 1014//1014 868//868
f 868//868 1014//1014 1015//1015 938//938
f 938//938 1016//1016 939//939 869//869
f 939//939 1017//1017 940//940 870//870
f 940//940 1018//1018 941//941 871//871
f 941//941 1019//1019 1020//1020 942//942
f 942//942 1021//1021 943//943 872//872
f 943//943 1022//1022 944//944 873//873
f 944//944 1023//1023 945//945 874//874
f 945//945 1024//1024 946//946 875//875
f 946//946 1025//1025 947//947 876//876
f 947//947 1026//1026 948//948 877//877
f 948//948 1027//1027 1028//1028 949//949
f 949//949 1029//1029 1030//1030 950//950
f 950//950 1031//1031 951//951 879//879
f 951//951 1032//1032 952//952 880//880
f 952//952 1033//1033 953//953 881//881
f 953//953 1034//1034 954//954 882//882
f 954//954 1035//1035 955//955 883//883
f 955//955 1036//1036 956//956 884//884
f 956//956 1037//1037 957//957 885//885
f 957//957 1037//1037 958//958 887//887
f 958//958 1038//1038 1039//1039 888//888
f 888//888 1039//1039 1040//1040 959//959
f 959//959 1041//1041 960//960 889//889
f 960//960 1042//1042 1043//1043 961//961
f 961//961 1044//1044 962//962 890//890
f 962//962 1045//1045 963//963 891//891
f 963//963 1046//1046 964//964 892//892
f 964//964 1047//1047 965//965 893//893
f 965//965 1048//1048 966//966 894//894
f 966//966 1049//1049 967//967 895//895
f 967//967 1050//1050 968//968 896//896
f 968//968 1051//1051 1052//1052 969//969
f 969//969 1052//1052 1053//1053 970//970
f 970//970 1054//1054 971//971 898//898
f 971//971 1055//1055 972//972 899//899
f 972//972 1056//1056 1057//1057 973//973
f 973//973 1057//1057 1058//1058 974//974
f 974//974 1059//1059 975//975 900//900
f 975//975 1060//1060 976//976 901//901
f 976//976 1061//1061 977//977 902//902
f 977//977 1062//1062 978//978 903//903
f 978//978 1063//1063 1064//1064 979//979
f 979//979 1065//1065 980//980 904//904
f 980//980 1066//1066 981//981 905//905
f 981//981 1067//1067 982//982 906//906
f 982//982 1068//1068 983//983 907//907
f 983//983 1069//1069 984//984 908//908
f 984//984 1070//1070 985//985 909//909
f 985//985 1071//1071 986//986 910//910
f 986//986 1072//1072 987//987 911//911
f 987//987 1073//1073 988//988 912//912
f 988//988 1074//1074 989//989 913//913
f 989//989 1075//1075 1076//1076 990//990
f 990//990 1077//1077 991//991 914//914
f 991//991 1078//1078 1079//1079 992//992
f 992//992 1080//1080 993//993 915//915
f 993//993 1081//1081 994//994 916//916
f 994//994 1082//1082 995//995 917//917
f 995//995 1083//1083 996//996 918//918
f 996//996 1084//1084 997//997 919//919
f 997//997 1085//1085 998//998 920//920
f 998//998 1086//1086 1087//1087 999//999
f 999//999 1088//1088 1000//1000 921//921
f 1000//1000 1089//1089 1001//1001 922//922
f 1001//1001 1090//1090 1002//1002 923//923
f 1002//1002 1091//1091 1092//1092 924//924
f 924//924 1092//1092 1093//1093 1003//1003
f 1003//1003 1094//1094 1004//1004 925//925
f 1004//1004 1094//1094 1005//1005 927//927
f 1005//1005 1095//1095 1006//1006 928//928
f 1006//1006 1096//1096 1007//1007 929//929
f 1007//1007 1097//1097 1008//1008 930//930
f 1009//1009 1098//1098 1010//1010 933//933
f 1010//1010 1099//1099 1011//1011 934//934
f 1011//1011 1100//1100 1012//1012 935//935
f 1012//1012 1100//1100 1013//1013 937//937
f 1013//1013 1101//1101 1102//1102 1014//1014
f 1014//1014 1102//1102 1103//1103 1015//1015
f 1015//1015 1104//1104 1016//1016 938//938
f 1016//1016 1105//1105 1017//1017 939//939
f 1017//1017 1106//1106 1018//1018 940//940
f 1018//1018 1107//1107 1019//1019 941//941
f 1019//1019 1108//1108 1109//1109 1020//1020
f 1020//1020 1110//1110 1021//1021 942//942
f 1021//1021 1111//1111 1022//1022 943//943
f 1022//1022 1112//1112 1023//1023 944//944
f 1023//1023 1113//1113 1024//1024 945//945
f 1024//1024 1114//1114 1025//1025 946//946
f 1025//1025 1115//1115 1026//1026 947//947
f 1026//1026 1116//1116 1027//1027 948//948
f 1027//1027 1117//1117 1118//1118 1028//1028
f 1028//1028 1119//1119 1029//1029 949//949
f 1029//1029 1120//1120 1121//1121 1030//1030
f 1030//1030 1122//1122 1031//1031 950//950
f 1031//1031 1123//1123 1032//1032 951//951
f 1032//1032 1124//1124 1033//1033 952//952
f 1033//1033 1125//1125 1034//1034 953//953
f 1034//1034 1126//1126 1035//1035 954//954
f 1035//1035 1127//1127 1036//1036 955//955
f 1036//1036 1128//1128 1037//1037 956//956
f 1037//1037 1128//1128 1038//1038 958//958
f 1038//1038 1128//1128 1129//1129 1039//1039
f 1039//1039 1129//1129 1130//1130 1040//1040
f 1040//1040 1131//1131 1041//1041 959//959
f 1041//1041 1132//1132 1042//1042 960//960
f 1042//1042 1133//1133 1134//1134 1043//1043
f 1043//1043 1135//1135 1044//1044 961//961
f 1044//1044 1136//1136 1045//1045 962//962
f 1045//1045 1137//1137 1046//1046 963//963
f 1046//1046 1138//1138 1047//1047 964//964
f 1047//1047 1139//1139 1048//1048 965//965
f 1048//1048 1140//1140 1049//1049 966//966
f 1049//1049 1141//1141 1050//1050 967//967
f 1050//1050 1142//1142 1051//1051 968//968
f 1051//1051 1143//1143 1144//1144 1052//1052
f 1052//1052 1144//1144 1145//1145 1053//1053
f 1053//1053 1146//1146 1054//1054 970//970
f 1054//1054 1147//1147 1055//1055 971//971
f 1055//1055 1148//1148 1056//1056 972//972
f 1056//1056 1149//1149 1150//1150 1057//1057
f 1057//1057 1150//1150 1151//1151 1058//1058
f 1058//1058 1152//1152 1059//1059 974//974
f 1059//1059 1153//1153 1060//1060 975//975
f 1060//1060 1154//1154 1061//1061 976//976
f 1061//1061 1155//1155 1062//1062 977//977
f 1062//1062 1156//1156 1063//1063 978//978
f 1063//1063 1157//1157 1158//1158 1064//1064
f 1064//1064 1159//1159 1065//1065 979//979
f 1065//1065 1160//1160 1066//1066 980//980
f 1066//1066 1161//1161 1067//1067 981//981
f 1067//1067 1162//1162 1068//1068 982//982
f 1068//1068 1163//1163 1069//1069 983//983
f 1069//1069 1164//1164 1070//1070 984//984
f 1070//1070 1165//1165 1071//1071 985//985
f 1071//1071 1166//1166 1072//1072 986//986
f 1072//1072 1167//1167 1073//1073 987//987
f 1073//1073 1168//1168 1074//1074 988//988
f 1074//1074 1169//1169 1170//1170 989//989
f 989//989 1170//1170 1171//1171 1075//1075
f 1075//1075 1172//1172 1173//1173 1076//1076
f 1076//1076 1174//1174 1077//1077 990//990
f 1077//1077 1175//1175 1078//1078 991//991
f 1078//1078 1176//1176 1177//1177 1079//1079
f 1079//1079 1178//1178 1080//1080 992//992
f 1080//1080 1179//1179 1081//1081 993//993
f 1081//1081 1180//1180 1082//1082 994//994
f 1082//1082 1181//1181 1083//1083 995//995
f 1083//1083 1182//1182 1084//1084 996//996
f 1084//1084 1183//1183 1085//1085 997//997
f 1085//1085 1184//1184 1185//1185 998//998
f 998//998 1185//1185 1186//1186 1086//1086
f 1086//1086 1187//1187 1188//1188 1087//1087
f 1087//1087 1189//1189 1088//1088 999//999
f 1088//1088 1190//1190 1089//1089 1000//1000
f 1089//1089 1191//1191 1090//1090 1001//1001
f 1090//1090 1192//1192 1091//1091 1002//1002
f 1091//1091 1193//1193 1194//1194 1092//1092
f 1092//1092 1194//1194 1195//1195 1093//1093
f 1093//1093 1196//1196 1094//1094 1003//1003
f 1094//1094 1196//1196 1095//1095 1005//1005
f 1095//1095 1197//1197 1096//1096 1006//1006
f 1096//1096 1198//1198 1097//1097 1007//1007
f 1098//1098 1199//1199 1099//1099 1010//1010
f 1099//1099 1200//1200 1100//1100 1011//1011
f 1100//1100 1200//1200 1101//1101 1013//1013
f 1101//1101 1201//1201 1202//1202 1102//1102
f 1102//1102 1202//1202 1203//1203 1103//1103
f 1103//1103 1204//1204 1104//1104 1015//1015
f 1104//1104 1205//1205 1206//1206 1016//1016
f 1016//1016 1206//1206 1207//1207 1105//1105
f 1105//1105 1208//1208 1106//1106 1017//1017
f 1106//1106 1209//1209 1107//1107 1018//1018
f 1107//1107 1210//1210 1108//1108 1019//1019
f 1108//1108 1211//1211 1212//1212 1109//1109
f 1109//1109 1213//1213 1214//1214 1020//1020
f 1020//1020 1214//1214 1215//1215 1110//1110
f 1110//1110 1216//1216 1111//1111 1021//1021
f 1111//1111 1217//1217 1112//1112 1022//1022
f 1112//1112 1218//1218 1113//1113 1023//1023
f 1113//1113 1219//1219 1114//1114 1024//1024
f 1114//1114 1220//1220 1115//1115 1025//1025
f 1115//1115 1221//1221 1116//1116 1026//1026
f 1116//1116 1222//1222 1117//1117 1027//1027
f 1117//1117 1223//1223 1224//1224 1118//1118
f 1118//1118 1225//1225 1119//1119 1028//1028
f 1119//1119 1226//1226 1120//1120 1029//1029
f 1120//1120 1227//1227 1228//1228 1121//1121
f 1121//1121 1229//1229 1122//1122 1030//1030
f 1122//1122 1230//1230 1123//1123 1031//1031
f 1123//1123 1231//1231 1124//1124 1032//1032
f 1124//1124 1232//1232 1125//1125 1033//1033
f 1125//1125 1233//1233 1126//1126 1034//1034
f 1126//1126 1234//1234 1127//1127 1035//1035
f 1127//1127 1129//1129 1128//1128 1036//1036
f 1129//1129 1127//1127 1234//1234 1130//1130
f 1130//1130 1235//1235 1131//1131 1040//1040
f 1131//1131 1236//1236 1237//1237 1041//1041
f 1041//1041 1237//1237 1238//1238 1132//1132
f 1132//1132 1239//1239 1133//1133 1042//1042
f 1133//1133 1240//1240 1241//1241 1134//1134
f 1134//1134 1242//1242 1135//1135 1043//1043
f 1135//1135 1243//1243 1136//1136 1044//1044
f 1136//1136 1244//1244 1137//1137 1045//1045
f 1137//1137 1245//1245 1138//1138 1046//1046
f 1138//1138 1246//1246 1139//1139 1047//1047
f 1139//1139 1247//1247 1140//1140 1048//1048
f 1140//1140 1248//1248 1141//1141 1049//1049
f 1141//1141 1249//1249 1142//1142 1050//1050
f 1142//1142 1250//1250 1143//1143 1051//1051
f 1143//1143 1251//1251 1252//1252 1144//1144
f 1144//1144 1252//1252 1253//1253 1145//1145
f 1145//1145 1254//1254 1146//1146 1053//1053
f 1146//1146 1255//1255 1147//1147 1054//1054
f 1147//1147 1256//1256 1148//1148 1055//1055
f 1148//1148 1257//1257 1149//1149 1056//1056
f 1149//1149 1258//1258 1259//1259 1150//1150
f 1150//1150 1259//1259 1260//1260 1151//1151
f 1151//1151 1261//1261 1152//1152 1058//1058
f 1152//1152 1262//1262 1153//1153 1059//1059
f 1153//1153 1263//1263 1154//1154 1060//1060
f 1154//1154 1264//1264 1155//1155 1061//1061
f 1155//1155 1265//1265 1156//1156 1062//1062
f 1156//1156 1266//1266 1157//1157 1063//1063
f 1157//1157 1267//1267 1268//1268 1158//1158
f 1158//1158 1269//1269 1159//1159 1064//1064
f 1159//1159 1270//1270 1160//1160 1065//1065
f 1160//1160 1271//1271 1161//1161 1066//1066
f 1161//1161 1272//1272 1162//1162 1067//1067
f 1162//1162 1273//1273 1163//1163 1068//1068
f 1163//1163 1274//1274 1164//1164 1069//1069
f 1164//1164 1275//1275 1165//1165 1070//1070
f 1165//1165 1276//1276 1166//1166 1071//1071
f 1166//1166 1277//1277 1167//1167 1072//1072
f 1167//1167 1278//1278 1168//1168 1073//1073
f 1168//1168 1279//1279 1169//1169 1074//1074
f 1169//1169 1280//1280 1281//1281 1170//1170
f 1170//1170 1281//1281 1282//1282 1171//1171
f 1171//1171 1283//1283 1172//1172 1075//1075
f 1172//1172 1284//1284 1285//1285 1173//1173
f 1173//1173 1286//1286 1174//1174 1076//1076
f 1174//1174 1287//1287 1175//1175 1077//1077
f 1175//1175 1288//1288 1176//1176 1078//1078
f 1176//1176 1289//1289 1290//1290 1177//1177
f 1177//1177 1291//1291 1178//1178 1079//1079
f 1178//1178 1292//1292 1179//1179 1080//1080
f 1179//1179 1293//1293 1180//1180 1081//1081
f 1180//1180 1294//1294 1181//1181 1082//1082
f 1181//1181 1295//1295 1182//1182 1083//1083
f 1182//1182 1296//1296 1183//1183 1084//1084
f 1183//1183 1297//1297 1184//1184 1085//1085
f 1184//1184 1298//1298 1299//1299 1185//1185
f 1185//1185 1299//1299 1300//1300 1186//1186
f 1186//1186 1301//1301 1187//1187 1086//1086
f 1187//1187 1302//1302 1303//1303 1188//1188
f 1188//1188 1304//1304 1189//1189 1087//1087
f 1189//1189 1305//1305 1190//1190 1088//1088
f 1190//1190 1306//1306 1191//1191 1089//1089
f 1191//1191 1307//1307 1308//1308 1090//1090
f 1090//1090 1308//1308 1309//1309 1192//1192
f 1192//1192 1310//1310 1193//1193 1091//1091
f 1193//1193 1311//1311 1312//1312 1194//1194
f 1194//1194 1312//1312 1313//1313 1195//1195
f 1195//1195 1314//1314 1196//1196 1093//1093
f 1196//1196 1314//1314 1197//1197 1095//1095
f 1197//1197 1315//1315 1198//1198 1096//1096
f 1199//1199 1316//1316 1200//1200 1099//1099
f 1200//1200 1316//1316 1201//1201 1101//1101
f 1203//1203 1317//1317 1204//1204 1103//1103
f 1204//1204 1318//1318 1205//1205 1104//1104
f 1205//1205 1319//1319 1320//1320 1206//1206
f 1206//1206 1320//1320 1321//1321 1207//1207
f 1207//1207 1322//1322 1208//1208 1105//1105
f 1208//1208 1323//1323 1209//1209 1106//1106
f 1209//1209 1324//1324 1210//1210 1107//1107
f 1210//1210 1325//1325 1211//1211 1108//1108
f 1211//1211 1326//1326 1327//1327 1212//1212
f 1212//1212 1328//1328 1213//1213 1109//1109
f 1213//1213 1329//1329 1330//1330 1214//1214
f 1214//1214 1330//1330 1331//1331 1215//1215
f 1215//1215 1332//1332 1216//1216 1110//1110
f 1216//1216 1333//1333 1217//1217 1111//1111
f 1217//1217 1334//1334 1218//1218 1112//1112
f 1218//1218 1335//1335 1219//1219 1113//1113
f 1219//1219 1336//1336 1220//1220 1114//1114
f 1220//1220 1337//1337 1221//1221 1115//1115
f 1221//1221 1338//1338 1222//1222 1116//1116
f 1222//1222 1339//1339 1223//1223 1117//1117
f 1223//1223 1340//1340 1341//1341 1224//1224
f 1224//1224 1342//1342 1225//1225 1118//1118
f 1225//1225 1343//1343 1226//1226 1119//1119
f 1226//1226 1344//1344 1227//1227 1120//1120
f 1227//1227 1345//1345 1346//1346 1228//1228
f 1228//1228 1347//1347 1229//1229 1121//1121
f 1229//1229 1348//1348 1230//1230 1122//1122
f 1230//1230 1349//1349 1231//1231 1123//1123
f 1231//1231 1350//1350 1232//1232 1124//1124
f 1232//1232 1351//1351 1233//1233 1125//1125
f 1233//1233 1352//1352 1234//1234 1126//1126
f 1234//1234 1352//1352 1235//1235 1130//1130
f 1235//1235 1353//1353 1236//1236 1131//1131
f 1236//1236 1353//1353 1354//1354 1237//1237
f 1237//1237 1354//1354 1355//1355 1238//1238
f 1238//1238 1356//1356 1239//1239 1132//1132
f 1239//1239 1357//1357 1240//1240 1133//1133
f 1240//1240 1358//1358 1359//1359 1241//1241
f 1241//1241 1360//1360 1242//1242 1134//1134
f 1242//1242 1361//1361 1243//1243 1135//1135
f 1243//1243 1362//1362 1244//1244 1136//1136
f 1244//1244 1363//1363 1245//1245 1137//1137
f 1245//1245 1364//1364 1246//1246 1138//1138
f 1246//1246 1365//1365 1247//1247 1139//1139
f 1247//1247 1366//1366 1248//1248 1140//1140
f 1248//1248 1367//1367 1249//1249 1141//1141
f 1249//1249 1368//1368 1250//1250 1142//1142
f 1250//1250 1369//1369 1251//1251 1143//1143
f 1251//1251 1370//1370 1371//1371 1252//1252
f 1252//1252 1371//1371 1372//1372 1253//1253
f 1253//1253 1373//1373 1254//1254 1145//1145
f 1254//1254 1374//1374 1255//1255 1146//1146
f 1255//1255 1375//1375 1256//1256 1147//1147
f 1256//1256 1376//1376 1257//1257 1148//1148
f 1257//1257 1377//1377 1258//1258 1149//1149
f 1258//1258 1378//1378 1379//1379 1259//1259
f 1259//1259 1379//1379 1380//1380 1260//1260
f 1260//1260 1381//1381 1261//1261 1151//1151
f 1261//1261 1382//1382 1262//1262 1152//1152
f 1262//1262 1383//1383 1263//1263 1153//1153
f 1263//1263 1384//1384 1264//1264 1154//1154
f 1264//1264 1385//1385 1265//1265 1155//1155
f 1265//1265 1386//1386 1266//1266 1156//1156
f 1266//1266 1387//1387 1267//1267 1157//1157
f 1267//1267 1388//1388 1389//1389 1268//1268
f 1268//1268 1390//1390 1269//1269 1158//1158
f 1269//1269 1391//1391 1270//1270 1159//1159
f 1270//1270 1392//1392 1271//1271 1160//1160
f 1271//1271 1393//1393 1272//1272 1161//1161
f 1272//1272 1394//1394 1273//1273 1162//1162
f 1273//1273 1395//1395 1274//1274 1163//1163
f 1274//1274 1396//1396 1275//1275 1164//1164
f 1275//1275 1397//1397 1276//1276 1165//1165
f 1276//1276 1398//1398 1277//1277 1166//1166
f 1277//1277 1399//1399 1278//1278 1167//1167
f 1278//1278 1400//1400 1279//1279 1168//1168
f 1279//1279 1401//1401 1280//1280 1169//1169
f 1280//1280 1402//1402 1403//1403 1281//1281
f 1281//1281 1404//1404 1405//1405 1282//1282
f 1282//1282 1406//1406 1283//1283 1171//1171
f 1283//1283 1407//1407 1284//1284 1172//1172
f 1284//1284 1408//1408 1409//1409 1285//1285
f 1285//1285 1410//1410 1286//1286 1173//1173
f 1286//1286 1411//1411 1287//1287 1174//1174
f 1287//1287 1411//1411 1288//1288 1175//1175
f 1288//1288 1412//1412 1289//1289 1176//1176
f 1289//1289 1413//1413 1414//1414 1290//1290
f 1290//1290 1415//1415 1291//1291 1177//1177
f 1291//1291 1416//1416 1292//1292 1178//1178
f 1292//1292 1417//1417 1293//1293 1179//1179
f 1293//1293 1418//1418 1294//1294 1180//1180
f 1294//1294 1419//1419 1295//1295 1181//1181
f 1295//1295 1420//1420 1296//1296 1182//1182
f 1296//1296 1421//1421 1297//1297 1183//1183
f 1297//1297 1422//1422 1298//1298 1184//1184
f 1298//1298 1422//1422 1423//1423 1299//1299
f 1299//1299 1423//1423 1424//1424 1300//1300
f 1300//1300 1425//1425 1301//1301 1186//1186
f 1301//1301 1426//1426 1302//1302 1187//1187
f 1302//1302 1427//1427 1428//1428 1303//1303
f 1303//1303 1429//1429 1304//1304 1188//1188
f 1304//1304 1430//1430 1305//1305 1189//1189
f 1305//1305 1431//1431 1306//1306 1190//1190
f 1306//1306 1432//1432 1307//1307 1191//1191
f 1307//1307 1433//1433 1434//1434 1308//1308
f 1308//1308 1434//1434 1435//1435 1309//1309
f 1309//1309 1436//1436 1310//1310 1192//1192
f 1310//1310 1437//1437 1311//1311 1193//1193
f 1313//1313 1438//1438 1314//1314 1195//1195
f 1314//1314 1438//1438 1315//1315 1197//1197
f 1317//1317 1439//1439 1318//1318 1204//1204
f 1318//1318 1440//1440 1319//1319 1205//1205
f 1319//1319 1441//1441 1442//1442 1320//1320
f 1320//1320 1442//1442 1443//1443 1321//1321
f 1321//1321 1444//1444 1322//1322 1207//1207
f 1322//1322 1445//1445 1323//1323 1208//1208
f 1323//1323 1446//1446 1324//1324 1209//1209
f 1324//1324 1447//1447 1325//1325 1210//1210
f 1325//1325 1448//1448 1326//1326 1211//1211
f 1326//1326 1449//1449 1450//1450 1327//1327
f 1327//1327 1451//1451 1328//1328 1212//1212
f 1328//1328 1452//1452 1329//1329 1213//1213
f 1329//1329 1453//1453 1454//1454 1330//1330
f 1330//1330 1454//1454 1455//1455 1331//1331
f 1331//1331 1456//1456 1332//1332 1215//1215
f 1332//1332 1457//1457 1333//1333 1216//1216
f 1333//1333 1458//1458 1334//1334 1217//1217
f 1334//1334 1459//1459 1335//1335 1218//1218
f 1335//1335 1460//1460 1336//1336 1219//1219
f 1336//1336 1461//1461 1337//1337 1220//1220
f 1337//1337 1462//1462 1338//1338 1221//1221
f 1338//1338 1463//1463 1339//1339 1222//1222
f 1339//1339 1464//1464 1340//1340 1223//1223
f 1340//1340 1465//1465 1466//1466 1341//1341
f 1341//1341 1467//1467 1342//1342 1224//1224
f 1342//1342 1468//1468 1343//1343 1225//1225
f 1343//1343 1469//1469 1344//1344 1226//1226
f 1344//1344 1470//1470 1345//1345 1227//1227
f 1345//1345 1471//1471 1472//1472 1346//1346
f 1346//1346 1473//1473 1347//1347 1228//1228
f 1347//1347 1474//1474 1348//1348 1229//1229
f 1348//1348 1475//1475 1349//1349 1230//1230
f 1349//1349 1476//1476 1350//1350 1231//1231
f 1350//1350 1477//1477 1351//1351 1232//1232
f 1351//1351 1478//1478 1352//1352 1233//1233
f 1352//1352 1478//1478 1353//1353 1235//1235
f 1353//1353 1478//1478 1479//1479 1354//1354
f 1354//1354 1479//1479 1480//1480 1355//1355
f 1355//1355 1481//1481 1356//1356 1238//1238
f 1356//1356 1482//1482 1357//1357 1239//1239
f 1357//1357 1483//1483 1358//1358 1240//1240
f 1358//1358 1484//1484 1485//1485 1359//1359
f 1359//1359 1486//1486 1360//1360 1241//1241
f 1360//1360 1487//1487 1361//1361 1242//1242
f 1361//1361 1488//1488 1362//1362 1243//1243
f 1362//1362 1489//1489 1363//1363 1244//1244
f 1363//1363 1490//1490 1364//1364 1245//1245
f 1364//1364 1491//1491 1365//1365 1246//1246
f 1365//1365 1492//1492 1366//1366 1247//1247
f 1366//1366 1493//1493 1367//1367 1248//1248
f 1367//1367 1494//1494 1368//1368 1249//1249
f 1368//1368 1495//1495 1369//1369 1250//1250
f 1369//1369 1496//1496 1370//1370 1251//1251
f 1370//1370 1497//1497 1498//1498 1371//1371
f 1371//1371 1498//1498 1499//1499 1372//1372
f 1372//1372 1500//1500 1373//1373 1253//1253
f 1373//1373 1501//1501 1374//1374 1254//1254
f 1374//1374 1502//1502 1375//1375 1255//1255
f 1375//1375 1503//1503 1376//1376 1256//1256
f 1376//1376 1504//1504 1377//1377 1257//1257
f 1377//1377 1505//1505 1378//1378 1258//1258
f 1378//1378 1506//1506 1507//1507 1379//1379
f 1379//1379 1507//1507 1508//1508 1380//1380
f 1380//1380 1509//1509 1381//1381 1260//1260
f 1381//1381 1510//1510 1382//1382 1261//1261
f 1382//1382 1511//1511 1383//1383 1262//1262
f 1383//1383 1512//1512 1384//1384 1263//1263
f 1384//1384 1513//1513 1385//1385 1264//1264
f 1385//1385 1514//1514 1386//1386 1265//1265
f 1386//1386 1515//1515 1387//1387 1266//1266
f 1387//1387 1516//1516 1388//1388 1267//1267
f 1388//1388 1517//1517 1518//1518 1389//1389
f 1389//1389 1519//1519 1390//1390 1268//1268
f 1390//1390 1520//1520 1391//1391 1269//1269
f 1391//1391 1521//1521 1392//1392 1270//1270
f 1392//1392 1522//1522 1393//1393 1271//1271
f 1393//1393 1523//1523 1394//1394 1272//1272
f 1394//1394 1524//1524 1395//1395 1273//1273
f 1395//1395 1525//1525 1396//1396 1274//1274
f 1396//1396 1526//1526 1397//1397 1275//1275
f 1397//1397 1527//1527 1398//1398 1276//1276
f 1398//1398 1528//1528 1399//1399 1277//1277
f 1399//1399 1529//1529 1400//1400 1278//1278
f 1400//1400 1530//1530 1401//1401 1279//1279
f 1401//1401 1531//1531 1402//1402 1280//1280
f 1402//1402 1532//1532 1533//1533 1403//1403
f 1403//1403 1534//1534 1404//1404 1281//1281
f 1404//1404 1534//1534 1535//1535 1405//1405
f 1405//1405 1536//1536 1406//1406 1282//1282
f 1406//1406 1537//1537 1407//1407 1283//1283
f 1407//1407 1538//1538 1408//1408 1284//1284
f 1408//1408 1539//1539 1540//1540 1409//1409
f 1409//1409 1541//1541 1410//1410 1285//1285
f 1410//1410 1542//1542 1411//1411 1286//1286
f 1411//1411 1542//1542 1412//1412 1288//1288
f 1412//1412 1543//1543 1413//1413 1289//1289
f 1413//1413 1544//1544 1545//1545 1414//1414
f 1414//1414 1546//1546 1415//1415 1290//1290
f 1415//1415 1547//1547 1416//1416 1291//1291
f 1416//1416 1548//1548 1417//1417 1292//1292
f 1417//1417 1549//1549 1418//1418 1293//1293
f 1418//1418 1550//1550 1419//1419 1294//1294
f 1419//1419 1551//1551 1420//1420 1295//1295
f 1420//1420 1552//1552 1421//1421 1296//1296
f 1421//1421 1553//1553 1422//1422 1297//1297
f 1422//1422 1553//1553 1554//1554 1423//1423
f 1423//1423 1554//1554 1555//1555 1424//1424
f 1424//1424 1556//1556 1425//1425 1300//1300
f 1425//1425 1557//1557 1426//1426 1301//1301
f 1426//1426 1558//1558 1427//1427 1302//1302
f 1427//1427 1559//1559 1560//1560 1428//1428
f 1428//1428 1561//1561 1429//1429 1303//1303
f 1429//1429 1562//1562 1430//1430 1304//1304
f 1430//1430 1563//1563 1431//1431 1305//1305
f 1431//1431 1564//1564 1432//1432 1306//1306
f 1432//1432 1565//1565 1433//1433 1307//1307
f 1433//1433 1566//1566 1567//1567 1434//1434
f 1434//1434 1567//1567 1568//1568 1435//1435
f 1435//1435 1569//1569 1436//1436 1309//1309
f 1436//1436 1570//1570 1437//1437 1310//1310
f 1439//1439 1571//1571 1440//1440 1318//1318
f 1440//1440 1572//1572 1441//1441 1319//1319
f 1441//1441 1573//1573 1574//1574 1442//1442
f 1442//1442 1574//1574 1575//1575 1443//1443
f 1443//1443 1576//1576 1444//1444 1321//1321
f 1444//1444 1576//1576 1445//1445 1322//1322
f 1445//1445 1577//1577 1446//1446 1323//1323
f 1446//1446 1578//1578 1447//1447 1324//1324
f 1447//1447 1579//1579 1448//1448 1325//1325
f 1448//1448 1580//1580 1449//1449 1326//1326
f 1449//1449 1581//1581 1582//1582 1450//1450
f 1450//1450 1583//1583 1451//1451 1327//1327
f 1451//1451 1584//1584 1452//1452 1328//1328
f 1452//1452 1585//1585 1453//1453 1329//1329
f 1453//1453 1586//1586 1587//1587 1454//1454
f 1454//1454 1587//1587 1588//1588 1455//1455
f 1455//1455 1589//1589 1456//1456 1331//1331
f 1456//1456 1590//1590 1457//1457 1332//1332
f 1457//1457 1591//1591 1458//1458 1333//1333
f 1458//1458 1592//1592 1459//1459 1334//1334
f 1459//1459 1593//1593 1460//1460 1335//1335
f 1460//1460 1594//1594 1461//1461 1336//1336
f 1461//1461 1595//1595 1462//1462 1337//1337
f 1462//1462 1596//1596 1463//1463 1338//1338
f 1463//1463 1597//1597 1464//1464 1339//1339
f 1464//1464 1598//1598 1465//1465 1340//1340
f 1465//1465 1599//1599 1600//1600 1466//1466
f 1466//1466 1601//1601 1467//1467 1341//1341
f 1467//1467 1602//1602 1468//1468 1342//1342
f 1468//1468 1603//1603 1469//1469 1343//1343
f 1469//1469 1604//1604 1470//1470 1344//1344
f 1470//1470 1605//1605 1471//1471 1345//1345
f 1471//1471 1606//1606 1607//1607 1472//1472
f 1472//1472 1608//1608 1473//1473 1346//1346
f 1473//1473 1609//1609 1474//1474 1347//1347
f 1474//1474 1610//1610 1475//1475 1348//1348
f 1475//1475 1611//1611 1476//1476 1349//1349
f 1476//1476 1612//1612 1477//1477 1350//1350
f 1477//1477 1479//1479 1478//1478 1351//1351
f 1479//1479 1477//1477 1612//1612 1480//1480
f 1480//1480 1613//1613 1481//1481 1355//1355
f 1481//1481 1613//1613 1482//1482 1356//1356
f 1482//1482 1614//1614 1483//1483 1357//1357
f 1483//1483 1610//1610 1484//1484 1358//1358
f 1484//1484 1609//1609 1615//1615 1485//1485
f 1485//1485 1616//1616 1486//1486 1359//1359
f 1486//1486 1617//1617 1487//1487 1360//1360
f 1487//1487 1618//1618 1488//1488 1361//1361
f 1488//1488 1619//1619 1489//1489 1362//1362
f 1489//1489 1620//1620 1490//1490 1363//1363
f 1490//1490 1621//1621 1491//1491 1364//1364
f 1491//1491 1622//1622 1492//1492 1365//1365
f 1492//1492 1623//1623 1493//1493 1366//1366
f 1493//1493 1624//1624 1494//1494 1367//1367
f 1494//1494 1625//1625 1495//1495 1368//1368
f 1495//1495 1626//1626 1496//1496 1369//1369
f 1496//1496 1627//1627 1497//1497 1370//1370
f 1497//1497 1628//1628 1629//1629 1498//1498
f 1498//1498 1629//1629 1630//1630 1499//1499
f 1499//1499 1631//1631 1500//1500 1372//1372
f 1500//1500 1632//1632 1501//1501 1373//1373
f 1501//1501 1633//1633 1502//1502 1374//1374
f 1502//1502 1634//1634 1503//1503 1375//1375
f 1503//1503 1635//1635 1504//1504 1376//1376
f 1504//1504 1636//1636 1505//1505 1377//1377
f 1505//1505 1637//1637 1506//1506 1378//1378
f 1506//1506 1638//1638 1639//1639 1507//1507
f 1507//1507 1639//1639 1640//1640 1508//1508
f 1508//1508 1641//1641 1509//1509 1380//1380
f 1509//1509 1642//1642 1510//1510 1381//1381
f 1510//1510 1643//1643 1511//1511 1382//1382
f 1511//1511 1644//1644 1512//1512 1383//1383
f 1512//1512 1645//1645 1513//1513 1384//1384
f 1513//1513 1646//1646 1514//1514 1385//1385
f 1514//1514 1647//1647 1515//1515 1386//1386
f 1515//1515 1648//1648 1516//1516 1387//1387
f 1516//1516 1649//1649 1517//1517 1388//1388
f 1517//1517 1650//1650 1651//1651 1518//1518
f 1518//1518 1652//1652 1519//1519 1389//1389
f 1519//1519 1653//1653 1520//1520 1390//1390
f 1520//1520 1654//1654 1521//1521 1391//1391
f 1521//1521 1655//1655 1522//1522 1392//1392
f 1522//1522 1656//1656 1523//1523 1393//1393
f 1523//1523 1657//1657 1524//1524 1394//1394
f 1524//1524 1658//1658 1525//1525 1395//1395
f 1525//1525 1659//1659 1526//1526 1396//1396
f 1526//1526 1660//1660 1527//1527 1397//1397
f 1527//1527 1661//1661 1528//1528 1398//1398
f 1528//1528 1662//1662 1529//1529 1399//1399
f 1529//1529 1663//1663 1530//1530 1400//1400
f 1530//1530 1664//1664 1531//1531 1401//1401
f 1531//1531 1665//1665 1532//1532 1402//1402
f 1532//1532 1666//1666 1667//1667 1533//1533
f 1533//1533 1668//1668 1534//1534 1403//1403
f 1534//1534 1668//1668 1669//1669 1535//1535
f 1535//1535 1670//1670 1536//1536 1405//1405
f 1536//1536 1671//1671 1537//1537 1406//1406
f 1537//1537 1672//1672 1538//1538 1407//1407
f 1538//1538 1673//1673 1539//1539 1408//1408
f 1539//1539 1674//1674 1675//1675 1540//1540
f 1540//1540 1676//1676 1541//1541 1409//1409
f 1541//1541 1677//1677 1542//1542 1410//1410
f 1542//1542 1677//1677 1543//1543 1412//1412
f 1543//1543 1678//1678 1544//1544 1413//1413
f 1544//1544 1679//1679 1680//1680 1545//1545
f 1545//1545 1680//1680 1681//1681 1546//1546 1414//1414
f 1546//1546 1682//1682 1547//1547 1415//1415
f 1547//1547 1683//1683 1548//1548 1416//1416
f 1548//1548 1684//1684 1549//1549 1417//1417
f 1549//1549 1685//1685 1550//1550 1418//1418
f 1550//1550 1686//1686 1551//1551 1419//1419
f 1551//1551 1687//1687 1552//1552 1420//1420
f 1552//1552 1688//1688 1553//1553 1421//1421
f 1553//1553 1688//1688 1689//1689 1554//1554
f 1554//1554 1689//1689 1690//1690 1555//1555
f 1555//1555 1691//1691 1556//1556 1424//1424
f 1556//1556 1692//1692 1557//1557 1425//1425
f 1557//1557 1693//1693 1558//1558 1426//1426
f 1558//1558 1694//1694 1559//1559 1427//1427
f 1559//1559 1582//1582 1581//1581 1560//1560
f 1560//1560 1695//1695 1561//1561 1428//1428
f 1561//1561 1696//1696 1562//1562 1429//1429
f 1562//1562 1697//1697 1563//1563 1430//1430
f 1563//1563 1698//1698 1564//1564 1431//1431
f 1564//1564 1699//1699 1565//1565 1432//1432
f 1565//1565 1699//1699 1566//1566 1433//1433
f 1566//1566 1700//1700 1701//1701 1567//1567
f 1567//1567 1701//1701 1702//1702 1568//1568
f 1568//1568 1703//1703 1569//1569 1435//1435
f 1569//1569 1704//1704 1570//1570 1436//1436
f 1571//1571 1705//1705 1572//1572 1440//1440
f 1572//1572 1706//1706 1573//1573 1441//1441
f 1573//1573 1707//1707 1708//1708 1574//1574
f 1574//1574 1708//1708 1709//1709 1575//1575
f 1575//1575 1710//1710 1576//1576 1443//1443
f 1576//1576 1710//1710 1577//1577 1445//1445
f 1577//1577 1711//1711 1578//1578 1446//1446
f 1578//1578 1712//1712 1579//1579 1447//1447
f 1579//1579 1713//1713 1580//1580 1448//1448
f 1580//1580 1714//1714 1581//1581 1449//1449
f 1582//1582 1715//1715 1583//1583 1450//1450
f 1583//1583 1716//1716 1584//1584 1451//1451
f 1584//1584 1717//1717 1585//1585 1452//1452
f 1585//1585 1718//1718 1586//1586 1453//1453
f 1586//1586 1719//1719 1720//1720 1587//1587
f 1587//1587 1720//1720 1721//1721 1588//1588
f 1588//1588 1722//1722 1589//1589 1455//1455
f 1589//1589 1723//1723 1590//1590 1456//1456
f 1590//1590 1724//1724 1591//1591 1457//1457
f 1591//1591 1725//1725 1592//1592 1458//1458
f 1592//1592 1726//1726 1593//1593 1459//1459
f 1593//1593 1727//1727 1594//1594 1460//1460
f 1594//1594 1728//1728 1595//1595 1461//1461
f 1595//1595 1729//1729 1596//1596 1462//1462
f 1596//1596 1730//1730 1597//1597 1463//1463
f 1597//1597 1731//1731 1598//1598 1464//1464
f 1598//1598 1732//1732 1599//1599 1465//1465
f 1599//1599 1732//1732 1733//1733 1600//1600
f 1600//1600 1734//1734 1601//1601 1466//1466
f 1601//1601 1735//1735 1602//1602 1467//1467
f 1602//1602 1736//1736 1603//1603 1468//1468
f 1603//1603 1737//1737 1604//1604 1469//1469
f 1604//1604 1738//1738 1605//1605 1470//1470
f 1605//1605 1739//1739 1740//1740 1471//1471
f 1471//1471 1740//1740 1741//1741 1606//1606
f 1606//1606 1742//1742 1743//1743 1607//1607
f 1607//1607 1744//1744 1608//1608 1472//1472
f 1608//1608 1615//1615 1609//1609 1473//1473
f 1609//1609 1484//1484 1610//1610 1474//1474
f 1610//1610 1745//1745 1611//1611 1475//1475
f 1611//1611 1746//1746 1612//1612 1476//1476
f 1612//1612 1746//1746 1613//1613 1480//1480
f 1613//1613 1746//1746 1614//1614 1482//1482
f 1614//1614 1745//1745 1610//1610 1483//1483
f 1615//1615 1747//1747 1616//1616 1485//1485
f 1616//1616 1748//1748 1617//1617 1486//1486
f 1617//1617 1749//1749 1618//1618 1487//1487
f 1618//1618 1750//1750 1619//1619 1488//1488
f 1619//1619 1751//1751 1620//1620 1489//1489
f 1620//1620 1752//1752 1621//1621 1490//1490
f 1621//1621 1753//1753 1622//1622 1491//1491
f 1622//1622 1754//1754 1623//1623 1492//1492
f 1623//1623 1755//1755 1624//1624 1493//1493
f 1624//1624 1756//1756 1625//1625 1494//1494
f 1625//1625 1757//1757 1626//1626 1495//1495
f 1626//1626 1758//1758 1627//1627 1496//1496
f 1627//1627 1759//1759 1628//1628 1497//1497
f 1628//1628 1760//1760 1761//1761 1629//1629
f 1629//1629 1761//1761 1762//1762 1630//1630
f 1630//1630 1763//1763 1631//1631 1499//1499
f 1631//1631 1764//1764 1632//1632 1500//1500
f 1632//1632 1765//1765 1633//1633 1501//1501
f 1633//1633 1766//1766 1634//1634 1502//1502
f 1634//1634 1767//1767 1635//1635 1503//1503
f 1635//1635 1768//1768 1636//1636 1504//1504
f 1636//1636 1769//1769 1637//1637 1505//1505
f 1637//1637 1770//1770 1638//1638 1506//1506
f 1638//1638 1771//1771 1772//1772 1639//1639
f 1639//1639 1772//1772 1773//1773 1640//1640
f 1640//1640 1774//1774 1641//1641 1508//1508
f 1641//1641 1775//1775 1642//1642 1509//1509
f 1642//1642 1776//1776 1643//1643 1510//1510
f 1643//1643 1777//1777 1644//1644 1511//1511
f 1644//1644 1778//1778 1645//1645 1512//1512
f 1645//1645 1779//1779 1646//1646 1513//1513
f 1646//1646 1780//1780 1647//1647 1514//1514
f 1647//1647 1781//1781 1648//1648 1515//1515
f 1648//1648 1782//1782 1649//1649 1516//1516
f 1649//1649 1783//1783 1650//1650 1517//1517
f 1650//1650 1784//1784 1785//1785 1651//1651
f 1651//1651 1786//1786 1652//1652 1518//1518
f 1652//1652 1787//1787 1653//1653 1519//1519
f 1653//1653 1788//1788 1789//1789 1520//1520
f 1520//1520 1789//1789 1790//1790 1654//1654
f 1654//1654 1791//1791 1655//1655 1521//1521
f 1655//1655 1792//1792 1656//1656 1522//1522
f 1656//1656 1793//1793 1657//1657 1523//1523
f 1657//1657 1794//1794 1658//1658 1524//1524
f 1658//1658 1795//1795 1659//1659 1525//1525
f 1659//1659 1796//1796 1660//1660 1526//1526
f 1660//1660 1797//1797 1798//1798 1661//1661 1527//1527
f 1661//1661 1799//1799 1662//1662 1528//1528
f 1662//1662 1800//1800 1663//1663 1529//1529
f 1663//1663 1801//1801 1664//1664 1530//1530
f 1664//1664 1802//1802 1665//1665 1531//1531
f 1665//1665 1803//1803 1666//1666 1532//1532
f 1666//1666 1804//1804 1805//1805 1667//1667
f 1667//1667 1669//1669 1668//1668 1533//1533
f 1669//1669 1806//1806 1670//1670 1535//1535
f 1670//1670 1807//1807 1671//1671 1536//1536
f 1671//1671 1808//1808 1672//1672 1537//1537
f 1672//1672 1809//1809 1673//1673 1538//1538
f 1673//1673 1810//1810 1674//1674 1539//1539
f 1674//1674 1811//1811 1812//1812 1675//1675
f 1675//1675 1813//1813 1676//1676 1540//1540
f 1676//1676 1814//1814 1677//1677 1541//1541
f 1677//1677 1814//1814 1678//1678 1543//1543
f 1678//1678 1815//1815 1679//1679 1544//1544
f 1679//1679 1816//1816 1817//1817 1680//1680
f 1680//1680 1817//1817 1818//1818 1681//1681
f 1681//1681 1819//1819 1682//1682 1546//1546
f 1682//1682 1820//1820 1821//1821 1547//1547
f 1547//1547 1821//1821 1822//1822 1683//1683
f 1683//1683 1823//1823 1684//1684 1548//1548
f 1684//1684 1824//1824 1685//1685 1549//1549
f 1685//1685 1825//1825 1686//1686 1550//1550
f 1686//1686 1826//1826 1687//1687 1551//1551
f 1687//1687 1827//1827 1688//1688 1552//1552
f 1688//1688 1827//1827 1828//1828 1689//1689
f 1689//1689 1828//1828 1829//1829 1690//1690
f 1690//1690 1830//1830 1691//1691 1555//1555
f 1691//1691 1831//1831 1692//1692 1556//1556
f 1692//1692 1832//1832 1693//1693 1557//1557
f 1693//1693 1833//1833 1694//1694 1558//1558
f 1694//1694 1715//1715 1582//1582 1559//1559
f 1581//1581 1714//1714 1695//1695 1560//1560
f 1695//1695 1834//1834 1696//1696 1561//1561
f 1696//1696 1835//1835 1697//1697 1562//1562
f 1697//1697 1836//1836 1698//1698 1563//1563
f 1698//1698 1837//1837 1699//1699 1564//1564
f 1699//1699 1837//1837 1700//1700 1566//1566
f 1700//1700 1838//1838 1839//1839 1701//1701
f 1701//1701 1839//1839 1840//1840 1702//1702
f 1702//1702 1841//1841 1703//1703 1568//1568
f 1703//1703 1842//1842 1704//1704 1569//1569
f 1705//1705 1843//1843 1706//1706 1572//1572
f 1706//1706 1844//1844 1707//1707 1573//1573
f 1707//1707 1845//1845 1846//1846 1708//1708
f 1708//1708 1846//1846 1847//1847 1709//1709
f 1709//1709 1848//1848 1710//1710 1575//1575
f 1710//1710 1848//1848 1711//1711 1577//1577
f 1711//1711 1849//1849 1712//1712 1578//1578
f 1712//1712 1850//1850 1713//1713 1579//1579
f 1713//1713 1851//1851 1714//1714 1580//1580
f 1715//1715 1852//1852 1716//1716 1583//1583
f 1716//1716 1853//1853 1717//1717 1584//1584
f 1717//1717 1854//1854 1718//1718 1585//1585
f 1718//1718 1855//1855 1719//1719 1586//1586
f 1719//1719 1856//1856 1857//1857 1720//1720
f 1720//1720 1857//1857 1858//1858 1721//1721
f 1721//1721 1859//1859 1722//1722 1588//1588
f 1722//1722 1860//1860 1723//1723 1589//1589
f 1723//1723 1861//1861 1724//1724 1590//1590
f 1724//1724 1862//1862 1725//1725 1591//1591
f 1725//1725 1863//1863 1726//1726 1592//1592
f 1726//1726 1864//1864 1727//1727 1593//1593
f 1727//1727 1865//1865 1728//1728 1594//1594
f 1728//1728 1866//1866 1729//1729 1595//1595
f 1729//1729 1867//1867 1730//1730 1596//1596
f 1730//1730 1868//1868 1869//1869 1597//1597
f 1597//1597 1869//1869 1870//1870 1731//1731
f 1731//1731 1871//1871 1732//1732 1598//1598
f 1732//1732 1871//1871 1872//1872 1733//1733
f 1733//1733 1873//1873 1734//1734 1600//1600
f 1734//1734 1874//1874 1735//1735 1601//1601
f 1735//1735 1875//1875 1736//1736 1602//1602
f 1736//1736 1876//1876 1737//1737 1603//1603
f 1737//1737 1877//1877 1738//1738 1604//1604
f 1738//1738 1878//1878 1739//1739 1605//1605
f 1739//1739 1879//1879 1880//1880 1740//1740
f 1740//1740 1880//1880 1881//1881 1741//1741
f 1741//1741 1882//1882 1742//1742 1606//1606
f 1742//1742 1883//1883 1884//1884 1743//1743
f 1743//1743 1885//1885 1744//1744 1607//1607
f 1744//1744 1747//1747 1615//1615 1608//1608
f 1745//1745 1614//1614 1746//1746 1611//1611
f 1747//1747 1886//1886 1748//1748 1616//1616
f 1748//1748 1887//1887 1749//1749 1617//1617
f 1749//1749 1888//1888 1750//1750 1618//1618
f 1750//1750 1889//1889 1751//1751 1619//1619
f 1751//1751 1890//1890 1752//1752 1620//1620
f 1752//1752 1891//1891 1753//1753 1621//1621
f 1753//1753 1892//1892 1754//1754 1622//1622
f 1754//1754 1893//1893 1755//1755 1623//1623
f 1755//1755 1894//1894 1756//1756 1624//1624
f 1756//1756 1895//1895 1757//1757 1625//1625
f 1757//1757 1896//1896 1758//1758 1626//1626
f 1758//1758 1897//1897 1759//1759 1627//1627
f 1759//1759 1898//1898 1760//1760 1628//1628
f 1760//1760 1899//1899 1900//1900 1761//1761
f 1761//1761 1900//1900 1901//1901 1762//1762
f 1762//1762 1902//1902 1763//1763 1630//1630
f 1763//1763 1903//1903 1764//1764 1631//1631
f 1764//1764 1904//1904 1765//1765 1632//1632
f 1765//1765 1905//1905 1766//1766 1633//1633
f 1766//1766 1906//1906 1767//1767 1634//1634
f 1767//1767 1907//1907 1768//1768 1635//1635
f 1768//1768 1908//1908 1769//1769 1636//1636
f 1769//1769 1909//1909 1770//1770 1637//1637
f 1770//1770 1910//1910 1771//1771 1638//1638
f 1771//1771 1911//1911 1912//1912 1772//1772
f 1772//1772 1912//1912 1913//1913 1773//1773
f 1773//1773 1914//1914 1774//1774 1640//1640
f 1774//1774 1915//1915 1775//1775 1641//1641
f 1775//1775 1916//1916 1776//1776 1642//1642
f 1776//1776 1917//1917 1777//1777 1643//1643
f 1777//1777 1918//1918 1778//1778 1644//1644
f 1778//1778 1919//1919 1779//1779 1645//1645
f 1779//1779 1920//1920 1780//1780 1646//1646
f 1780//1780 1921//1921 1781//1781 1647//1647
f 1781//1781 1922//1922 1782//1782 1648//1648
f 1782//1782 1923//1923 1783//1783 1649//1649
f 1783//1783 1924//1924 1784//1784 1650//1650
f 1784//1784 1925//1925 1926//1926 1785//1785
f 1785//1785 1927//1927 1786//1786 1651//1651
f 1786//1786 1928//1928 1787//1787 1652//1652
f 1787//1787 1929//1929 1788//1788 1653//1653
f 1788//1788 1930//1930 1931//1931 1789//1789
f 1789//1789 1931//1931 1932//1932 1790//1790
f 1790//1790 1933//1933 1791//1791 1654//1654
f 1791//1791 1934//1934 1792//1792 1655//1655
f 1792//1792 1935//1935 1793//1793 1656//1656
f 1793//1793 1936//1936 1794//1794 1657//1657
f 1794//1794 1937//1937 1795//1795 1658//1658
f 1795//1795 1938//1938 1796//1796 1659//1659
f 1796//1796 1939//1939 1797//1797 1660//1660
f 1797//1797 1940//1940 1941//1941 1798//1798
f 1798//1798 1942//1942 1799//1799 1661//1661
f 1799//1799 1943//1943 1800//1800 1662//1662
f 1800//1800 1944//1944 1801//1801 1663//1663
f 1801//1801 1945//1945 1802//1802 1664//1664
f 1802//1802 1946//1946 1803//1803 1665//1665
f 1803//1803 1947//1947 1804//1804 1666//1666
f 1804//1804 1948//1948 1807//1807 1805//1805
f 1805//1805 1806//1806 1669//1669 1667//1667
f 1806//1806 1805//1805 1807//1807 1670//1670
f 1807//1807 1948//1948 1808//1808 1671//1671
f 1808//1808 1949//1949 1809//1809 1672//1672
f 1809//1809 1950//1950 1810//1810 1673//1673
f 1810//1810 1951//1951 1811//1811 1674//1674
f 1811//1811 1952//1952 1953//1953 1812//1812
f 1812//1812 1954//1954 1813//1813 1675//1675
f 1813//1813 1955//1955 1814//1814 1676//1676
f 1814//1814 1955//1955 1815//1815 1678//1678
f 1815//1815 1956//1956 1816//1816 1679//1679
f 1816//1816 1957//1957 1958//1958 1817//1817
f 1817//1817 1958//1958 1959//1959 1818//1818
f 1818//1818 1960//1960 1819//1819 1681//1681
f 1819//1819 1961//1961 1820//1820 1682//1682
f 1820//1820 1962//1962 1963//1963 1821//1821
f 1821//1821 1963//1963 1964//1964 1822//1822
f 1822//1822 1965//1965 1823//1823 1683//1683
f 1823//1823 1966//1966 1824//1824 1684//1684
f 1824//1824 1967//1967 1825//1825 1685//1685
f 1825//1825 1968//1968 1826//1826 1686//1686
f 1826//1826 1969//1969 1827//1827 1687//1687
f 1827//1827 1969//1969 1970//1970 1828//1828
f 1828//1828 1970//1970 1971//1971 1829//1829
f 1829//1829 1972//1972 1830//1830 1690//1690
f 1830//1830 1973//1973 1831//1831 1691//1691
f 1831//1831 1974//1974 1832//1832 1692//1692
f 1832//1832 1975//1975 1833//1833 1693//1693
f 1833//1833 1852//1852 1715//1715 1694//1694
f 1714//1714 1851//1851 1834//1834 1695//1695
f 1834//1834 1976//1976 1835//1835 1696//1696
f 1835//1835 1977//1977 1836//1836 1697//1697
f 1836//1836 1978//1978 1837//1837 1698//1698
f 1837//1837 1978//1978 1838//1838 1700//1700
f 1838//1838 1979//1979 1980//1980 1839//1839
f 1839//1839 1980//1980 1981//1981 1840//1840
f 1840//1840 1982//1982 1841//1841 1702//1702
f 1841//1841 1983//1983 1842//1842 1703//1703
f 1843//1843 1984//1984 1844//1844 1706//1706
f 1844//1844 1985//1985 1845//1845 1707//1707
f 1845//1845 1986//1986 1987//1987 1846//1846
f 1846//1846 1987//1987 1988//1988 1847//1847
f 1847//1847 1989//1989 1848//1848 1709//1709
f 1848//1848 1989//1989 1849//1849 1711//1711
f 1849//1849 1990//1990 1850//1850 1712//1712
f 1850//1850 1991//1991 1851//1851 1713//1713
f 1852//1852 1992//1992 1853//1853 1716//1716
f 1853//1853 1993//1993 1854//1854 1717//1717
f 1854//1854 1994//1994 1855//1855 1718//1718
f 1855//1855 1995//1995 1856//1856 1719//1719
f 1856//1856 1996//1996 1997//1997 1857//1857
f 1857//1857 1997//1997 1998//1998 1858//1858
f 1858//1858 1999//1999 1859//1859 1721//1721
f 1859//1859 2000//2000 1860//1860 1722//1722
f 1860//1860 2001//2001 1861//1861 1723//1723
f 1861//1861 2002//2002 1862//1862 1724//1724
f 1862//1862 2003//2003 1863//1863 1725//1725
f 1863//1863 2004//2004 2005//2005 1726//1726
f 1726//1726 2005//2005 2006//2006 1864//1864
f 1864//1864 2007//2007 1865//1865 1727//1727
f 1865//1865 2008//2008 1866//1866 1728//1728
f 1866//1866 2009//2009 1867//1867 1729//1729
f 1867//1867 2010//2010 1868//1868 1730//1730
f 1868//1868 2011//2011 2012//2012 1869//1869
f 1869//1869 2012//2012 2013//2013 1870//1870
f 1870//1870 2014//2014 1871//1871 1731//1731
f 1871//1871 2014//2014 2015//2015 1872//1872
f 1872//1872 2016//2016 1873//1873 1733//1733
f 1873//1873 2017//2017 1874//1874 1734//1734
f 1874//1874 2018//2018 1875//1875 1735//1735
f 1875//1875 2019//2019 1876//1876 1736//1736
f 1876//1876 2020//2020 1877//1877 1737//1737
f 1877//1877 2021//2021 1878//1878 1738//1738
f 1878//1878 2022//2022 1879//1879 1739//1739
f 1879//1879 2023//2023 2024//2024 1880//1880
f 1880//1880 2024//2024 2025//2025 1881//1881
f 1881//1881 2026//2026 1882//1882 1741//1741
f 1882//1882 2027//2027 1883//1883 1742//1742
f 1883//1883 2028//2028 2029//2029 1884//1884
f 1884//1884 2030//2030 1885//1885 1743//1743
f 1885//1885 1886//1886 1747//1747 1744//1744
f 1886//1886 2031//2031 1887//1887 1748//1748
f 1887//1887 2032//2032 1888//1888 1749//1749
f 1888//1888 2033//2033 1889//1889 1750//1750
f 1889//1889 2034//2034 1890//1890 1751//1751
f 1890//1890 2035//2035 1891//1891 1752//1752
f 1891//1891 2036//2036 1892//1892 1753//1753
f 1892//1892 2037//2037 1893//1893 1754//1754
f 1893//1893 2038//2038 1894//1894 1755//1755
f 1894//1894 2039//2039 1895//1895 1756//1756
f 1895//1895 2040//2040 1896//1896 1757//1757
f 1896//1896 2041//2041 1897//1897 1758//1758
f 1897//1897 2042//2042 1898//1898 1759//1759
f 1898//1898 2043//2043 1899//1899 1760//1760
f 1899//1899 2044//2044 2045//2045 1900//1900
f 1900//1900 2046//2046 2047//2047 1901//1901
f 1901//1901 2048//2048 1902//1902 1762//1762
f 1902//1902 2049//2049 1903//1903 1763//1763
f 1903//1903 2050//2050 1904//1904 1764//1764
f 1904//1904 2051//2051 1905//1905 1765//1765
f 1905//1905 2052//2052 1906//1906 1766//1766
f 1906//1906 2053//2053 1907//1907 1767//1767
f 1907//1907 2054//2054 1908//1908 1768//1768
f 1908//1908 2055//2055 1909//1909 1769//1769
f 1909//1909 2056//2056 1910//1910 1770//1770
f 1910//1910 2057//2057 1911//1911 1771//1771
f 1911//1911 2058//2058 2059//2059 1912//1912
f 1912//1912 2059//2059 2060//2060 1913//1913
f 1913//1913 2061//2061 1914//1914 1773//1773
f 1914//1914 2062//2062 1915//1915 1774//1774
f 1915//1915 2063//2063 1916//1916 1775//1775
f 1916//1916 2064//2064 1917//1917 1776//1776
f 1917//1917 2065//2065 1918//1918 1777//1777
f 1918//1918 2065//2065 1919//1919 1778//1778
f 1919//1919 2066//2066 1920//1920 1779//1779
f 1920//1920 2067//2067 1921//1921 1780//1780
f 1921//1921 2068//2068 1922//1922 1781//1781
f 1922//1922 2069//2069 1923//1923 1782//1782
f 1923//1923 2070//2070 1924//1924 1783//1783
f 1924//1924 2071//2071 1925//1925 1784//1784
f 1925//1925 2072//2072 2073//2073 1926//1926
f 1926//1926 2074//2074 1927//1927 1785//1785
f 1927//1927 2075//2075 1928//1928 1786//1786
f 1928//1928 2076//2076 2077//2077 1787//1787
f 1787//1787 2077//2077 2078//2078 1929//1929
f 1929//1929 2079//2079 1930//1930 1788//1788
f 1930//1930 2080//2080 2081//2081 1931//1931
f 1931//1931 2081//2081 2082//2082 1932//1932
f 1932//1932 2083//2083 1933//1933 1790//1790
f 1933//1933 2084//2084 1934//1934 1791//1791
f 1934//1934 2085//2085 1935//1935 1792//1792
f 1935//1935 2086//2086 1936//1936 1793//1793
f 1936//1936 2087//2087 1937//1937 1794//1794
f 1937//1937 2088//2088 1938//1938 1795//1795
f 1938//1938 2089//2089 1939//1939 1796//1796
f 1939//1939 1952//1952 1940//1940 1797//1797
f 1940//1940 1951//1951 2090//2090 1941//1941
f 1941//1941 2091//2091 1942//1942 1798//1798
f 1942//1942 2092//2092 1943//1943 1799//1799
f 1943//1943 2093//2093 1944//1944 1800//1800
f 1944//1944 2094//2094 1945//1945 1801//1801
f 1945//1945 2094//2094 1946//1946 1802//1802
f 1946//1946 2095//2095 1947//1947 1803//1803
f 1947//1947 2096//2096 1948//1948 1804//1804
f 1948//1948 2096//2096 1949//1949 1808//1808
f 1949//1949 2097//2097 1950//1950 1809//1809
f 1950//1950 2090//2090 1951//1951 1810//1810
f 1951//1951 1940//1940 1952//1952 1811//1811
f 1952//1952 1939//1939 2089//2089 1953//1953
f 1953//1953 2098//2098 1954//1954 1812//1812
f 1954//1954 2099//2099 1955//1955 1813//1813
f 1955//1955 2099//2099 1956//1956 1815//1815
f 1956//1956 2100//2100 1957//1957 1816//1816
f 1957//1957 2101//2101 2102//2102 1958//1958
f 1958//1958 2102//2102 2103//2103 1959//1959
f 1959//1959 2104//2104 1960//1960 1818//1818
f 1960//1960 2105//2105 1961//1961 1819//1819
f 1961//1961 2106//2106 1962//1962 1820//1820
f 1962//1962 2107//2107 2108//2108 1963//1963
f 1963//1963 2108//2108 2109//2109 1964//1964
f 1964//1964 2110//2110 1965//1965 1822//1822
f 1965//1965 2111//2111 1966//1966 1823//1823
f 1966//1966 2112//2112 1967//1967 1824//1824
f 1967//1967 2113//2113 1968//1968 1825//1825
f 1968//1968 2114//2114 1969//1969 1826//1826
f 1969//1969 2114//2114 2115//2115 1970//1970
f 1970//1970 2115//2115 2116//2116 1971//1971
f 1971//1971 2117//2117 1972//1972 1829//1829
f 1972//1972 2118//2118 1973//1973 1830//1830
f 1973//1973 2119//2119 1974//1974 1831//1831
f 1974//1974 2120//2120 1975//1975 1832//1832
f 1975//1975 1992//1992 1852//1852 1833//1833
f 1851//1851 1991//1991 1976//1976 1834//1834
f 1976//1976 2121//2121 1977//1977 1835//1835
f 1977//1977 2122//2122 1978//1978 1836//1836
f 1978//1978 2122//2122 1979//1979 1838//1838
f 1979//1979 2123//2123 2124//2124 1980//1980
f 1980//1980 2124//2124 2125//2125 1981//1981
f 1981//1981 2126//2126 1982//1982 1840//1840
f 1982//1982 2127//2127 1983//1983 1841//1841
f 1984//1984 2128//2128 1985//1985 1844//1844
f 1985//1985 2129//2129 1986//1986 1845//1845
f 1986//1986 2130//2130 2131//2131 1987//1987
f 1987//1987 2131//2131 2132//2132 1988//1988
f 1988//1988 2133//2133 1989//1989 1847//1847
f 1989//1989 2133//2133 1990//1990 1849//1849
f 1990//1990 2134//2134 1991//1991 1850//1850
f 1992//1992 2135//2135 1993//1993 1853//1853
f 1993//1993 2136//2136 1994//1994 1854//1854
f 1994//1994 2137//2137 1995//1995 1855//1855
f 1995//1995 2138//2138 1996//1996 1856//1856
f 1996//1996 2139//2139 2140//2140 1997//1997
f 1997//1997 2140//2140 2141//2141 2142//2142 1998//1998
f 1998//1998 2142//2142 1999//1999 1858//1858
f 1999//1999 2143//2143 2000//2000 1859//1859
f 2000//2000 2144//2144 2001//2001 1860//1860
f 2001//2001 2145//2145 2002//2002 1861//1861
f 2002//2002 2146//2146 2003//2003 1862//1862
f 2003//2003 2147//2147 2004//2004 1863//1863
f 2004//2004 2148//2148 2149//2149 2005//2005
f 2005//2005 2149//2149 2150//2150 2006//2006
f 2006//2006 2151//2151 2007//2007 1864//1864
f 2007//2007 2152//2152 2008//2008 1865//1865
f 2008//2008 2153//2153 2009//2009 1866//1866
f 2009//2009 2154//2154 2155//2155 1867//1867
f 1867//1867 2155//2155 2156//2156 2010//2010
f 2010//2010 2157//2157 2011//2011 1868//1868
f 2011//2011 2158//2158 2159//2159 2012//2012
f 2012//2012 2159//2159 2160//2160 2013//2013
f 2013//2013 2161//2161 2014//2014 1870//1870
f 2014//2014 2161//2161 2162//2162 2015//2015
f 2015//2015 2163//2163 2016//2016 1872//1872
f 2016//2016 2164//2164 2017//2017 1873//1873
f 2017//2017 2165//2165 2018//2018 1874//1874
f 2018//2018 2166//2166 2019//2019 1875//1875
f 2019//2019 2167//2167 2020//2020 1876//1876
f 2020//2020 2168//2168 2021//2021 1877//1877
f 2021//2021 2169//2169 2022//2022 1878//1878
f 2022//2022 2170//2170 2023//2023 1879//1879
f 2023//2023 2171//2171 2172//2172 2024//2024
f 2024//2024 2172//2172 2173//2173 2025//2025
f 2025//2025 2174//2174 2026//2026 1881//1881
f 2026//2026 2175//2175 2027//2027 1882//1882
f 2027//2027 2176//2176 2028//2028 1883//1883
f 2028//2028 2177//2177 2178//2178 2029//2029
f 2029//2029 2179//2179 2030//2030 1884//1884
f 2030//2030 2031//2031 1886//1886 1885//1885
f 2031//2031 2180//2180 2032//2032 1887//1887
f 2032//2032 2181//2181 2033//2033 1888//1888
f 2033//2033 2182//2182 2034//2034 1889//1889
f 2034//2034 2183//2183 2035//2035 1890//1890
f 2035//2035 2184//2184 2036//2036 1891//1891
f 2036//2036 2185//2185 2037//2037 1892//1892
f 2037//2037 2186//2186 2038//2038 1893//1893
f 2038//2038 2187//2187 2039//2039 1894//1894
f 2039//2039 2188//2188 2040//2040 1895//1895
f 2040//2040 2189//2189 2041//2041 1896//1896
f 2041//2041 2190//2190 2042//2042 1897//1897
f 2042//2042 2191//2191 2043//2043 1898//1898
f 2043//2043 2192//2192 2044//2044 1899//1899
f 2044//2044 2193//2193 2194//2194 2045//2045
f 2045//2045 2195//2195 2046//2046 1900//1900
f 2046//2046 2196//2196 2197//2197 2047//2047
f 2047//2047 2198//2198 2048//2048 1901//1901
f 2048//2048 2199//2199 2049//2049 1902//1902
f 2049//2049 2200//2200 2050//2050 1903//1903
f 2050//2050 2201//2201 2051//2051 1904//1904
f 2051//2051 2202//2202 2052//2052 1905//1905
f 2052//2052 2203//2203 2053//2053 1906//1906
f 2053//2053 2204//2204 2054//2054 1907//1907
f 2054//2054 2205//2205 2055//2055 1908//1908
f 2055//2055 2206//2206 2056//2056 1909//1909
f 2056//2056 2207//2207 2057//2057 1910//1910
f 2057//2057 2208//2208 2058//2058 1911//1911
f 2058//2058 2209//2209 2210//2210 2059//2059
f 2059//2059 2210//2210 2211//2211 2060//2060
f 2060//2060 2212//2212 2061//2061 1913//1913
f 2061//2061 2213//2213 2062//2062 1914//1914
f 2062//2062 2214//2214 2063//2063 1915//1915
f 2063//2063 2215//2215 2064//2064 1916//1916
f 2064//2064 2216//2216 2065//2065 1917//1917
f 2065//2065 2216//2216 2066//2066 1919//1919
f 2066//2066 2217//2217 2067//2067 1920//1920
f 2067//2067 2218//2218 2068//2068 1921//1921
f 2068//2068 2219//2219 2069//2069 1922//1922
f 2069//2069 2220//2220 2070//2070 1923//1923
f 2070//2070 2221//2221 2071//2071 1924//1924
f 2071//2071 2222//2222 2072//2072 1925//1925
f 2072//2072 2223//2223 2224//2224 2073//2073
f 2073//2073 2225//2225 2074//2074 1926//1926
f 2074//2074 2226//2226 2075//2075 1927//1927
f 2075//2075 2227//2227 2076//2076 1928//1928
f 2076//2076 2228//2228 2229//2229 2077//2077
f 2077//2077 2229//2229 2230//2230 2078//2078
f 2078//2078 2231//2231 2079//2079 1929//1929
f 2079//2079 2232//2232 2080//2080 1930//1930
f 2080//2080 2233//2233 2234//2234 2081//2081
f 2081//2081 2234//2234 2235//2235 2082//2082
f 2082//2082 2236//2236 2083//2083 1932//1932
f 2083//2083 2237//2237 2084//2084 1933//1933
f 2084//2084 2238//2238 2085//2085 1934//1934
f 2085//2085 2239//2239 2086//2086 1935//1935
f 2086//2086 2240//2240 2087//2087 1936//1936
f 2087//2087 2102//2102 2101//2101 1937//1937
f 1937//1937 2101//2101 2241//2241 2088//2088
f 2088//2088 2242//2242 2089//2089 1938//1938
f 2090//2090 2243//2243 2091//2091 1941//1941
f 2091//2091 2244//2244 2092//2092 1942//1942
f 2092//2092 2244//2244 2093//2093 1943//1943
f 2093//2093 2245//2245 2094//2094 1944//1944
f 2094//2094 2245//2245 2095//2095 1946//1946
f 2095//2095 2246//2246 2096//2096 1947//1947
f 2096//2096 2246//2246 2097//2097 1949//1949
f 2097//2097 2243//2243 2090//2090 1950//1950
f 2089//2089 2242//2242 2098//2098 1953//1953
f 2098//2098 2247//2247 2099//2099 1954//1954
f 2099//2099 2247//2247 2100//2100 1956//1956
f 2100//2100 2248//2248 2101//2101 1957//1957
f 2102//2102 2087//2087 2249//2249 2103//2103
f 2103//2103 2250//2250 2104//2104 1959//1959
f 2104//2104 2251//2251 2105//2105 1960//1960
f 2105//2105 2252//2252 2106//2106 1961//1961
f 2106//2106 2253//2253 2107//2107 1962//1962
f 2107//2107 2254//2254 2255//2255 2108//2108
f 2108//2108 2255//2255 2256//2256 2109//2109
f 2109//2109 2257//2257 2110//2110 1964//1964
f 2110//2110 2258//2258 2111//2111 1965//1965
f 2111//2111 2259//2259 2112//2112 1966//1966
f 2112//2112 2260//2260 2113//2113 1967//1967
f 2113//2113 2261//2261 2114//2114 1968//1968
f 2114//2114 2261//2261 2262//2262 2115//2115
f 2115//2115 2262//2262 2263//2263 2116//2116
f 2116//2116 2264//2264 2117//2117 1971//1971
f 2117//2117 2265//2265 2118//2118 1972//1972
f 2118//2118 2266//2266 2119//2119 1973//1973
f 2119//2119 2267//2267 2120//2120 1974//1974
f 2120//2120 2135//2135 1992//1992 1975//1975
f 1991//1991 2134//2134 2121//2121 1976//1976
f 2121//2121 2268//2268 2122//2122 1977//1977
f 2122//2122 2268//2268 2123//2123 1979//1979
f 2123//2123 2132//2132 2131//2131 2124//2124
f 2124//2124 2131//2131 2130//2130 2125//2125
f 2125//2125 2269//2269 2126//2126 1981//1981
f 2126//2126 2270//2270 2127//2127 1982//1982
f 2128//2128 2271//2271 2129//2129 1985//1985
f 2129//2129 2272//2272 2130//2130 1986//1986
f 2132//2132 2273//2273 2133//2133 1988//1988
f 2133//2133 2273//2273 2134//2134 1990//1990
f 2135//2135 2274//2274 2136//2136 1993//1993
f 2136//2136 2275//2275 2137//2137 1994//1994
f 2137//2137 2276//2276 2138//2138 1995//1995
f 2138//2138 2277//2277 2139//2139 1996//1996
f 2139//2139 2278//2278 2279//2279 2140//2140
f 2140//2140 2279//2279 2280//2280 2141//2141
f 2141//2141 2281//2281 2282//2282 2142//2142
f 2142//2142 2282//2282 2143//2143 1999//1999
f 2143//2143 2283//2283 2144//2144 2000//2000
f 2144//2144 2284//2284 2145//2145 2001//2001
f 2145//2145 2285//2285 2146//2146 2002//2002
f 2146//2146 2286//2286 2147//2147 2003//2003
f 2147//2147 2287//2287 2148//2148 2004//2004
f 2148//2148 2288//2288 2289//2289 2149//2149
f 2149//2149 2289//2289 2290//2290 2150//2150
f 2150//2150 2291//2291 2151//2151 2006//2006
f 2151//2151 2292//2292 2152//2152 2007//2007
f 2152//2152 2293//2293 2153//2153 2008//2008
f 2153//2153 2294//2294 2154//2154 2009//2009
f 2154//2154 2295//2295 2296//2296 2155//2155
f 2155//2155 2296//2296 2297//2297 2156//2156
f 2156//2156 2298//2298 2157//2157 2010//2010
f 2157//2157 2299//2299 2158//2158 2011//2011
f 2160//2160 2300//2300 2161//2161 2013//2013
f 2161//2161 2300//2300 2301//2301 2162//2162
f 2162//2162 2302//2302 2163//2163 2015//2015
f 2163//2163 2303//2303 2164//2164 2016//2016
f 2164//2164 2304//2304 2165//2165 2017//2017
f 2165//2165 2305//2305 2166//2166 2018//2018
f 2166//2166 2306//2306 2167//2167 2019//2019
f 2167//2167 2307//2307 2168//2168 2020//2020
f 2168//2168 2308//2308 2169//2169 2021//2021
f 2169//2169 2309//2309 2170//2170 2022//2022
f 2170//2170 2310//2310 2171//2171 2023//2023
f 2171//2171 2311//2311 2312//2312 2172//2172
f 2172//2172 2312//2312 2313//2313 2173//2173
f 2173//2173 2314//2314 2174//2174 2025//2025
f 2174//2174 2315//2315 2175//2175 2026//2026
f 2175//2175 2316//2316 2176//2176 2027//2027
f 2176//2176 2317//2317 2177//2177 2028//2028
f 2177//2177 2318//2318 2319//2319 2178//2178
f 2178//2178 2320//2320 2179//2179 2029//2029
f 2179//2179 2180//2180 2031//2031 2030//2030
f 2180//2180 2321//2321 2181//2181 2032//2032
f 2181//2181 2322//2322 2182//2182 2033//2033
f 2182//2182 2323//2323 2183//2183 2034//2034
f 2183//2183 2324//2324 2184//2184 2035//2035
f 2184//2184 2325//2325 2185//2185 2036//2036
f 2185//2185 2326//2326 2186//2186 2037//2037
f 2186//2186 2327//2327 2187//2187 2038//2038
f 2187//2187 2328//2328 2188//2188 2039//2039
f 2188//2188 2329//2329 2189//2189 2040//2040
f 2189//2189 2330//2330 2190//2190 2041//2041
f 2190//2190 2331//2331 2191//2191 2042//2042
f 2191//2191 2332//2332 2192//2192 2043//2043
f 2192//2192 2332//2332 2193//2193 2044//2044
f 2193//2193 2333//2333 2334//2334 2194//2194
f 2194//2194 2335//2335 2195//2195 2045//2045
f 2195//2195 2336//2336 2196//2196 2046//2046
f 2196//2196 2337//2337 2338//2338 2197//2197
f 2197//2197 2339//2339 2198//2198 2047//2047
f 2198//2198 2340//2340 2341//2341 2048//2048
f 2048//2048 2341//2341 2342//2342 2199//2199
f 2199//2199 2343//2343 2200//2200 2049//2049
f 2200//2200 2344//2344 2201//2201 2050//2050
f 2201//2201 2345//2345 2202//2202 2051//2051
f 2202//2202 2346//2346 2203//2203 2052//2052
f 2203//2203 2347//2347 2204//2204 2053//2053
f 2204//2204 2348//2348 2205//2205 2054//2054
f 2205//2205 2349//2349 2206//2206 2055//2055
f 2206//2206 2350//2350 2207//2207 2056//2056
f 2207//2207 2351//2351 2208//2208 2057//2057
f 2208//2208 2352//2352 2209//2209 2058//2058
f 2209//2209 2353//2353 2354//2354 2210//2210
f 2210//2210 2354//2354 2355//2355 2211//2211
f 2211//2211 2356//2356 2212//2212 2060//2060
f 2212//2212 2357//2357 2213//2213 2061//2061
f 2213//2213 2358//2358 2214//2214 2062//2062
f 2214//2214 2359//2359 2215//2215 2063//2063
f 2215//2215 2360//2360 2216//2216 2064//2064
f 2216//2216 2360//2360 2217//2217 2066//2066
f 2217//2217 2361//2361 2218//2218 2067//2067
f 2218//2218 2362//2362 2219//2219 2068//2068
f 2219//2219 2363//2363 2220//2220 2069//2069
f 2220//2220 2364//2364 2221//2221 2070//2070
f 2221//2221 2365//2365 2222//2222 2071//2071
f 2222//2222 2366//2366 2223//2223 2072//2072
f 2223//2223 2367//2367 2368//2368 2224//2224
f 2224//2224 2369//2369 2225//2225 2073//2073
f 2225//2225 2370//2370 2226//2226 2074//2074
f 2226//2226 2371//2371 2227//2227 2075//2075
f 2227//2227 2372//2372 2228//2228 2076//2076
f 2228//2228 2373//2373 2374//2374 2229//2229
f 2229//2229 2374//2374 2375//2375 2230//2230
f 2230//2230 2376//2376 2231//2231 2078//2078
f 2231//2231 2377//2377 2232//2232 2079//2079
f 2232//2232 2378//2378 2233//2233 2080//2080
f 2233//2233 2379//2379 2380//2380 2234//2234
f 2234//2234 2380//2380 2381//2381 2235//2235
f 2235//2235 2382//2382 2236//2236 2082//2082
f 2236//2236 2383//2383 2237//2237 2083//2083
f 2237//2237 2384//2384 2238//2238 2084//2084
f 2238//2238 2385//2385 2239//2239 2085//2085
f 2239//2239 2386//2386 2240//2240 2086//2086
f 2240//2240 2387//2387 2249//2249 2087//2087
f 2101//2101 2248//2248 2388//2388 2241//2241
f 2241//2241 2388//2388 2242//2242 2088//2088
f 2243//2243 2389//2389 2244//2244 2091//2091
f 2244//2244 2389//2389 2245//2245 2093//2093
f 2245//2245 2389//2389 2246//2246 2095//2095
f 2246//2246 2389//2389 2243//2243 2097//2097
f 2242//2242 2388//2388 2247//2247 2098//2098
f 2247//2247 2388//2388 2248//2248 2100//2100
f 2249//2249 2390//2390 2250//2250 2103//2103
f 2250//2250 2391//2391 2251//2251 2104//2104
f 2251//2251 2392//2392 2252//2252 2105//2105
f 2252//2252 2393//2393 2253//2253 2106//2106
f 2253//2253 2394//2394 2254//2254 2107//2107
f 2254//2254 2395//2395 2396//2396 2255//2255
f 2255//2255 2396//2396 2397//2397 2256//2256
f 2256//2256 2398//2398 2257//2257 2109//2109
f 2257//2257 2399//2399 2258//2258 2110//2110
f 2258//2258 2400//2400 2259//2259 2111//2111
f 2259//2259 2401//2401 2260//2260 2112//2112
f 2260//2260 2402//2402 2261//2261 2113//2113
f 2261//2261 2402//2402 2403//2403 2262//2262
f 2262//2262 2403//2403 2404//2404 2263//2263
f 2263//2263 2405//2405 2264//2264 2116//2116
f 2264//2264 2406//2406 2265//2265 2117//2117
f 2265//2265 2407//2407 2266//2266 2118//2118
f 2266//2266 2408//2408 2267//2267 2119//2119
f 2267//2267 2274//2274 2135//2135 2120//2120
f 2134//2134 2273//2273 2268//2268 2121//2121
f 2268//2268 2273//2273 2132//2132 2123//2123
f 2130//2130 2272//2272 2269//2269 2125//2125
f 2269//2269 2409//2409 2270//2270 2126//2126
f 2271//2271 2410//2410 2272//2272 2129//2129
f 2274//2274 2411//2411 2275//2275 2136//2136
f 2275//2275 2412//2412 2276//2276 2137//2137
f 2276//2276 2413//2413 2277//2277 2138//2138
f 2277//2277 2414//2414 2278//2278 2139//2139
f 2278//2278 2414//2414 2415//2415 2416//2416 2279//2279
f 2279//2279 2416//2416 2417//2417 2418//2418 2280//2280
f 2280//2280 2418//2418 2281//2281 2141//2141
f 2281//2281 2419//2419 2420//2420 2282//2282
f 2282//2282 2420//2420 2283//2283 2143//2143
f 2283//2283 2421//2421 2284//2284 2144//2144
f 2284//2284 2422//2422 2285//2285 2145//2145
f 2285//2285 2423//2423 2286//2286 2146//2146
f 2286//2286 2424//2424 2287//2287 2147//2147
f 2287//2287 2425//2425 2288//2288 2148//2148
f 2288//2288 2426//2426 2427//2427 2289//2289
f 2289//2289 2427//2427 2428//2428 2290//2290
f 2290//2290 2429//2429 2291//2291 2150//2150
f 2291//2291 2430//2430 2292//2292 2151//2151
f 2292//2292 2431//2431 2293//2293 2152//2152
f 2293//2293 2432//2432 2294//2294 2153//2153
f 2294//2294 2433//2433 2295//2295 2154//2154
f 2295//2295 2434//2434 2435//2435 2296//2296
f 2296//2296 2435//2435 2436//2436 2297//2297
f 2297//2297 2437//2437 2298//2298 2156//2156
f 2298//2298 2438//2438 2299//2299 2157//2157
f 2301//2301 2439//2439 2302//2302 2162//2162
f 2302//2302 2440//2440 2303//2303 2163//2163
f 2303//2303 2441//2441 2304//2304 2164//2164
f 2304//2304 2442//2442 2305//2305 2165//2165
f 2305//2305 2443//2443 2306//2306 2166//2166
f 2306//2306 2444//2444 2307//2307 2167//2167
f 2307//2307 2445//2445 2308//2308 2168//2168
f 2308//2308 2446//2446 2309//2309 2169//2169
f 2309//2309 2447//2447 2310//2310 2170//2170
f 2310//2310 2448//2448 2311//2311 2171//2171
f 2311//2311 2449//2449 2450//2450 2312//2312
f 2312//2312 2451//2451 2452//2452 2313//2313
f 2313//2313 2453//2453 2314//2314 2173//2173
f 2314//2314 2454//2454 2315//2315 2174//2174
f 2315//2315 2455//2455 2316//2316 2175//2175
f 2316//2316 2456//2456 2317//2317 2176//2176
f 2317//2317 2457//2457 2318//2318 2177//2177
f 2318//2318 2458//2458 2459//2459 2319//2319
f 2319//2319 2460//2460 2320//2320 2178//2178
f 2320//2320 2461//2461 2180//2180 2179//2179
f 2180//2180 2461//2461 2462//2462 2321//2321
f 2321//2321 2463//2463 2322//2322 2181//2181
f 2322//2322 2464//2464 2323//2323 2182//2182
f 2323//2323 2465//2465 2324//2324 2183//2183
f 2324//2324 2466//2466 2325//2325 2184//2184
f 2325//2325 2467//2467 2326//2326 2185//2185
f 2326//2326 2468//2468 2327//2327 2186//2186
f 2327//2327 2469//2469 2328//2328 2187//2187
f 2328//2328 2470//2470 2329//2329 2188//2188
f 2329//2329 2471//2471 2330//2330 2189//2189
f 2330//2330 2472//2472 2331//2331 2190//2190
f 2331//2331 2473//2473 2332//2332 2191//2191
f 2332//2332 2473//2473 2474//2474 2193//2193
f 2193//2193 2474//2474 2475//2475 2333//2333
f 2333//2333 2476//2476 2477//2477 2334//2334
f 2334//2334 2478//2478 2335//2335 2194//2194
f 2335//2335 2478//2478 2336//2336 2195//2195
f 2336//2336 2479//2479 2337//2337 2196//2196
f 2337//2337 2480//2480 2481//2481 2338//2338
f 2338//2338 2482//2482 2339//2339 2197//2197
f 2339//2339 2483//2483 2340//2340 2198//2198
f 2340//2340 2484//2484 2485//2485 2341//2341
f 2341//2341 2485//2485 2486//2486 2342//2342
f 2342//2342 2487//2487 2343//2343 2199//2199
f 2343//2343 2488//2488 2344//2344 2200//2200
f 2344//2344 2489//2489 2345//2345 2201//2201
f 2345//2345 2490//2490 2346//2346 2202//2202
f 2346//2346 2491//2491 2347//2347 2203//2203
f 2347//2347 2492//2492 2348//2348 2204//2204
f 2348//2348 2493//2493 2349//2349 2205//2205
f 2349//2349 2494//2494 2350//2350 2206//2206
f 2350//2350 2495//2495 2351//2351 2207//2207
f 2351//2351 2496//2496 2352//2352 2208//2208
f 2352//2352 2497//2497 2353//2353 2209//2209
f 2353//2353 2498//2498 2499//2499 2354//2354
f 2354//2354 2499//2499 2500//2500 2355//2355
f 2355//2355 2501//2501 2356//2356 2211//2211
f 2356//2356 2502//2502 2357//2357 2212//2212
f 2357//2357 2503//2503 2358//2358 2213//2213
f 2358//2358 2504//2504 2359//2359 2214//2214
f 2359//2359 2505//2505 2360//2360 2215//2215
f 2360//2360 2505//2505 2361//2361 2217//2217
f 2361//2361 2506//2506 2362//2362 2218//2218
f 2362//2362 2507//2507 2363//2363 2219//2219
f 2363//2363 2508//2508 2364//2364 2220//2220
f 2364//2364 2509//2509 2365//2365 2221//2221
f 2365//2365 2510//2510 2366//2366 2222//2222
f 2366//2366 2511//2511 2367//2367 2223//2223
f 2367//2367 2458//2458 2512//2512 2368//2368
f 2368//2368 2513//2513 2369//2369 2224//2224
f 2369//2369 2514//2514 2370//2370 2225//2225
f 2370//2370 2515//2515 2371//2371 2226//2226
f 2371//2371 2516//2516 2372//2372 2227//2227
f 2372//2372 2517//2517 2373//2373 2228//2228
f 2373//2373 2518//2518 2519//2519 2374//2374
f 2374//2374 2519//2519 2520//2520 2375//2375
f 2375//2375 2521//2521 2376//2376 2230//2230
f 2376//2376 2522//2522 2377//2377 2231//2231
f 2377//2377 2523//2523 2378//2378 2232//2232
f 2378//2378 2524//2524 2379//2379 2233//2233
f 2379//2379 2525//2525 2526//2526 2380//2380
f 2380//2380 2526//2526 2527//2527 2381//2381
f 2381//2381 2528//2528 2382//2382 2235//2235
f 2382//2382 2529//2529 2383//2383 2236//2236
f 2383//2383 2530//2530 2384//2384 2237//2237
f 2384//2384 2531//2531 2385//2385 2238//2238
f 2385//2385 2532//2532 2386//2386 2239//2239
f 2386//2386 2533//2533 2387//2387 2240//2240
f 2387//2387 2534//2534 2390//2390 2249//2249
f 2390//2390 2535//2535 2391//2391 2250//2250
f 2391//2391 2536//2536 2392//2392 2251//2251
f 2392//2392 2537//2537 2393//2393 2252//2252
f 2393//2393 2538//2538 2394//2394 2253//2253
f 2394//2394 2539//2539 2395//2395 2254//2254
f 2395//2395 2540//2540 2541//2541 2396//2396
f 2396//2396 2541//2541 2542//2542 2397//2397
f 2397//2397 2543//2543 2398//2398 2256//2256
f 2398//2398 2544//2544 2399//2399 2257//2257
f 2399//2399 2545//2545 2400//2400 2258//2258
f 2400//2400 2546//2546 2401//2401 2259//2259
f 2401//2401 2547//2547 2402//2402 2260//2260
f 2402//2402 2547//2547 2548//2548 2403//2403
f 2403//2403 2548//2548 2549//2549 2404//2404
f 2404//2404 2550//2550 2405//2405 2263//2263
f 2405//2405 2551//2551 2406//2406 2264//2264
f 2406//2406 2552//2552 2407//2407 2265//2265
f 2407//2407 2553//2553 2408//2408 2266//2266
f 2408//2408 2411//2411 2274//2274 2267//2267
f 2272//2272 2410//2410 2409//2409 2269//2269
f 2411//2411 2554//2554 2412//2412 2275//2275
f 2412//2412 2555//2555 2413//2413 2276//2276
f 2413//2413 2556//2556 2414//2414 2277//2277
f 2414//2414 2556//2556 2557//2557 2558//2558 2415//2415
f 2415//2415 2559//2559 2560//2560 2416//2416
f 2416//2416 2560//2560 2561//2561 2417//2417
f 2417//2417 2562//2562 2563//2563 2564//2564 2418//2418
f 2418//2418 2564//2564 2419//2419 2281//2281
f 2419//2419 2565//2565 2566//2566 2567//2567 2420//2420
f 2420//2420 2567//2567 2421//2421 2283//2283
f 2421//2421 2568//2568 2422//2422 2284//2284
f 2422//2422 2569//2569 2423//2423 2285//2285
f 2423//2423 2570//2570 2424//2424 2286//2286
f 2424//2424 2571//2571 2425//2425 2287//2287
f 2425//2425 2572//2572 2426//2426 2288//2288
f 2426//2426 2573//2573 2574//2574 2427//2427
f 2427//2427 2574//2574 2575//2575 2428//2428
f 2428//2428 2576//2576 2429//2429 2290//2290
f 2429//2429 2577//2577 2430//2430 2291//2291
f 2430//2430 2578//2578 2431//2431 2292//2292
f 2431//2431 2579//2579 2432//2432 2293//2293
f 2432//2432 2580//2580 2433//2433 2294//2294
f 2433//2433 2580//2580 2434//2434 2295//2295
f 2434//2434 2581//2581 2582//2582 2435//2435
f 2435//2435 2582//2582 2583//2583 2436//2436
f 2436//2436 2584//2584 2437//2437 2297//2297
f 2437//2437 2585//2585 2438//2438 2298//2298
f 2439//2439 2586//2586 2440//2440 2302//2302
f 2440//2440 2587//2587 2441//2441 2303//2303
f 2441//2441 2588//2588 2442//2442 2304//2304
f 2442//2442 2589//2589 2443//2443 2305//2305
f 2443//2443 2590//2590 2444//2444 2306//2306
f 2444//2444 2591//2591 2445//2445 2307//2307
f 2445//2445 2592//2592 2446//2446 2308//2308
f 2446//2446 2593//2593 2447//2447 2309//2309
f 2447//2447 2594//2594 2448//2448 2310//2310
f 2448//2448 2595//2595 2449//2449 2311//2311
f 2449//2449 2596//2596 2597//2597 2450//2450
f 2450//2450 2598//2598 2451//2451 2312//2312
f 2451//2451 2599//2599 2600//2600 2452//2452
f 2452//2452 2601//2601 2453//2453 2313//2313
f 2453//2453 2602//2602 2454//2454 2314//2314
f 2454//2454 2603//2603 2455//2455 2315//2315
f 2455//2455 2604//2604 2456//2456 2316//2316
f 2456//2456 2605//2605 2457//2457 2317//2317
f 2457//2457 2512//2512 2458//2458 2318//2318
f 2458//2458 2367//2367 2511//2511 2459//2459
f 2459//2459 2606//2606 2460//2460 2319//2319
f 2460//2460 2607//2607 2461//2461 2320//2320
f 2461//2461 2607//2607 2608//2608 2462//2462
f 2462//2462 2609//2609 2463//2463 2321//2321
f 2463//2463 2610//2610 2464//2464 2322//2322
f 2464//2464 2611//2611 2465//2465 2323//2323
f 2465//2465 2612//2612 2466//2466 2324//2324
f 2466//2466 2613//2613 2467//2467 2325//2325
f 2467//2467 2614//2614 2468//2468 2326//2326
f 2468//2468 2615//2615 2469//2469 2327//2327
f 2469//2469 2616//2616 2470//2470 2328//2328
f 2470//2470 2617//2617 2471//2471 2329//2329
f 2471//2471 2618//2618 2472//2472 2330//2330
f 2472//2472 2619//2619 2473//2473 2331//2331
f 2473//2473 2619//2619 2620//2620 2474//2474
f 2474//2474 2621//2621 2622//2622 2475//2475
f 2475//2475 2623//2623 2476//2476 2333//2333
f 2476//2476 2624//2624 2625//2625 2477//2477
f 2477//2477 2626//2626 2478//2478 2334//2334
f 2478//2478 2626//2626 2479//2479 2336//2336
f 2479//2479 2627//2627 2480//2480 2337//2337
f 2480//2480 2628//2628 2629//2629 2481//2481
f 2481//2481 2630//2630 2482//2482 2338//2338
f 2482//2482 2631//2631 2483//2483 2339//2339
f 2483//2483 2632//2632 2484//2484 2340//2340
f 2484//2484 2632//2632 2633//2633 2485//2485
f 2485//2485 2633//2633 2634//2634 2486//2486
f 2486//2486 2635//2635 2487//2487 2342//2342
f 2487//2487 2635//2635 2488//2488 2343//2343
f 2488//2488 2636//2636 2489//2489 2344//2344
f 2489//2489 2637//2637 2490//2490 2345//2345
f 2490//2490 2638//2638 2491//2491 2346//2346
f 2491//2491 2639//2639 2492//2492 2347//2347
f 2492//2492 2640//2640 2493//2493 2348//2348
f 2493//2493 2641//2641 2494//2494 2349//2349
f 2494//2494 2642//2642 2495//2495 2350//2350
f 2495//2495 2643//2643 2496//2496 2351//2351
f 2496//2496 2644//2644 2497//2497 2352//2352
f 2497//2497 2645//2645 2498//2498 2353//2353
f 2498//2498 2608//2608 2607//2607 2499//2499
f 2499//2499 2607//2607 2646//2646 2500//2500
f 2500//2500 2647//2647 2501//2501 2355//2355
f 2501//2501 2648//2648 2502//2502 2356//2356
f 2502//2502 2649//2649 2503//2503 2357//2357
f 2503//2503 2650//2650 2504//2504 2358//2358
f 2504//2504 2651//2651 2505//2505 2359//2359
f 2505//2505 2651//2651 2506//2506 2361//2361
f 2506//2506 2652//2652 2507//2507 2362//2362
f 2507//2507 2653//2653 2508//2508 2363//2363
f 2508//2508 2654//2654 2509//2509 2364//2364
f 2509//2509 2655//2655 2510//2510 2365//2365
f 2510//2510 2656//2656 2511//2511 2366//2366
f 2512//2512 2657//2657 2513//2513 2368//2368
f 2513//2513 2658//2658 2514//2514 2369//2369
f 2514//2514 2659//2659 2515//2515 2370//2370
f 2515//2515 2660//2660 2516//2516 2371//2371
f 2516//2516 2661//2661 2517//2517 2372//2372
f 2517//2517 2662//2662 2518//2518 2373//2373
f 2518//2518 2663//2663 2664//2664 2519//2519
f 2519//2519 2664//2664 2665//2665 2520//2520
f 2520//2520 2666//2666 2521//2521 2375//2375
f 2521//2521 2667//2667 2522//2522 2376//2376
f 2522//2522 2668//2668 2523//2523 2377//2377
f 2523//2523 2669//2669 2524//2524 2378//2378
f 2524//2524 2670//2670 2525//2525 2379//2379
f 2525//2525 2671//2671 2672//2672 2526//2526
f 2526//2526 2672//2672 2673//2673 2527//2527
f 2527//2527 2674//2674 2528//2528 2381//2381
f 2528//2528 2675//2675 2529//2529 2382//2382
f 2529//2529 2676//2676 2530//2530 2383//2383
f 2530//2530 2677//2677 2531//2531 2384//2384
f 2531//2531 2678//2678 2532//2532 2385//2385
f 2532//2532 2679//2679 2533//2533 2386//2386
f 2533//2533 2680//2680 2534//2534 2387//2387
f 2534//2534 2681//2681 2535//2535 2390//2390
f 2535//2535 2682//2682 2536//2536 2391//2391
f 2536//2536 2683//2683 2537//2537 2392//2392
f 2537//2537 2684//2684 2538//2538 2393//2393
f 2538//2538 2685//2685 2539//2539 2394//2394
f 2539//2539 2686//2686 2540//2540 2395//2395
f 2540//2540 2687//2687 2688//2688 2541//2541
f 2541//2541 2688//2688 2689//2689 2542//2542
f 2542//2542 2690//2690 2543//2543 2397//2397
f 2543//2543 2691//2691 2544//2544 2398//2398
f 2544//2544 2692//2692 2545//2545 2399//2399
f 2545//2545 2693//2693 2546//2546 2400//2400
f 2546//2546 2694//2694 2547//2547 2401//2401
f 2547//2547 2694//2694 2695//2695 2548//2548
f 2548//2548 2695//2695 2696//2696 2549//2549
f 2549//2549 2697//2697 2550//2550 2404//2404
f 2550//2550 2698//2698 2551//2551 2405//2405
f 2551//2551 2699//2699 2552//2552 2406//2406
f 2552//2552 2700//2700 2553//2553 2407//2407
f 2553//2553 2554//2554 2411//2411 2408//2408
f 2554//2554 2701//2701 2555//2555 2412//2412
f 2555//2555 2557//2557 2556//2556 2413//2413
f 2557//2557 2702//2702 2703//2703 2558//2558
f 2558//2558 2704//2704 2559//2559 2415//2415
f 2559//2559 2705//2705 2706//2706 2560//2560
f 2560//2560 2706//2706 2707//2707 2561//2561
f 2561//2561 2708//2708 2562//2562 2417//2417
f 2562//2562 2709//2709 2710//2710 2711//2711 2563//2563
f 2563//2563 2565//2565 2419//2419 2564//2564
f 2565//2565 2712//2712 2713//2713 2566//2566
f 2566//2566 2568//2568 2421//2421 2567//2567
f 2568//2568 2714//2714 2569//2569 2422//2422
f 2569//2569 2715//2715 2570//2570 2423//2423
f 2570//2570 2716//2716 2571//2571 2424//2424
f 2571//2571 2717//2717 2572//2572 2425//2425
f 2572//2572 2718//2718 2573//2573 2426//2426
f 2573//2573 2719//2719 2720//2720 2574//2574
f 2574//2574 2720//2720 2721//2721 2575//2575
f 2575//2575 2722//2722 2576//2576 2428//2428
f 2576//2576 2723//2723 2577//2577 2429//2429
f 2577//2577 2724//2724 2578//2578 2430//2430
f 2578//2578 2725//2725 2579//2579 2431//2431
f 2579//2579 2726//2726 2580//2580 2432//2432
f 2580//2580 2726//2726 2581//2581 2434//2434
f 2581//2581 2727//2727 2728//2728 2582//2582
f 2582//2582 2728//2728 2729//2729 2583//2583
f 2583//2583 2730//2730 2584//2584 2436//2436
f 2584//2584 2731//2731 2585//2585 2437//2437
f 2586//2586 2732//2732 2587//2587 2440//2440
f 2587//2587 2733//2733 2588//2588 2441//2441
f 2588//2588 2734//2734 2589//2589 2442//2442
f 2589//2589 2735//2735 2590//2590 2443//2443
f 2590//2590 2736//2736 2591//2591 2444//2444
f 2591//2591 2737//2737 2592//2592 2445//2445
f 2592//2592 2738//2738 2593//2593 2446//2446
f 2593//2593 2739//2739 2594//2594 2447//2447
f 2594//2594 2740//2740 2595//2595 2448//2448
f 2595//2595 2741//2741 2596//2596 2449//2449
f 2596//2596 2742//2742 2743//2743 2597//2597
f 2597//2597 2744//2744 2598//2598 2450//2450
f 2598//2598 2745//2745 2599//2599 2451//2451
f 2599//2599 2746//2746 2747//2747 2600//2600
f 2600//2600 2748//2748 2601//2601 2452//2452
f 2601//2601 2749//2749 2602//2602 2453//2453
f 2602//2602 2750//2750 2603//2603 2454//2454
f 2603//2603 2751//2751 2604//2604 2455//2455
f 2604//2604 2752//2752 2605//2605 2456//2456
f 2605//2605 2657//2657 2512//2512 2457//2457
f 2511//2511 2656//2656 2606//2606 2459//2459
f 2606//2606 2646//2646 2607//2607 2460//2460
f 2608//2608 2753//2753 2609//2609 2462//2462
f 2609//2609 2754//2754 2610//2610 2463//2463
f 2610//2610 2755//2755 2611//2611 2464//2464
f 2611//2611 2756//2756 2612//2612 2465//2465
f 2612//2612 2757//2757 2613//2613 2466//2466
f 2613//2613 2758//2758 2614//2614 2467//2467
f 2614//2614 2759//2759 2615//2615 2468//2468
f 2615//2615 2760//2760 2616//2616 2469//2469
f 2616//2616 2761//2761 2617//2617 2470//2470
f 2617//2617 2762//2762 2618//2618 2471//2471
f 2618//2618 2620//2620 2619//2619 2472//2472
f 2620//2620 2763//2763 2621//2621 2474//2474
f 2621//2621 2764//2764 2765//2765 2622//2622
f 2622//2622 2766//2766 2623//2623 2475//2475
f 2623//2623 2767//2767 2624//2624 2476//2476
f 2624//2624 2768//2768 2769//2769 2625//2625
f 2625//2625 2770//2770 2626//2626 2477//2477
f 2626//2626 2770//2770 2627//2627 2479//2479
f 2627//2627 2771//2771 2628//2628 2480//2480
f 2628//2628 2772//2772 2773//2773 2629//2629
f 2629//2629 2774//2774 2630//2630 2481//2481
f 2630//2630 2775//2775 2631//2631 2482//2482
f 2631//2631 2776//2776 2632//2632 2483//2483
f 2632//2632 2776//2776 2777//2777 2633//2633
f 2633//2633 2777//2777 2778//2778 2634//2634
f 2634//2634 2779//2779 2780//2780 2486//2486
f 2486//2486 2780//2780 2781//2781 2635//2635
f 2635//2635 2781//2781 2636//2636 2488//2488
f 2636//2636 2782//2782 2637//2637 2489//2489
f 2637//2637 2783//2783 2638//2638 2490//2490
f 2638//2638 2784//2784 2639//2639 2491//2491
f 2639//2639 2785//2785 2640//2640 2492//2492
f 2640//2640 2786//2786 2641//2641 2493//2493
f 2641//2641 2787//2787 2642//2642 2494//2494
f 2642//2642 2788//2788 2643//2643 2495//2495
f 2643//2643 2789//2789 2644//2644 2496//2496
f 2644//2644 2790//2790 2645//2645 2497//2497
f 2645//2645 2753//2753 2608//2608 2498//2498
f 2646//2646 2791//2791 2647//2647 2500//2500
f 2647//2647 2792//2792 2648//2648 2501//2501
f 2648//2648 2793//2793 2649//2649 2502//2502
f 2649//2649 2794//2794 2650//2650 2503//2503
f 2650//2650 2795//2795 2651//2651 2504//2504
f 2651//2651 2795//2795 2652//2652 2506//2506
f 2652//2652 2794//2794 2653//2653 2507//2507
f 2653//2653 2793//2793 2654//2654 2508//2508
f 2654//2654 2792//2792 2655//2655 2509//2509
f 2655//2655 2791//2791 2656//2656 2510//2510
f 2657//2657 2796//2796 2658//2658 2513//2513
f 2658//2658 2797//2797 2659//2659 2514//2514
f 2659//2659 2798//2798 2660//2660 2515//2515
f 2660//2660 2799//2799 2661//2661 2516//2516
f 2661//2661 2800//2800 2662//2662 2517//2517
f 2662//2662 2801//2801 2663//2663 2518//2518
f 2663//2663 2802//2802 2803//2803 2664//2664
f 2664//2664 2803//2803 2804//2804 2665//2665
f 2665//2665 2805//2805 2666//2666 2520//2520
f 2666//2666 2806//2806 2667//2667 2521//2521
f 2667//2667 2807//2807 2668//2668 2522//2522
f 2668//2668 2808//2808 2669//2669 2523//2523
f 2669//2669 2809//2809 2670//2670 2524//2524
f 2670//2670 2810//2810 2671//2671 2525//2525
f 2671//2671 2811//2811 2812//2812 2672//2672
f 2672//2672 2812//2812 2813//2813 2673//2673
f 2673//2673 2814//2814 2674//2674 2527//2527
f 2674//2674 2815//2815 2675//2675 2528//2528
f 2675//2675 2816//2816 2676//2676 2529//2529
f 2676//2676 2817//2817 2677//2677 2530//2530
f 2677//2677 2818//2818 2678//2678 2531//2531
f 2678//2678 2819//2819 2679//2679 2532//2532
f 2679//2679 2820//2820 2680//2680 2533//2533
f 2680//2680 2821//2821 2681//2681 2534//2534
f 2681//2681 2822//2822 2682//2682 2535//2535
f 2682//2682 2823//2823 2683//2683 2536//2536
f 2683//2683 2824//2824 2684//2684 2537//2537
f 2684//2684 2825//2825 2685//2685 2538//2538
f 2685//2685 2826//2826 2686//2686 2539//2539
f 2686//2686 2827//2827 2687//2687 2540//2540
f 2687//2687 2828//2828 2829//2829 2688//2688
f 2688//2688 2829//2829 2830//2830 2689//2689
f 2689//2689 2831//2831 2690//2690 2542//2542
f 2690//2690 2832//2832 2691//2691 2543//2543
f 2691//2691 2833//2833 2692//2692 2544//2544
f 2692//2692 2834//2834 2693//2693 2545//2545
f 2693//2693 2835//2835 2694//2694 2546//2546
f 2694//2694 2835//2835 2836//2836 2695//2695
f 2695//2695 2836//2836 2837//2837 2696//2696
f 2696//2696 2838//2838 2697//2697 2549//2549
f 2697//2697 2839//2839 2698//2698 2550//2550
f 2698//2698 2840//2840 2699//2699 2551//2551
f 2699//2699 2841//2841 2700//2700 2552//2552
f 2700//2700 2701//2701 2554//2554 2553//2553
f 2701//2701 2702//2702 2557//2557 2555//2555
f 2702//2702 2841//2841 2842//2842 2703//2703
f 2703//2703 2843//2843 2704//2704 2558//2558
f 2704//2704 2844//2844 2705//2705 2559//2559
f 2705//2705 2845//2845 2846//2846 2706//2706
f 2706//2706 2846//2846 2847//2847 2707//2707
f 2707//2707 2848//2848 2708//2708 2561//2561
f 2708//2708 2849//2849 2709//2709 2562//2562
f 2709//2709 2850//2850 2851//2851 2852//2852 2710//2710
f 2710//2710 2853//2853 2712//2712 2711//2711
f 2711//2711 2712//2712 2565//2565 2563//2563
f 2712//2712 2853//2853 2854//2854 2713//2713
f 2713//2713 2714//2714 2568//2568 2566//2566
f 2714//2714 2855//2855 2715//2715 2569//2569
f 2715//2715 2856//2856 2716//2716 2570//2570
f 2716//2716 2857//2857 2717//2717 2571//2571
f 2717//2717 2858//2858 2718//2718 2572//2572
f 2718//2718 2859//2859 2719//2719 2573//2573
f 2719//2719 2860//2860 2861//2861 2720//2720
f 2720//2720 2861//2861 2862//2862 2721//2721
f 2721//2721 2863//2863 2722//2722 2575//2575
f 2722//2722 2864//2864 2723//2723 2576//2576
f 2723//2723 2865//2865 2724//2724 2577//2577
f 2724//2724 2866//2866 2725//2725 2578//2578
f 2725//2725 2867//2867 2726//2726 2579//2579
f 2726//2726 2867//2867 2727//2727 2581//2581
f 2727//2727 2868//2868 2869//2869 2728//2728
f 2728//2728 2869//2869 2870//2870 2729//2729
f 2729//2729 2871//2871 2730//2730 2583//2583
f 2730//2730 2872//2872 2731//2731 2584//2584
f 2732//2732 2873//2873 2733//2733 2587//2587
f 2733//2733 2874//2874 2734//2734 2588//2588
f 2734//2734 2875//2875 2735//2735 2589//2589
f 2735//2735 2876//2876 2736//2736 2590//2590
f 2736//2736 2877//2877 2737//2737 2591//2591
f 2737//2737 2878//2878 2738//2738 2592//2592
f 2738//2738 2879//2879 2739//2739 2593//2593
f 2739//2739 2880//2880 2740//2740 2594//2594
f 2740//2740 2881//2881 2741//2741 2595//2595
f 2741//2741 2882//2882 2742//2742 2596//2596
f 2742//2742 2883//2883 2884//2884 2743//2743
f 2743//2743 2885//2885 2744//2744 2597//2597
f 2744//2744 2886//2886 2745//2745 2598//2598
f 2745//2745 2887//2887 2746//2746 2599//2599
f 2746//2746 2888//2888 2889//2889 2747//2747
f 2747//2747 2890//2890 2748//2748 2600//2600
f 2748//2748 2891//2891 2749//2749 2601//2601
f 2749//2749 2892//2892 2750//2750 2602//2602
f 2750//2750 2893//2893 2751//2751 2603//2603
f 2751//2751 2894//2894 2752//2752 2604//2604
f 2752//2752 2796//2796 2657//2657 2605//2605
f 2656//2656 2791//2791 2646//2646 2606//2606
f 2753//2753 2895//2895 2754//2754 2609//2609
f 2754//2754 2896//2896 2755//2755 2610//2610
f 2755//2755 2897//2897 2756//2756 2611//2611
f 2756//2756 2898//2898 2757//2757 2612//2612
f 2757//2757 2899//2899 2758//2758 2613//2613
f 2758//2758 2900//2900 2759//2759 2614//2614
f 2759//2759 2901//2901 2760//2760 2615//2615
f 2760//2760 2902//2902 2761//2761 2616//2616
f 2761//2761 2903//2903 2762//2762 2617//2617
f 2762//2762 2763//2763 2620//2620 2618//2618
f 2763//2763 2904//2904 2764//2764 2621//2621
f 2764//2764 2905//2905 2906//2906 2765//2765
f 2765//2765 2907//2907 2766//2766 2622//2622
f 2766//2766 2908//2908 2767//2767 2623//2623
f 2767//2767 2909//2909 2768//2768 2624//2624
f 2768//2768 2910//2910 2911//2911 2769//2769
f 2769//2769 2912//2912 2770//2770 2625//2625
f 2770//2770 2912//2912 2771//2771 2627//2627
f 2771//2771 2913//2913 2772//2772 2628//2628
f 2772//2772 2914//2914 2915//2915 2773//2773
f 2773//2773 2916//2916 2774//2774 2629//2629
f 2774//2774 2917//2917 2775//2775 2630//2630
f 2775//2775 2918//2918 2776//2776 2631//2631
f 2776//2776 2918//2918 2919//2919 2777//2777
f 2777//2777 2919//2919 2920//2920 2778//2778
f 2778//2778 2921//2921 2779//2779 2634//2634
f 2779//2779 2922//2922 2923//2923 2780//2780
f 2780//2780 2924//2924 2925//2925 2781//2781
f 2781//2781 2925//2925 2782//2782 2636//2636
f 2782//2782 2926//2926 2783//2783 2637//2637
f 2783//2783 2927//2927 2784//2784 2638//2638
f 2784//2784 2928//2928 2785//2785 2639//2639
f 2785//2785 2929//2929 2786//2786 2640//2640
f 2786//2786 2930//2930 2787//2787 2641//2641
f 2787//2787 2931//2931 2788//2788 2642//2642
f 2788//2788 2932//2932 2789//2789 2643//2643
f 2789//2789 2933//2933 2790//2790 2644//2644
f 2790//2790 2895//2895 2753//2753 2645//2645
f 2791//2791 2655//2655 2792//2792 2647//2647
f 2792//2792 2654//2654 2793//2793 2648//2648
f 2793//2793 2653//2653 2794//2794 2649//2649
f 2794//2794 2652//2652 2795//2795 2650//2650
f 2796//2796 2934//2934 2797//2797 2658//2658
f 2797//2797 2935//2935 2798//2798 2659//2659
f 2798//2798 2936//2936 2799//2799 2660//2660
f 2799//2799 2937//2937 2800//2800 2661//2661
f 2800//2800 2938//2938 2801//2801 2662//2662
f 2801//2801 2939//2939 2802//2802 2663//2663
f 2802//2802 2940//2940 2941//2941 2803//2803
f 2803//2803 2941//2941 2942//2942 2804//2804
f 2804//2804 2943//2943 2805//2805 2665//2665
f 2805//2805 2944//2944 2806//2806 2666//2666
f 2806//2806 2945//2945 2807//2807 2667//2667
f 2807//2807 2946//2946 2808//2808 2668//2668
f 2808//2808 2947//2947 2809//2809 2669//2669
f 2809//2809 2948//2948 2810//2810 2670//2670
f 2810//2810 2949//2949 2950//2950 2671//2671
f 2671//2671 2950//2950 2951//2951 2811//2811
f 2811//2811 2952//2952 2953//2953 2812//2812
f 2812//2812 2953//2953 2954//2954 2813//2813
f 2813//2813 2955//2955 2814//2814 2673//2673
f 2814//2814 2956//2956 2815//2815 2674//2674
f 2815//2815 2957//2957 2816//2816 2675//2675
f 2816//2816 2958//2958 2817//2817 2676//2676
f 2817//2817 2959//2959 2818//2818 2677//2677
f 2818//2818 2960//2960 2819//2819 2678//2678
f 2819//2819 2961//2961 2820//2820 2679//2679
f 2820//2820 2962//2962 2821//2821 2680//2680
f 2821//2821 2963//2963 2822//2822 2681//2681
f 2822//2822 2964//2964 2823//2823 2682//2682
f 2823//2823 2965//2965 2824//2824 2683//2683
f 2824//2824 2966//2966 2825//2825 2684//2684
f 2825//2825 2967//2967 2826//2826 2685//2685
f 2826//2826 2968//2968 2827//2827 2686//2686
f 2827//2827 2969//2969 2828//2828 2687//2687
f 2828//2828 2970//2970 2971//2971 2829//2829
f 2829//2829 2971//2971 2972//2972 2830//2830
f 2830//2830 2973//2973 2831//2831 2689//2689
f 2831//2831 2974//2974 2832//2832 2690//2690
f 2832//2832 2975//2975 2833//2833 2691//2691
f 2833//2833 2976//2976 2834//2834 2692//2692
f 2834//2834 2977//2977 2835//2835 2693//2693
f 2835//2835 2977//2977 2978//2978 2836//2836
f 2836//2836 2978//2978 2979//2979 2837//2837
f 2837//2837 2980//2980 2838//2838 2696//2696
f 2838//2838 2981//2981 2839//2839 2697//2697
f 2839//2839 2982//2982 2840//2840 2698//2698
f 2840//2840 2842//2842 2841//2841 2699//2699
f 2841//2841 2702//2702 2701//2701 2700//2700
f 2842//2842 2983//2983 2843//2843 2703//2703
f 2843//2843 2983//2983 2844//2844 2704//2704
f 2844//2844 2984//2984 2845//2845 2705//2705
f 2845//2845 2985//2985 2986//2986 2846//2846
f 2846//2846 2986//2986 2987//2987 2847//2847
f 2847//2847 2988//2988 2848//2848 2707//2707
f 2848//2848 2989//2989 2849//2849 2708//2708
f 2849//2849 2990//2990 2850//2850 2709//2709
f 2850//2850 2991//2991 2992//2992 2851//2851
f 2851//2851 2993//2993 2994//2994 2852//2852
f 2852//2852 2994//2994 2853//2853 2710//2710
f 2853//2853 2994//2994 2995//2995 2854//2854
f 2854//2854 2855//2855 2714//2714 2713//2713
f 2855//2855 2996//2996 2856//2856 2715//2715
f 2856//2856 2997//2997 2857//2857 2716//2716
f 2857//2857 2998//2998 2858//2858 2717//2717
f 2858//2858 2999//2999 2859//2859 2718//2718
f 2859//2859 3000//3000 2860//2860 2719//2719
f 2860//2860 3001//3001 3002//3002 2861//2861
f 2861//2861 3002//3002 3003//3003 2862//2862
f 2862//2862 3004//3004 2863//2863 2721//2721
f 2863//2863 3005//3005 2864//2864 2722//2722
f 2864//2864 3006//3006 2865//2865 2723//2723
f 2865//2865 3007//3007 2866//2866 2724//2724
f 2866//2866 3008//3008 2867//2867 2725//2725
f 2867//2867 3008//3008 2868//2868 2727//2727
f 2868//2868 3009//3009 3010//3010 2869//2869
f 2869//2869 3010//3010 3011//3011 2870//2870
f 2870//2870 3012//3012 2871//2871 2729//2729
f 2871//2871 3013//3013 2872//2872 2730//2730
f 2873//2873 3014//3014 2874//2874 2733//2733
f 2874//2874 3015//3015 2875//2875 2734//2734
f 2875//2875 3016//3016 2876//2876 2735//2735
f 2876//2876 3017//3017 2877//2877 2736//2736
f 2877//2877 3018//3018 2878//2878 2737//2737
f 2878//2878 3019//3019 2879//2879 2738//2738
f 2879//2879 3020//3020 2880//2880 2739//2739
f 2880//2880 3021//3021 2881//2881 2740//2740
f 2881//2881 3022//3022 2882//2882 2741//2741
f 2882//2882 3023//3023 2883//2883 2742//2742
f 2883//2883 3024//3024 3025//3025 2884//2884
f 2884//2884 3026//3026 2885//2885 2743//2743
f 2885//2885 3027//3027 2886//2886 2744//2744
f 2886//2886 3028//3028 2887//2887 2745//2745
f 2887//2887 3029//3029 2888//2888 2746//2746
f 2888//2888 3030//3030 3031//3031 2889//2889
f 2889//2889 3032//3032 2890//2890 2747//2747
f 2890//2890 3033//3033 2891//2891 2748//2748
f 2891//2891 3034//3034 2892//2892 2749//2749
f 2892//2892 3035//3035 2893//2893 2750//2750
f 2893//2893 3036//3036 2894//2894 2751//2751
f 2894//2894 2934//2934 2796//2796 2752//2752
f 2895//2895 3037//3037 2896//2896 2754//2754
f 2896//2896 3038//3038 2897//2897 2755//2755
f 2897//2897 3039//3039 2898//2898 2756//2756
f 2898//2898 3040//3040 2899//2899 2757//2757
f 2899//2899 3041//3041 2900//2900 2758//2758
f 2900//2900 3042//3042 2901//2901 2759//2759
f 2901//2901 3043//3043 2902//2902 2760//2760
f 2902//2902 3044//3044 2903//2903 2761//2761
f 2903//2903 2904//2904 2763//2763 2762//2762
f 2904//2904 3045//3045 3046//3046 2764//2764
f 2764//2764 3046//3046 3047//3047 2905//2905
f 2905//2905 3048//3048 3049//3049 2906//2906
f 2906//2906 3050//3050 2907//2907 2765//2765
f 2907//2907 3051//3051 2908//2908 2766//2766
f 2908//2908 3052//3052 2909//2909 2767//2767
f 2909//2909 3053//3053 2910//2910 2768//2768
f 2910//2910 3054//3054 3055//3055 3056//3056 2911//2911
f 2911//2911 3057//3057 2912//2912 2769//2769
f 2912//2912 3057//3057 2913//2913 2771//2771
f 2913//2913 3056//3056 3055//3055 2914//2914 2772//2772
f 2914//2914 3058//3058 3059//3059 2915//2915
f 2915//2915 3060//3060 2916//2916 2773//2773
f 2916//2916 3061//3061 2917//2917 2774//2774
f 2917//2917 3062//3062 2918//2918 2775//2775
f 2918//2918 3062//3062 3063//3063 2919//2919
f 2919//2919 3063//3063 3064//3064 2920//2920
f 2920//2920 3065//3065 2921//2921 2778//2778
f 2921//2921 3066//3066 2922//2922 2779//2779
f 2922//2922 3067//3067 3068//3068 2923//2923
f 2923//2923 3069//3069 2924//2924 2780//2780
f 2924//2924 2926//2926 2782//2782 2925//2925
f 2926//2926 3070//3070 2927//2927 2783//2783
f 2927//2927 3071//3071 2928//2928 2784//2784
f 2928//2928 3072//3072 2929//2929 2785//2785
f 2929//2929 3073//3073 2930//2930 2786//2786
f 2930//2930 3074//3074 2931//2931 2787//2787
f 2931//2931 3075//3075 2932//2932 2788//2788
f 2932//2932 3076//3076 2933//2933 2789//2789
f 2933//2933 3037//3037 2895//2895 2790//2790
f 2934//2934 3077//3077 2935//2935 2797//2797
f 2935//2935 3078//3078 2936//2936 2798//2798
f 2936//2936 3079//3079 2937//2937 2799//2799
f 2937//2937 3080//3080 2938//2938 2800//2800
f 2938//2938 3081//3081 2939//2939 2801//2801
f 2939//2939 3082//3082 2940//2940 2802//2802
f 2940//2940 3083//3083 3084//3084 2941//2941
f 2941//2941 3084//3084 3085//3085 2942//2942
f 2942//2942 3086//3086 2943//2943 2804//2804
f 2943//2943 3087//3087 2944//2944 2805//2805
f 2944//2944 3088//3088 2945//2945 2806//2806
f 2945//2945 3089//3089 2946//2946 2807//2807
f 2946//2946 3090//3090 2947//2947 2808//2808
f 2947//2947 3091//3091 2948//2948 2809//2809
f 2948//2948 3092//3092 2949//2949 2810//2810
f 2949//2949 3093//3093 3094//3094 2950//2950
f 2950//2950 3094//3094 3095//3095 2951//2951
f 2951//2951 3095//3095 2952//2952 2811//2811
f 2952//2952 3096//3096 3097//3097 2953//2953
f 2953//2953 3097//3097 3098//3098 2954//2954
f 2954//2954 3099//3099 2955//2955 2813//2813
f 2955//2955 3100//3100 2956//2956 2814//2814
f 2956//2956 3101//3101 2957//2957 2815//2815
f 2957//2957 3102//3102 2958//2958 2816//2816
f 2958//2958 3103//3103 2959//2959 2817//2817
f 2959//2959 3104//3104 2960//2960 2818//2818
f 2960//2960 3105//3105 2961//2961 2819//2819
f 2961//2961 3106//3106 2962//2962 2820//2820
f 2962//2962 3107//3107 2963//2963 2821//2821
f 2963//2963 3108//3108 2964//2964 2822//2822
f 2964//2964 3109//3109 2965//2965 2823//2823
f 2965//2965 3110//3110 2966//2966 2824//2824
f 2966//2966 3111//3111 2967//2967 2825//2825
f 2967//2967 3112//3112 2968//2968 2826//2826
f 2968//2968 3113//3113 2969//2969 2827//2827
f 2969//2969 3114//3114 2970//2970 2828//2828
f 2970//2970 3115//3115 3116//3116 2971//2971
f 2971//2971 3116//3116 3117//3117 2972//2972
f 2972//2972 3118//3118 2973//2973 2830//2830
f 2973//2973 3119//3119 2974//2974 2831//2831
f 2974//2974 3120//3120 2975//2975 2832//2832
f 2975//2975 3121//3121 2976//2976 2833//2833
f 2976//2976 3122//3122 2977//2977 2834//2834
f 2977//2977 3122//3122 3123//3123 2978//2978
f 2978//2978 3123//3123 3124//3124 2979//2979
f 2979//2979 3125//3125 2980//2980 2837//2837
f 2980//2980 2985//2985 2981//2981 2838//2838
f 2981//2981 2984//2984 2982//2982 2839//2839
f 2982//2982 2983//2983 2842//2842 2840//2840
f 2983//2983 2982//2982 2984//2984 2844//2844
f 2984//2984 2981//2981 2985//2985 2845//2845
f 2985//2985 2980//2980 3125//3125 2986//2986
f 2986//2986 3125//3125 3126//3126 2987//2987
f 2987//2987 3127//3127 2988//2988 2847//2847
f 2988//2988 3128//3128 2989//2989 2848//2848
f 2989//2989 3129//3129 2990//2990 2849//2849
f 2990//2990 3130//3130 2991//2991 2850//2850
f 2991//2991 3131//3131 3132//3132 2992//2992
f 2992//2992 3133//3133 2993//2993 2851//2851
f 2993//2993 3134//3134 2995//2995 2994//2994
f 2995//2995 2996//2996 2855//2855 2854//2854
f 2996//2996 3135//3135 2997//2997 2856//2856
f 2997//2997 3136//3136 2998//2998 2857//2857
f 2998//2998 3137//3137 2999//2999 2858//2858
f 2999//2999 3138//3138 3000//3000 2859//2859
f 3000//3000 3139//3139 3001//3001 2860//2860
f 3001//3001 3140//3140 3141//3141 3002//3002
f 3002//3002 3141//3141 3142//3142 3003//3003
f 3003//3003 3143//3143 3004//3004 2862//2862
f 3004//3004 3144//3144 3005//3005 2863//2863
f 3005//3005 3145//3145 3006//3006 2864//2864
f 3006//3006 3146//3146 3007//3007 2865//2865
f 3007//3007 3147//3147 3008//3008 2866//2866
f 3008//3008 3147//3147 3009//3009 2868//2868
f 3009//3009 3148//3148 3149//3149 3010//3010
f 3010//3010 3149//3149 3150//3150 3011//3011
f 3011//3011 3151//3151 3012//3012 2870//2870
f 3012//3012 3152//3152 3013//3013 2871//2871
f 3014//3014 3153//3153 3015//3015 2874//2874
f 3015//3015 3154//3154 3016//3016 2875//2875
f 3016//3016 3155//3155 3017//3017 2876//2876
f 3017//3017 3156//3156 3018//3018 2877//2877
f 3018//3018 3157//3157 3019//3019 2878//2878
f 3019//3019 3158//3158 3020//3020 2879//2879
f 3020//3020 3159//3159 3021//3021 2880//2880
f 3021//3021 3160//3160 3022//3022 2881//2881
f 3022//3022 3161//3161 3023//3023 2882//2882
f 3023//3023 3162//3162 3024//3024 2883//2883
f 3024//3024 3163//3163 3164//3164 3025//3025
f 3025//3025 3165//3165 3026//3026 2884//2884
f 3026//3026 3166//3166 3027//3027 2885//2885
f 3027//3027 3167//3167 3028//3028 2886//2886
f 3028//3028 3168//3168 3029//3029 2887//2887
f 3029//3029 3169//3169 3030//3030 2888//2888
f 3030//3030 3170//3170 3171//3171 3031//3031
f 3031//3031 3172//3172 3032//3032 2889//2889
f 3032//3032 3173//3173 3033//3033 2890//2890
f 3033//3033 3174//3174 3034//3034 2891//2891
f 3034//3034 3175//3175 3035//3035 2892//2892
f 3035//3035 3176//3176 3036//3036 2893//2893
f 3036//3036 3077//3077 2934//2934 2894//2894
f 3037//3037 3177//3177 3038//3038 2896//2896
f 3038//3038 3178//3178 3039//3039 2897//2897
f 3039//3039 3179//3179 3040//3040 2898//2898
f 3040//3040 3180//3180 3041//3041 2899//2899
f 3041//3041 3181//3181 3042//3042 2900//2900
f 3042//3042 3182//3182 3043//3043 2901//2901
f 3043//3043 3183//3183 3044//3044 2902//2902
f 3044//3044 3045//3045 2904//2904 2903//2903
f 3045//3045 3044//3044 3183//3183 3046//3046
f 3046//3046 3183//3183 3184//3184 3047//3047
f 3047//3047 3185//3185 3186//3186 2905//2905
f 2905//2905 3186//3186 3187//3187 3048//3048
f 3048//3048 3188//3188 3189//3189 3049//3049
f 3049//3049 3190//3190 3050//3050 2906//2906
f 3050//3050 3191//3191 3051//3051 2907//2907
f 3051//3051 3192//3192 3052//3052 2908//2908
f 3052//3052 3193//3193 3053//3053 2909//2909
f 3053//3053 3194//3194 3054//3054 2910//2910
f 3054//3054 3195//3195 3196//3196 3055//3055
f 3056//3056 2913//2913 3057//3057 2911//2911
f 3055//3055 3196//3196 3058//3058 2914//2914
f 3058//3058 3197//3197 3198//3198 3059//3059
f 3059//3059 3199//3199 3060//3060 2915//2915
f 3060//3060 3200//3200 3061//3061 2916//2916
f 3061//3061 3201//3201 3062//3062 2917//2917
f 3062//3062 3201//3201 3202//3202 3063//3063
f 3063//3063 3202//3202 3203//3203 3064//3064
f 3064//3064 3204//3204 3065//3065 2920//2920
f 3065//3065 3205//3205 3066//3066 2921//2921
f 3066//3066 3206//3206 3067//3067 2922//2922
f 3067//3067 3207//3207 3208//3208 3068//3068
f 3068//3068 3209//3209 3069//3069 2923//2923
f 3069//3069 3070//3070 2926//2926 2924//2924
f 3070//3070 3210//3210 3071//3071 2927//2927
f 3071//3071 3211//3211 3072//3072 2928//2928
f 3072//3072 3212//3212 3073//3073 2929//2929
f 3073//3073 3213//3213 3074//3074 2930//2930
f 3074//3074 3214//3214 3075//3075 2931//2931
f 3075//3075 3215//3215 3076//3076 2932//2932
f 3076//3076 3177//3177 3037//3037 2933//2933
f 3077//3077 3216//3216 3078//3078 2935//2935
f 3078//3078 3217//3217 3079//3079 2936//2936
f 3079//3079 3218//3218 3080//3080 2937//2937
f 3080//3080 3219//3219 3081//3081 2938//2938
f 3081//3081 3220//3220 3221//3221 2939//2939
f 2939//2939 3221//3221 3222//3222 3082//3082
f 3082//3082 3223//3223 3083//3083 2940//2940
f 3083//3083 3224//3224 3225//3225 3084//3084
f 3084//3084 3225//3225 3226//3226 3085//3085
f 3085//3085 3227//3227 3086//3086 2942//2942
f 3086//3086 3228//3228 3087//3087 2943//2943
f 3087//3087 3229//3229 3088//3088 2944//2944
f 3088//3088 3230//3230 3089//3089 2945//2945
f 3089//3089 3231//3231 3090//3090 2946//2946
f 3090//3090 3232//3232 3091//3091 2947//2947
f 3091//3091 3233//3233 3092//3092 2948//2948
f 3092//3092 3234//3234 3093//3093 2949//2949
f 3093//3093 3235//3235 3236//3236 3094//3094
f 3094//3094 3236//3236 3237//3237 3095//3095
f 3095//3095 3237//3237 3096//3096 2952//2952
f 3096//3096 3238//3238 3239//3239 3097//3097
f 3097//3097 3239//3239 3240//3240 3098//3098
f 3098//3098 3241//3241 3099//3099 2954//2954
f 3099//3099 3242//3242 3100//3100 2955//2955
f 3100//3100 3243//3243 3101//3101 2956//2956
f 3101//3101 3244//3244 3102//3102 2957//2957
f 3102//3102 3245//3245 3103//3103 2958//2958
f 3103//3103 3246//3246 3104//3104 2959//2959
f 3104//3104 3247//3247 3105//3105 2960//2960
f 3105//3105 3248//3248 3106//3106 2961//2961
f 3106//3106 3249//3249 3107//3107 2962//2962
f 3107//3107 3250//3250 3108//3108 2963//2963
f 3108//3108 3251//3251 3109//3109 2964//2964
f 3109//3109 3252//3252 3110//3110 2965//2965
f 3110//3110 3253//3253 3111//3111 2966//2966
f 3111//3111 3254//3254 3112//3112 2967//2967
f 3112//3112 3255//3255 3113//3113 2968//2968
f 3113//3113 3256//3256 3114//3114 2969//2969
f 3114//3114 3257//3257 3115//3115 2970//2970
f 3115//3115 3258//3258 3259//3259 3116//3116
f 3116//3116 3260//3260 3261//3261 3117//3117
f 3117//3117 3262//3262 3118//3118 2972//2972
f 3118//3118 3263//3263 3119//3119 2973//2973
f 3119//3119 3264//3264 3120//3120 2974//2974
f 3120//3120 3265//3265 3121//3121 2975//2975
f 3121//3121 3266//3266 3122//3122 2976//2976
f 3122//3122 3266//3266 3267//3267 3123//3123
f 3123//3123 3267//3267 3268//3268 3124//3124
f 3124//3124 3126//3126 3125//3125 2979//2979
f 3126//3126 3269//3269 3127//3127 2987//2987
f 3127//3127 3270//3270 3128//3128 2988//2988
f 3128//3128 3271//3271 3129//3129 2989//2989
f 3129//3129 3272//3272 3130//3130 2990//2990
f 3130//3130 3272//3272 3131//3131 2991//2991
f 3131//3131 3273//3273 3274//3274 3132//3132
f 3132//3132 3275//3275 3133//3133 2992//2992
f 3133//3133 3276//3276 3134//3134 2993//2993
f 3134//3134 3135//3135 2996//2996 2995//2995
f 3135//3135 3277//3277 3136//3136 2997//2997
f 3136//3136 3278//3278 3137//3137 2998//2998
f 3137//3137 3279//3279 3138//3138 2999//2999
f 3138//3138 3280//3280 3139//3139 3000//3000
f 3139//3139 3281//3281 3140//3140 3001//3001
f 3140//3140 3282//3282 3283//3283 3141//3141
f 3141//3141 3283//3283 3284//3284 3142//3142
f 3142//3142 3285//3285 3143//3143 3003//3003
f 3143//3143 3286//3286 3144//3144 3004//3004
f 3144//3144 3287//3287 3145//3145 3005//3005
f 3145//3145 3288//3288 3146//3146 3006//3006
f 3146//3146 3289//3289 3147//3147 3007//3007
f 3147//3147 3289//3289 3148//3148 3009//3009
f 3148//3148 3290//3290 3291//3291 3149//3149
f 3149//3149 3291//3291 3292//3292 3150//3150
f 3150//3150 3293//3293 3151//3151 3011//3011
f 3151//3151 3294//3294 3152//3152 3012//3012
f 3153//3153 3295//3295 3154//3154 3015//3015
f 3154//3154 3296//3296 3155//3155 3016//3016
f 3155//3155 3297//3297 3156//3156 3017//3017
f 3156//3156 3298//3298 3157//3157 3018//3018
f 3157//3157 3299//3299 3158//3158 3019//3019
f 3158//3158 3299//3299 3159//3159 3020//3020
f 3159//3159 3300//3300 3160//3160 3021//3021
f 3160//3160 3301//3301 3161//3161 3022//3022
f 3161//3161 3302//3302 3162//3162 3023//3023
f 3162//3162 3303//3303 3163//3163 3024//3024
f 3163//3163 3304//3304 3305//3305 3164//3164
f 3164//3164 3306//3306 3165//3165 3025//3025
f 3165//3165 3307//3307 3166//3166 3026//3026
f 3166//3166 3308//3308 3167//3167 3027//3027
f 3167//3167 3309//3309 3168//3168 3028//3028
f 3168//3168 3310//3310 3169//3169 3029//3029
f 3169//3169 3311//3311 3312//3312 3030//3030
f 3030//3030 3312//3312 3313//3313 3170//3170
f 3170//3170 3314//3314 3315//3315 3171//3171
f 3171//3171 3316//3316 3172//3172 3031//3031
f 3172//3172 3317//3317 3173//3173 3032//3032
f 3173//3173 3318//3318 3174//3174 3033//3033
f 3174//3174 3319//3319 3175//3175 3034//3034
f 3175//3175 3320//3320 3176//3176 3035//3035
f 3176//3176 3216//3216 3077//3077 3036//3036
f 3177//3177 3321//3321 3178//3178 3038//3038
f 3178//3178 3322//3322 3179//3179 3039//3039
f 3179//3179 3323//3323 3180//3180 3040//3040
f 3180//3180 3324//3324 3181//3181 3041//3041
f 3181//3181 3325//3325 3182//3182 3042//3042
f 3182//3182 3184//3184 3183//3183 3043//3043
f 3184//3184 3326//3326 3185//3185 3047//3047
f 3185//3185 3326//3326 3327//3327 3186//3186
f 3186//3186 3327//3327 3328//3328 3187//3187
f 3187//3187 3329//3329 3188//3188 3048//3048
f 3188//3188 3329//3329 3330//3330 3189//3189
f 3189//3189 3331//3331 3190//3190 3049//3049
f 3190//3190 3332//3332 3191//3191 3050//3050
f 3191//3191 3333//3333 3192//3192 3051//3051
f 3192//3192 3334//3334 3193//3193 3052//3052
f 3193//3193 3335//3335 3194//3194 3053//3053
f 3194//3194 3336//3336 3195//3195 3054//3054
f 3195//3195 3197//3197 3058//3058 3196//3196
f 3197//3197 3337//3337 3338//3338 3198//3198
f 3198//3198 3339//3339 3340//3340 3199//3199 3059//3059
f 3199//3199 3340//3340 3200//3200 3060//3060
f 3200//3200 3202//3202 3201//3201 3061//3061
f 3202//3202 3200//3200 3341//3341 3203//3203
f 3203//3203 3342//3342 3204//3204 3064//3064
f 3204//3204 3343//3343 3205//3205 3065//3065
f 3205//3205 3344//3344 3206//3206 3066//3066
f 3206//3206 3345//3345 3207//3207 3067//3067
f 3207//3207 3346//3346 3347//3347 3208//3208
f 3208//3208 3348//3348 3349//3349 3068//3068
f 3068//3068 3349//3349 3350//3350 3209//3209
f 3209//3209 3210//3210 3070//3070 3069//3069
f 3210//3210 3351//3351 3211//3211 3071//3071
f 3211//3211 3352//3352 3212//3212 3072//3072
f 3212//3212 3353//3353 3213//3213 3073//3073
f 3213//3213 3354//3354 3214//3214 3074//3074
f 3214//3214 3355//3355 3215//3215 3075//3075
f 3215//3215 3321//3321 3177//3177 3076//3076
f 3216//3216 3356//3356 3217//3217 3078//3078
f 3217//3217 3357//3357 3218//3218 3079//3079
f 3218//3218 3358//3358 3219//3219 3080//3080
f 3219//3219 3359//3359 3360//3360 3081//3081
f 3081//3081 3360//3360 3361//3361 3220//3220
f 3220//3220 3362//3362 3363//3363 3221//3221
f 3221//3221 3363//3363 3364//3364 3222//3222
f 3222//3222 3365//3365 3223//3223 3082//3082
f 3223//3223 3366//3366 3224//3224 3083//3083
f 3224//3224 3367//3367 3368//3368 3225//3225
f 3225//3225 3368//3368 3369//3369 3226//3226
f 3226//3226 3370//3370 3227//3227 3085//3085
f 3227//3227 3371//3371 3228//3228 3086//3086
f 3228//3228 3372//3372 3229//3229 3087//3087
f 3229//3229 3373//3373 3230//3230 3088//3088
f 3230//3230 3374//3374 3231//3231 3089//3089
f 3231//3231 3375//3375 3232//3232 3090//3090
f 3232//3232 3376//3376 3233//3233 3091//3091
f 3233//3233 3377//3377 3234//3234 3092//3092
f 3234//3234 3378//3378 3235//3235 3093//3093
f 3235//3235 3379//3379 3380//3380 3236//3236
f 3236//3236 3380//3380 3381//3381 3237//3237
f 3237//3237 3381//3381 3238//3238 3096//3096
f 3238//3238 3382//3382 3383//3383 3239//3239
f 3239//3239 3383//3383 3384//3384 3240//3240
f 3240//3240 3385//3385 3241//3241 3098//3098
f 3241//3241 3386//3386 3242//3242 3099//3099
f 3242//3242 3387//3387 3243//3243 3100//3100
f 3243//3243 3388//3388 3244//3244 3101//3101
f 3244//3244 3389//3389 3245//3245 3102//3102
f 3245//3245 3390//3390 3246//3246 3103//3103
f 3246//3246 3391//3391 3247//3247 3104//3104
f 3247//3247 3392//3392 3248//3248 3105//3105
f 3248//3248 3393//3393 3249//3249 3106//3106
f 3249//3249 3394//3394 3250//3250 3107//3107
f 3250//3250 3395//3395 3251//3251 3108//3108
f 3251//3251 3396//3396 3252//3252 3109//3109
f 3252//3252 3397//3397 3253//3253 3110//3110
f 3253//3253 3398//3398 3254//3254 3111//3111
f 3254//3254 3399//3399 3255//3255 3112//3112
f 3255//3255 3400//3400 3256//3256 3113//3113
f 3256//3256 3401//3401 3257//3257 3114//3114
f 3257//3257 3402//3402 3258//3258 3115//3115
f 3258//3258 3403//3403 3404//3404 3259//3259
f 3259//3259 3405//3405 3260//3260 3116//3116
f 3260//3260 3406//3406 3407//3407 3261//3261
f 3261//3261 3408//3408 3262//3262 3117//3117
f 3262//3262 3409//3409 3263//3263 3118//3118
f 3263//3263 3410//3410 3264//3264 3119//3119
f 3264//3264 3411//3411 3265//3265 3120//3120
f 3265//3265 3412//3412 3266//3266 3121//3121
f 3266//3266 3412//3412 3413//3413 3267//3267
f 3267//3267 3413//3413 3414//3414 3268//3268
f 3268//3268 3269//3269 3126//3126 3124//3124
f 3269//3269 3415//3415 3270//3270 3127//3127
f 3270//3270 3416//3416 3271//3271 3128//3128
f 3271//3271 3417//3417 3272//3272 3129//3129
f 3272//3272 3417//3417 3273//3273 3131//3131
f 3273//3273 3418//3418 3419//3419 3274//3274
f 3274//3274 3420//3420 3275//3275 3132//3132
f 3275//3275 3421//3421 3276//3276 3133//3133
f 3276//3276 3277//3277 3135//3135 3134//3134
f 3277//3277 3422//3422 3278//3278 3136//3136
f 3278//3278 3423//3423 3279//3279 3137//3137
f 3279//3279 3424//3424 3280//3280 3138//3138
f 3280//3280 3425//3425 3281//3281 3139//3139
f 3281//3281 3426//3426 3282//3282 3140//3140
f 3282//3282 3427//3427 3305//3305 3283//3283
f 3283//3283 3305//3305 3304//3304 3284//3284
f 3284//3284 3428//3428 3285//3285 3142//3142
f 3285//3285 3429//3429 3286//3286 3143//3143
f 3286//3286 3430//3430 3287//3287 3144//3144
f 3287//3287 3431//3431 3288//3288 3145//3145
f 3288//3288 3432//3432 3289//3289 3146//3146
f 3289//3289 3432//3432 3290//3290 3148//3148
f 3290//3290 3433//3433 3434//3434 3291//3291
f 3291//3291 3434//3434 3435//3435 3292//3292
f 3292//3292 3436//3436 3293//3293 3150//3150
f 3293//3293 3437//3437 3294//3294 3151//3151
f 3295//3295 3438//3438 3296//3296 3154//3154
f 3296//3296 3439//3439 3297//3297 3155//3155
f 3297//3297 3440//3440 3298//3298 3156//3156
f 3298//3298 3441//3441 3299//3299 3157//3157
f 3299//3299 3441//3441 3300//3300 3159//3159
f 3300//3300 3442//3442 3443//3443 3160//3160
f 3160//3160 3443//3443 3444//3444 3301//3301
f 3301//3301 3445//3445 3302//3302 3161//3161
f 3302//3302 3446//3446 3303//3303 3162//3162
f 3303//3303 3447//3447 3304//3304 3163//3163
f 3305//3305 3448//3448 3306//3306 3164//3164
f 3306//3306 3449//3449 3307//3307 3165//3165
f 3307//3307 3450//3450 3308//3308 3166//3166
f 3308//3308 3451//3451 3309//3309 3167//3167
f 3309//3309 3452//3452 3310//3310 3168//3168
f 3310//3310 3453//3453 3311//3311 3169//3169
f 3311//3311 3454//3454 3455//3455 3312//3312
f 3312//3312 3455//3455 3456//3456 3313//3313
f 3313//3313 3457//3457 3314//3314 3170//3170
f 3314//3314 3458//3458 3459//3459 3315//3315
f 3315//3315 3460//3460 3461//3461 3171//3171
f 3171//3171 3461//3461 3462//3462 3316//3316
f 3316//3316 3463//3463 3317//3317 3172//3172
f 3317//3317 3464//3464 3318//3318 3173//3173
f 3318//3318 3465//3465 3319//3319 3174//3174
f 3319//3319 3466//3466 3320//3320 3175//3175
f 3320//3320 3356//3356 3216//3216 3176//3176
f 3321//3321 3467//3467 3322//3322 3178//3178
f 3322//3322 3468//3468 3323//3323 3179//3179
f 3323//3323 3469//3469 3324//3324 3180//3180
f 3324//3324 3470//3470 3325//3325 3181//3181
f 3325//3325 3326//3326 3184//3184 3182//3182
f 3326//3326 3325//3325 3470//3470 3327//3327
f 3327//3327 3470//3470 3471//3471 3328//3328
f 3328//3328 3472//3472 3329//3329 3187//3187
f 3329//3329 3472//3472 3473//3473 3330//3330
f 3330//3330 3474//3474 3331//3331 3189//3189
f 3331//3331 3475//3475 3332//3332 3190//3190
f 3332//3332 3476//3476 3333//3333 3191//3191
f 3333//3333 3477//3477 3334//3334 3192//3192
f 3334//3334 3478//3478 3335//3335 3193//3193
f 3335//3335 3479//3479 3336//3336 3194//3194
f 3336//3336 3337//3337 3197//3197 3195//3195
f 3337//3337 3480//3480 3481//3481 3338//3338
f 3338//3338 3482//3482 3339//3339 3198//3198
f 3339//3339 3341//3341 3200//3200 3340//3340
f 3341//3341 3483//3483 3342//3342 3203//3203
f 3342//3342 3484//3484 3343//3343 3204//3204
f 3343//3343 3485//3485 3344//3344 3205//3205
f 3344//3344 3486//3486 3345//3345 3206//3206
f 3345//3345 3487//3487 3346//3346 3207//3207
f 3346//3346 3488//3488 3489//3489 3347//3347
f 3347//3347 3490//3490 3491//3491 3208//3208
f 3208//3208 3491//3491 3492//3492 3348//3348
f 3348//3348 3493//3493 3494//3494 3349//3349
f 3349//3349 3494//3494 3351//3351 3350//3350
f 3350//3350 3351//3351 3210//3210 3209//3209
f 3351//3351 3494//3494 3352//3352 3211//3211
f 3352//3352 3495//3495 3353//3353 3212//3212
f 3353//3353 3496//3496 3354//3354 3213//3213
f 3354//3354 3497//3497 3355//3355 3214//3214
f 3355//3355 3467//3467 3321//3321 3215//3215
f 3356//3356 3498//3498 3357//3357 3217//3217
f 3357//3357 3499//3499 3358//3358 3218//3218
f 3358//3358 3500//3500 3359//3359 3219//3219
f 3359//3359 3501//3501 3502//3502 3360//3360
f 3360//3360 3502//3502 3503//3503 3361//3361
f 3361//3361 3503//3503 3504//3504 3220//3220
f 3220//3220 3504//3504 3505//3505 3362//3362
f 3362//3362 3506//3506 3507//3507 3363//3363
f 3363//3363 3507//3507 3508//3508 3364//3364
f 3364//3364 3509//3509 3365//3365 3222//3222
f 3365//3365 3510//3510 3366//3366 3223//3223
f 3366//3366 3511//3511 3367//3367 3224//3224
f 3367//3367 3512//3512 3513//3513 3368//3368
f 3368//3368 3513//3513 3514//3514 3369//3369
f 3369//3369 3515//3515 3370//3370 3226//3226
f 3370//3370 3516//3516 3371//3371 3227//3227
f 3371//3371 3517//3517 3372//3372 3228//3228
f 3372//3372 3518//3518 3373//3373 3229//3229
f 3373//3373 3519//3519 3374//3374 3230//3230
f 3374//3374 3520//3520 3375//3375 3231//3231
f 3375//3375 3521//3521 3376//3376 3232//3232
f 3376//3376 3522//3522 3377//3377 3233//3233
f 3377//3377 3523//3523 3378//3378 3234//3234
f 3378//3378 3524//3524 3379//3379 3235//3235
f 3379//3379 3525//3525 3526//3526 3380//3380
f 3380//3380 3526//3526 3527//3527 3381//3381
f 3381//3381 3527//3527 3382//3382 3238//3238
f 3382//3382 3528//3528 3529//3529 3383//3383
f 3383//3383 3529//3529 3530//3530 3384//3384
f 3384//3384 3531//3531 3385//3385 3240//3240
f 3385//3385 3532//3532 3386//3386 3241//3241
f 3386//3386 3533//3533 3387//3387 3242//3242
f 3387//3387 3534//3534 3388//3388 3243//3243
f 3388//3388 3535//3535 3389//3389 3244//3244
f 3389//3389 3536//3536 3390//3390 3245//3245
f 3390//3390 3537//3537 3391//3391 3246//3246
f 3391//3391 3538//3538 3392//3392 3247//3247
f 3392//3392 3539//3539 3393//3393 3248//3248
f 3393//3393 3540//3540 3394//3394 3249//3249
f 3394//3394 3541//3541 3395//3395 3250//3250
f 3395//3395 3542//3542 3396//3396 3251//3251
f 3396//3396 3543//3543 3397//3397 3252//3252
f 3397//3397 3512//3512 3398//3398 3253//3253
f 3398//3398 3511//3511 3399//3399 3254//3254
f 3399//3399 3510//3510 3400//3400 3255//3255
f 3400//3400 3509//3509 3401//3401 3256//3256
f 3401//3401 3508//3508 3402//3402 3257//3257
f 3402//3402 3544//3544 3545//3545 3403//3403 3258//3258
f 3403//3403 3546//3546 3547//3547 3404//3404
f 3404//3404 3548//3548 3405//3405 3259//3259
f 3405//3405 3549//3549 3406//3406 3260//3260
f 3406//3406 3550//3550 3551//3551 3407//3407
f 3407//3407 3552//3552 3408//3408 3261//3261
f 3408//3408 3553//3553 3409//3409 3262//3262
f 3409//3409 3554//3554 3410//3410 3263//3263
f 3410//3410 3555//3555 3411//3411 3264//3264
f 3411//3411 3556//3556 3412//3412 3265//3265
f 3412//3412 3556//3556 3557//3557 3413//3413
f 3413//3413 3557//3557 3558//3558 3414//3414
f 3414//3414 3415//3415 3269//3269 3268//3268
f 3415//3415 3559//3559 3416//3416 3270//3270
f 3416//3416 3560//3560 3417//3417 3271//3271
f 3417//3417 3560//3560 3418//3418 3273//3273
f 3418//3418 3561//3561 3562//3562 3419//3419
f 3419//3419 3563//3563 3420//3420 3274//3274
f 3420//3420 3564//3564 3421//3421 3275//3275
f 3421//3421 3422//3422 3277//3277 3276//3276
f 3422//3422 3565//3565 3423//3423 3278//3278
f 3423//3423 3566//3566 3424//3424 3279//3279
f 3424//3424 3567//3567 3425//3425 3280//3280
f 3425//3425 3568//3568 3426//3426 3281//3281
f 3426//3426 3569//3569 3427//3427 3282//3282
f 3427//3427 3570//3570 3448//3448 3305//3305
f 3304//3304 3447//3447 3428//3428 3284//3284
f 3428//3428 3571//3571 3429//3429 3285//3285
f 3429//3429 3572//3572 3430//3430 3286//3286
f 3430//3430 3573//3573 3431//3431 3287//3287
f 3431//3431 3574//3574 3432//3432 3288//3288
f 3432//3432 3574//3574 3433//3433 3290//3290
f 3433//3433 3575//3575 3576//3576 3434//3434
f 3434//3434 3576//3576 3577//3577 3435//3435
f 3435//3435 3578//3578 3436//3436 3292//3292
f 3436//3436 3579//3579 3437//3437 3293//3293
f 3438//3438 3580//3580 3439//3439 3296//3296
f 3439//3439 3581//3581 3440//3440 3297//3297
f 3440//3440 3582//3582 3441//3441 3298//3298
f 3441//3441 3582//3582 3442//3442 3300//3300
f 3442//3442 3583//3583 3584//3584 3443//3443
f 3443//3443 3584//3584 3585//3585 3444//3444
f 3444//3444 3586//3586 3445//3445 3301//3301
f 3445//3445 3587//3587 3446//3446 3302//3302
f 3446//3446 3588//3588 3447//3447 3303//3303
f 3448//3448 3589//3589 3449//3449 3306//3306
f 3449//3449 3590//3590 3450//3450 3307//3307
f 3450//3450 3591//3591 3451//3451 3308//3308
f 3451//3451 3592//3592 3452//3452 3309//3309
f 3452//3452 3550//3550 3453//3453 3310//3310
f 3453//3453 3549//3549 3454//3454 3311//3311
f 3454//3454 3548//3548 3593//3593 3455//3455
f 3455//3455 3593//3593 3594//3594 3456//3456
f 3456//3456 3595//3595 3457//3457 3313//3313
f 3457//3457 3596//3596 3458//3458 3314//3314
f 3458//3458 3597//3597 3598//3598 3459//3459
f 3459//3459 3599//3599 3460//3460 3315//3315
f 3460//3460 3600//3600 3601//3601 3461//3461
f 3461//3461 3601//3601 3602//3602 3462//3462
f 3462//3462 3603//3603 3463//3463 3316//3316
f 3463//3463 3604//3604 3464//3464 3317//3317
f 3464//3464 3605//3605 3465//3465 3318//3318
f 3465//3465 3606//3606 3466//3466 3319//3319
f 3466//3466 3498//3498 3356//3356 3320//3320
f 3467//3467 3607//3607 3468//3468 3322//3322
f 3468//3468 3608//3608 3469//3469 3323//3323
f 3469//3469 3471//3471 3470//3470 3324//3324
f 3471//3471 3609//3609 3610//3610 3328//3328
f 3328//3328 3610//3610 3611//3611 3472//3472
f 3472//3472 3611//3611 3612//3612 3473//3473
f 3473//3473 3613//3613 3474//3474 3330//3330
f 3474//3474 3614//3614 3475//3475 3331//3331
f 3475//3475 3615//3615 3476//3476 3332//3332
f 3476//3476 3616//3616 3477//3477 3333//3333
f 3477//3477 3617//3617 3478//3478 3334//3334
f 3478//3478 3618//3618 3479//3479 3335//3335
f 3479//3479 3480//3480 3337//3337 3336//3336
f 3480//3480 3619//3619 3620//3620 3481//3481
f 3481//3481 3621//3621 3482//3482 3338//3338
f 3482//3482 3483//3483 3341//3341 3339//3339
f 3483//3483 3622//3622 3484//3484 3342//3342
f 3484//3484 3623//3623 3485//3485 3343//3343
f 3485//3485 3624//3624 3486//3486 3344//3344
f 3486//3486 3625//3625 3487//3487 3345//3345
f 3487//3487 3626//3626 3488//3488 3346//3346
f 3488//3488 3627//3627 3628//3628 3489//3489
f 3489//3489 3628//3628 3490//3490 3347//3347
f 3490//3490 3629//3629 3630//3630 3491//3491
f 3491//3491 3630//3630 3631//3631 3492//3492
f 3492//3492 3631//3631 3493//3493 3348//3348
f 3493//3493 3495//3495 3352//3352 3494//3494
f 3495//3495 3632//3632 3496//3496 3353//3353
f 3496//3496 3633//3633 3497//3497 3354//3354
f 3497//3497 3607//3607 3467//3467 3355//3355
f 3498//3498 3634//3634 3499//3499 3357//3357
f 3499//3499 3635//3635 3500//3500 3358//3358
f 3500//3500 3636//3636 3501//3501 3359//3359
f 3501//3501 3637//3637 3638//3638 3502//3502
f 3502//3502 3638//3638 3639//3639 3503//3503
f 3503//3503 3639//3639 3505//3505 3504//3504
f 3505//3505 3640//3640 3506//3506 3362//3362
f 3506//3506 3641//3641 3544//3544 3507//3507
f 3507//3507 3544//3544 3402//3402 3508//3508
f 3508//3508 3401//3401 3509//3509 3364//3364
f 3509//3509 3400//3400 3510//3510 3365//3365
f 3510//3510 3399//3399 3511//3511 3366//3366
f 3511//3511 3398//3398 3512//3512 3367//3367
f 3512//3512 3397//3397 3543//3543 3513//3513
f 3513//3513 3543//3543 3642//3642 3514//3514
f 3514//3514 3643//3643 3515//3515 3369//3369
f 3515//3515 3644//3644 3516//3516 3370//3370
f 3516//3516 3645//3645 3517//3517 3371//3371
f 3517//3517 3646//3646 3518//3518 3372//3372
f 3518//3518 3647//3647 3519//3519 3373//3373
f 3519//3519 3648//3648 3520//3520 3374//3374
f 3520//3520 3649//3649 3521//3521 3375//3375
f 3521//3521 3650//3650 3522//3522 3376//3376
f 3522//3522 3651//3651 3523//3523 3377//3377
f 3523//3523 3652//3652 3524//3524 3378//3378
f 3524//3524 3653//3653 3525//3525 3379//3379
f 3525//3525 3654//3654 3655//3655 3526//3526
f 3526//3526 3655//3655 3656//3656 3527//3527
f 3527//3527 3656//3656 3528//3528 3382//3382
f 3528//3528 3657//3657 3658//3658 3529//3529
f 3529//3529 3658//3658 3659//3659 3530//3530
f 3530//3530 3660//3660 3531//3531 3384//3384
f 3531//3531 3661//3661 3532//3532 3385//3385
f 3532//3532 3662//3662 3533//3533 3386//3386
f 3533//3533 3663//3663 3534//3534 3387//3387
f 3534//3534 3664//3664 3535//3535 3388//3388
f 3535//3535 3665//3665 3536//3536 3389//3389
f 3536//3536 3666//3666 3537//3537 3390//3390
f 3537//3537 3667//3667 3538//3538 3391//3391
f 3538//3538 3668//3668 3539//3539 3392//3392
f 3539//3539 3669//3669 3540//3540 3393//3393
f 3540//3540 3670//3670 3541//3541 3394//3394
f 3541//3541 3671//3671 3542//3542 3395//3395
f 3542//3542 3642//3642 3543//3543 3396//3396
f 3544//3544 3641//3641 3672//3672 3545//3545
f 3545//3545 3672//3672 3546//3546 3403//3403
f 3546//3546 3673//3673 3674//3674 3547//3547
f 3547//3547 3593//3593 3548//3548 3404//3404
f 3548//3548 3454//3454 3549//3549 3405//3405
f 3549//3549 3453//3453 3550//3550 3406//3406
f 3550//3550 3452//3452 3592//3592 3551//3551
f 3551//3551 3675//3675 3552//3552 3407//3407
f 3552//3552 3676//3676 3553//3553 3408//3408
f 3553//3553 3677//3677 3554//3554 3409//3409
f 3554//3554 3678//3678 3555//3555 3410//3410
f 3555//3555 3679//3679 3556//3556 3411//3411
f 3556//3556 3679//3679 3680//3680 3557//3557
f 3557//3557 3680//3680 3681//3681 3558//3558
f 3558//3558 3559//3559 3415//3415 3414//3414
f 3559//3559 3682//3682 3560//3560 3416//3416
f 3560//3560 3682//3682 3561//3561 3418//3418
f 3561//3561 3683//3683 3684//3684 3562//3562
f 3562//3562 3685//3685 3563//3563 3419//3419
f 3563//3563 3686//3686 3564//3564 3420//3420
f 3564//3564 3565//3565 3422//3422 3421//3421
f 3565//3565 3687//3687 3566//3566 3423//3423
f 3566//3566 3688//3688 3567//3567 3424//3424
f 3567//3567 3689//3689 3568//3568 3425//3425
f 3568//3568 3690//3690 3569//3569 3426//3426
f 3569//3569 3691//3691 3570//3570 3427//3427
f 3570//3570 3692//3692 3589//3589 3448//3448
f 3447//3447 3588//3588 3571//3571 3428//3428
f 3571//3571 3693//3693 3572//3572 3429//3429
f 3572//3572 3694//3694 3573//3573 3430//3430
f 3573//3573 3695//3695 3574//3574 3431//3431
f 3574//3574 3695//3695 3575//3575 3433//3433
f 3575//3575 3696//3696 3697//3697 3576//3576
f 3576//3576 3697//3697 3698//3698 3577//3577
f 3577//3577 3699//3699 3578//3578 3435//3435
f 3578//3578 3700//3700 3579//3579 3436//3436
f 3580//3580 3701//3701 3581//3581 3439//3439
f 3581//3581 3702//3702 3582//3582 3440//3440
f 3582//3582 3702//3702 3583//3583 3442//3442
f 3583//3583 3703//3703 3704//3704 3584//3584
f 3584//3584 3704//3704 3705//3705 3585//3585
f 3585//3585 3706//3706 3586//3586 3444//3444
f 3586//3586 3707//3707 3708//3708 3445//3445
f 3445//3445 3708//3708 3709//3709 3587//3587
f 3587//3587 3710//3710 3588//3588 3446//3446
f 3589//3589 3711//3711 3590//3590 3449//3449
f 3590//3590 3712//3712 3591//3591 3450//3450
f 3591//3591 3713//3713 3592//3592 3451//3451
f 3593//3593 3547//3547 3674//3674 3594//3594
f 3594//3594 3714//3714 3595//3595 3456//3456
f 3595//3595 3714//3714 3596//3596 3457//3457
f 3596//3596 3715//3715 3597//3597 3458//3458
f 3597//3597 3716//3716 3717//3717 3598//3598
f 3598//3598 3718//3718 3599//3599 3459//3459
f 3599//3599 3719//3719 3600//3600 3460//3460
f 3600//3600 3720//3720 3721//3721 3601//3601
f 3601//3601 3722//3722 3723//3723 3602//3602
f 3602//3602 3724//3724 3603//3603 3462//3462
f 3603//3603 3725//3725 3604//3604 3463//3463
f 3604//3604 3726//3726 3605//3605 3464//3464
f 3605//3605 3727//3727 3606//3606 3465//3465
f 3606//3606 3634//3634 3498//3498 3466//3466
f 3607//3607 3728//3728 3608//3608 3468//3468
f 3608//3608 3609//3609 3471//3471 3469//3469
f 3609//3609 3729//3729 3629//3629 3610//3610
f 3610//3610 3629//3629 3730//3730 3611//3611
f 3611//3611 3730//3730 3731//3731 3612//3612
f 3612//3612 3732//3732 3613//3613 3473//3473
f 3613//3613 3733//3733 3614//3614 3474//3474
f 3614//3614 3734//3734 3615//3615 3475//3475
f 3615//3615 3735//3735 3616//3616 3476//3476
f 3616//3616 3736//3736 3737//3737 3617//3617 3477//3477
f 3617//3617 3738//3738 3618//3618 3478//3478
f 3618//3618 3619//3619 3480//3480 3479//3479
f 3619//3619 3739//3739 3740//3740 3620//3620
f 3620//3620 3741//3741 3621//3621 3481//3481
f 3621//3621 3622//3622 3483//3483 3482//3482
f 3622//3622 3742//3742 3623//3623 3484//3484
f 3623//3623 3743//3743 3624//3624 3485//3485
f 3624//3624 3744//3744 3625//3625 3486//3486
f 3625//3625 3745//3745 3626//3626 3487//3487
f 3626//3626 3746//3746 3627//3627 3488//3488
f 3627//3627 3731//3731 3730//3730 3628//3628
f 3628//3628 3730//3730 3629//3629 3490//3490
f 3629//3629 3729//3729 3747//3747 3630//3630
f 3630//3630 3747//3747 3632//3632 3631//3631
f 3631//3631 3632//3632 3495//3495 3493//3493
f 3632//3632 3747//3747 3633//3633 3496//3496
f 3633//3633 3728//3728 3607//3607 3497//3497
f 3634//3634 3748//3748 3635//3635 3499//3499
f 3635//3635 3749//3749 3636//3636 3500//3500
f 3636//3636 3750//3750 3637//3637 3501//3501
f 3637//3637 3751//3751 3752//3752 3638//3638
f 3638//3638 3752//3752 3753//3753 3639//3639
f 3639//3639 3753//3753 3640//3640 3505//3505
f 3640//3640 3754//3754 3641//3641 3506//3506
f 3642//3642 3755//3755 3643//3643 3514//3514
f 3643//3643 3756//3756 3644//3644 3515//3515
f 3644//3644 3757//3757 3645//3645 3516//3516
f 3645//3645 3758//3758 3646//3646 3517//3517
f 3646//3646 3759//3759 3647//3647 3518//3518
f 3647//3647 3760//3760 3648//3648 3519//3519
f 3648//3648 3761//3761 3649//3649 3520//3520
f 3649//3649 3762//3762 3650//3650 3521//3521
f 3650//3650 3763//3763 3651//3651 3522//3522
f 3651//3651 3764//3764 3652//3652 3523//3523
f 3652//3652 3765//3765 3653//3653 3524//3524
f 3653//3653 3766//3766 3654//3654 3525//3525
f 3654//3654 3767//3767 3768//3768 3655//3655
f 3655//3655 3768//3768 3769//3769 3656//3656
f 3656//3656 3769//3769 3657//3657 3528//3528
f 3657//3657 3770//3770 3771//3771 3658//3658
f 3658//3658 3771//3771 3772//3772 3659//3659
f 3659//3659 3773//3773 3660//3660 3530//3530
f 3660//3660 3774//3774 3661//3661 3531//3531
f 3661//3661 3775//3775 3662//3662 3532//3532
f 3662//3662 3776//3776 3663//3663 3533//3533
f 3663//3663 3777//3777 3664//3664 3534//3534
f 3664//3664 3778//3778 3665//3665 3535//3535
f 3665//3665 3779//3779 3666//3666 3536//3536
f 3666//3666 3780//3780 3667//3667 3537//3537
f 3667//3667 3781//3781 3668//3668 3538//3538
f 3668//3668 3782//3782 3669//3669 3539//3539
f 3669//3669 3783//3783 3670//3670 3540//3540
f 3670//3670 3784//3784 3671//3671 3541//3541
f 3671//3671 3755//3755 3642//3642 3542//3542
f 3641//3641 3754//3754 3785//3785 3672//3672
f 3672//3672 3785//3785 3673//3673 3546//3546
f 3673//3673 3786//3786 3787//3787 3674//3674
f 3592//3592 3713//3713 3675//3675 3551//3551
f 3675//3675 3788//3788 3676//3676 3552//3552
f 3676//3676 3789//3789 3677//3677 3553//3553
f 3677//3677 3790//3790 3678//3678 3554//3554
f 3678//3678 3791//3791 3679//3679 3555//3555
f 3679//3679 3791//3791 3792//3792 3680//3680
f 3680//3680 3792//3792 3683//3683 3681//3681
f 3681//3681 3682//3682 3559//3559 3558//3558
f 3682//3682 3681//3681 3683//3683 3561//3561
f 3683//3683 3792//3792 3793//3793 3684//3684
f 3684//3684 3794//3794 3685//3685 3562//3562
f 3685//3685 3795//3795 3686//3686 3563//3563
f 3686//3686 3687//3687 3565//3565 3564//3564
f 3687//3687 3796//3796 3688//3688 3566//3566
f 3688//3688 3797//3797 3689//3689 3567//3567
f 3689//3689 3798//3798 3690//3690 3568//3568
f 3690//3690 3799//3799 3691//3691 3569//3569
f 3691//3691 3799//3799 3692//3692 3570//3570
f 3692//3692 3800//3800 3711//3711 3589//3589
f 3588//3588 3710//3710 3693//3693 3571//3571
f 3693//3693 3801//3801 3694//3694 3572//3572
f 3694//3694 3802//3802 3695//3695 3573//3573
f 3695//3695 3802//3802 3696//3696 3575//3575
f 3696//3696 3803//3803 3804//3804 3697//3697
f 3697//3697 3804//3804 3805//3805 3698//3698
f 3698//3698 3806//3806 3699//3699 3577//3577
f 3699//3699 3807//3807 3700//3700 3578//3578
f 3701//3701 3808//3808 3702//3702 3581//3581
f 3702//3702 3808//3808 3703//3703 3583//3583
f 3705//3705 3809//3809 3706//3706 3585//3585
f 3706//3706 3810//3810 3707//3707 3586//3586
f 3707//3707 3811//3811 3812//3812 3708//3708
f 3708//3708 3812//3812 3813//3813 3709//3709
f 3709//3709 3814//3814 3710//3710 3587//3587
f 3711//3711 3815//3815 3712//3712 3590//3590
f 3712//3712 3816//3816 3713//3713 3591//3591
f 3674//3674 3787//3787 3714//3714 3594//3594
f 3714//3714 3787//3787 3715//3715 3596//3596
f 3715//3715 3817//3817 3716//3716 3597//3597
f 3716//3716 3818//3818 3819//3819 3717//3717
f 3717//3717 3820//3820 3718//3718 3598//3598
f 3718//3718 3821//3821 3719//3719 3599//3599
f 3719//3719 3822//3822 3720//3720 3600//3600
f 3720//3720 3823//3823 3824//3824 3721//3721
f 3721//3721 3824//3824 3722//3722 3601//3601
f 3722//3722 3825//3825 3826//3826 3723//3723
f 3723//3723 3827//3827 3724//3724 3602//3602
f 3724//3724 3828//3828 3725//3725 3603//3603
f 3725//3725 3829//3829 3726//3726 3604//3604
f 3726//3726 3830//3830 3727//3727 3605//3605
f 3727//3727 3748//3748 3634//3634 3606//3606
f 3728//3728 3729//3729 3609//3609 3608//3608
f 3731//3731 3831//3831 3732//3732 3612//3612
f 3732//3732 3832//3832 3733//3733 3613//3613
f 3733//3733 3833//3833 3734//3734 3614//3614
f 3734//3734 3834//3834 3735//3735 3615//3615
f 3735//3735 3834//3834 3736//3736 3616//3616
f 3736//3736 3834//3834 3835//3835 3836//3836 3737//3737
f 3737//3737 3837//3837 3738//3738 3617//3617
f 3738//3738 3739//3739 3619//3619 3618//3618
f 3739//3739 3838//3838 3839//3839 3740//3740
f 3740//3740 3840//3840 3741//3741 3620//3620
f 3741//3741 3742//3742 3622//3622 3621//3621
f 3742//3742 3841//3841 3743//3743 3623//3623
f 3743//3743 3842//3842 3744//3744 3624//3624
f 3744//3744 3843//3843 3745//3745 3625//3625
f 3745//3745 3844//3844 3746//3746 3626//3626
f 3746//3746 3831//3831 3731//3731 3627//3627
f 3729//3729 3728//3728 3633//3633 3747//3747
f 3748//3748 3845//3845 3846//3846 3749//3749 3635//3635
f 3749//3749 3847//3847 3750//3750 3636//3636
f 3750//3750 3848//3848 3751//3751 3637//3637
f 3751//3751 3849//3849 3850//3850 3752//3752
f 3752//3752 3850//3850 3851//3851 3753//3753
f 3753//3753 3851//3851 3754//3754 3640//3640
f 3755//3755 3852//3852 3756//3756 3643//3643
f 3756//3756 3853//3853 3757//3757 3644//3644
f 3757//3757 3854//3854 3758//3758 3645//3645
f 3758//3758 3855//3855 3759//3759 3646//3646
f 3759//3759 3856//3856 3760//3760 3647//3647
f 3760//3760 3857//3857 3761//3761 3648//3648
f 3761//3761 3858//3858 3762//3762 3649//3649
f 3762//3762 3859//3859 3763//3763 3650//3650
f 3763//3763 3860//3860 3764//3764 3651//3651
f 3764//3764 3861//3861 3765//3765 3652//3652
f 3765//3765 3862//3862 3766//3766 3653//3653
f 3766//3766 3863//3863 3767//3767 3654//3654
f 3767//3767 3864//3864 3865//3865 3768//3768
f 3768//3768 3865//3865 3866//3866 3769//3769
f 3769//3769 3866//3866 3770//3770 3657//3657
f 3770//3770 3867//3867 3868//3868 3771//3771
f 3771//3771 3868//3868 3869//3869 3772//3772
f 3772//3772 3870//3870 3773//3773 3659//3659
f 3773//3773 3871//3871 3774//3774 3660//3660
f 3774//3774 3872//3872 3775//3775 3661//3661
f 3775//3775 3873//3873 3776//3776 3662//3662
f 3776//3776 3874//3874 3777//3777 3663//3663
f 3777//3777 3875//3875 3778//3778 3664//3664
f 3778//3778 3876//3876 3779//3779 3665//3665
f 3779//3779 3877//3877 3780//3780 3666//3666
f 3780//3780 3878//3878 3781//3781 3667//3667
f 3781//3781 3879//3879 3782//3782 3668//3668
f 3782//3782 3880//3880 3783//3783 3669//3669
f 3783//3783 3881//3881 3784//3784 3670//3670
f 3784//3784 3852//3852 3755//3755 3671//3671
f 3754//3754 3851//3851 3882//3882 3785//3785
f 3785//3785 3882//3882 3786//3786 3673//3673
f 3786//3786 3817//3817 3715//3715 3787//3787
f 3713//3713 3816//3816 3788//3788 3675//3675
f 3788//3788 3883//3883 3789//3789 3676//3676
f 3789//3789 3884//3884 3790//3790 3677//3677
f 3790//3790 3885//3885 3791//3791 3678//3678
f 3791//3791 3885//3885 3793//3793 3792//3792
f 3793//3793 3886//3886 3794//3794 3684//3684
f 3794//3794 3887//3887 3795//3795 3685//3685
f 3795//3795 3796//3796 3687//3687 3686//3686
f 3796//3796 3888//3888 3797//3797 3688//3688
f 3797//3797 3889//3889 3798//3798 3689//3689
f 3798//3798 3890//3890 3799//3799 3690//3690
f 3799//3799 3890//3890 3800//3800 3692//3692
f 3800//3800 3891//3891 3815//3815 3711//3711
f 3710//3710 3814//3814 3801//3801 3693//3693
f 3801//3801 3892//3892 3802//3802 3694//3694
f 3802//3802 3892//3892 3803//3803 3696//3696
f 3803//3803 3813//3813 3812//3812 3804//3804
f 3804//3804 3812//3812 3811//3811 3805//3805
f 3805//3805 3893//3893 3806//3806 3698//3698
f 3806//3806 3894//3894 3807//3807 3699//3699
f 3809//3809 3895//3895 3810//3810 3706//3706
f 3810//3810 3896//3896 3811//3811 3707//3707
f 3813//3813 3897//3897 3814//3814 3709//3709
f 3815//3815 3898//3898 3816//3816 3712//3712
f 3817//3817 3899//3899 3818//3818 3716//3716
f 3818//3818 3849//3849 3900//3900 3819//3819
f 3819//3819 3901//3901 3820//3820 3717//3717
f 3820//3820 3902//3902 3821//3821 3718//3718
f 3821//3821 3903//3903 3822//3822 3719//3719
f 3822//3822 3904//3904 3823//3823 3720//3720
f 3823//3823 3905//3905 3906//3906 3824//3824
f 3824//3824 3906//3906 3825//3825 3722//3722
f 3825//3825 3907//3907 3908//3908 3826//3826
f 3826//3826 3909//3909 3827//3827 3723//3723
f 3827//3827 3910//3910 3828//3828 3724//3724
f 3828//3828 3911//3911 3829//3829 3725//3725
f 3829//3829 3912//3912 3830//3830 3726//3726
f 3830//3830 3845//3845 3748//3748 3727//3727
f 3831//3831 3913//3913 3832//3832 3732//3732
f 3832//3832 3914//3914 3833//3833 3733//3733
f 3833//3833 3835//3835 3834//3834 3734//3734
f 3835//3835 3915//3915 3916//3916 3836//3836
f 3836//3836 3838//3838 3837//3837 3737//3737
f 3837//3837 3838//3838 3739//3739 3738//3738
f 3838//3838 3836//3836 3916//3916 3839//3839
f 3839//3839 3917//3917 3918//3918 3840//3840 3740//3740
f 3840//3840 3841//3841 3742//3742 3741//3741
f 3841//3841 3919//3919 3842//3842 3743//3743
f 3842//3842 3920//3920 3843//3843 3744//3744
f 3843//3843 3921//3921 3844//3844 3745//3745
f 3844//3844 3913//3913 3831//3831 3746//3746
f 3845//3845 3922//3922 3923//3923 3846//3846
f 3846//3846 3924//3924 3847//3847 3749//3749
f 3847//3847 3925//3925 3848//3848 3750//3750
f 3848//3848 3900//3900 3849//3849 3751//3751
f 3849//3849 3818//3818 3899//3899 3850//3850
f 3850//3850 3899//3899 3882//3882 3851//3851
f 3852//3852 3926//3926 3853//3853 3756//3756
f 3853//3853 3927//3927 3854//3854 3757//3757
f 3854//3854 3928//3928 3855//3855 3758//3758
f 3855//3855 3929//3929 3856//3856 3759//3759
f 3856//3856 3930//3930 3857//3857 3760//3760
f 3857//3857 3931//3931 3858//3858 3761//3761
f 3858//3858 3932//3932 3859//3859 3762//3762
f 3859//3859 3933//3933 3860//3860 3763//3763
f 3860//3860 3934//3934 3861//3861 3764//3764
f 3861//3861 3935//3935 3862//3862 3765//3765
f 3862//3862 3936//3936 3863//3863 3766//3766
f 3863//3863 3937//3937 3864//3864 3767//3767
f 3864//3864 3938//3938 3939//3939 3865//3865
f 3865//3865 3939//3939 3940//3940 3866//3866
f 3866//3866 3940//3940 3867//3867 3770//3770
f 3867//3867 3941//3941 3942//3942 3868//3868
f 3868//3868 3942//3942 3943//3943 3869//3869
f 3869//3869 3944//3944 3870//3870 3772//3772
f 3870//3870 3945//3945 3871//3871 3773//3773
f 3871//3871 3946//3946 3872//3872 3774//3774
f 3872//3872 3947//3947 3873//3873 3775//3775
f 3873//3873 3948//3948 3874//3874 3776//3776
f 3874//3874 3949//3949 3875//3875 3777//3777
f 3875//3875 3950//3950 3876//3876 3778//3778
f 3876//3876 3951//3951 3877//3877 3779//3779
f 3877//3877 3952//3952 3878//3878 3780//3780
f 3878//3878 3953//3953 3879//3879 3781//3781
f 3879//3879 3954//3954 3880//3880 3782//3782
f 3880//3880 3955//3955 3881//3881 3783//3783
f 3881//3881 3926//3926 3852//3852 3784//3784
f 3882//3882 3899//3899 3817//3817 3786//3786
f 3816//3816 3898//3898 3883//3883 3788//3788
f 3883//3883 3956//3956 3884//3884 3789//3789
f 3884//3884 3957//3957 3885//3885 3790//3790
f 3885//3885 3957//3957 3886//3886 3793//3793
f 3886//3886 3958//3958 3887//3887 3794//3794
f 3887//3887 3888//3888 3796//3796 3795//3795
f 3888//3888 3959//3959 3889//3889 3797//3797
f 3889//3889 3960//3960 3890//3890 3798//3798
f 3890//3890 3960//3960 3891//3891 3800//3800
f 3891//3891 3961//3961 3898//3898 3815//3815
f 3814//3814 3897//3897 3892//3892 3801//3801
f 3892//3892 3897//3897 3813//3813 3803//3803
f 3811//3811 3896//3896 3893//3893 3805//3805
f 3893//3893 3962//3962 3894//3894 3806//3806
f 3895//3895 3963//3963 3896//3896 3810//3810
f 3900//3900 3964//3964 3901//3901 3819//3819
f 3901//3901 3965//3965 3902//3902 3820//3820
f 3902//3902 3966//3966 3903//3903 3821//3821
f 3903//3903 3967//3967 3904//3904 3822//3822
f 3904//3904 3968//3968 3905//3905 3823//3823
f 3905//3905 3907//3907 3825//3825 3906//3906
f 3907//3907 3969//3969 3970//3970 3908//3908
f 3908//3908 3971//3971 3909//3909 3826//3826
f 3909//3909 3972//3972 3910//3910 3827//3827
f 3910//3910 3973//3973 3911//3911 3828//3828
f 3911//3911 3974//3974 3912//3912 3829//3829
f 3912//3912 3922//3922 3845//3845 3830//3830
f 3913//3913 3975//3975 3914//3914 3832//3832
f 3914//3914 3915//3915 3835//3835 3833//3833
f 3915//3915 3976//3976 3977//3977 3916//3916
f 3916//3916 3977//3977 3917//3917 3839//3839
f 3917//3917 3977//3977 3919//3919 3918//3918
f 3918//3918 3919//3919 3841//3841 3840//3840
f 3919//3919 3978//3978 3920//3920 3842//3842
f 3920//3920 3978//3978 3921//3921 3843//3843
f 3921//3921 3975//3975 3913//3913 3844//3844
f 3922//3922 3979//3979 3980//3980 3923//3923
f 3923//3923 3981//3981 3924//3924 3846//3846
f 3924//3924 3982//3982 3925//3925 3847//3847
f 3925//3925 3964//3964 3900//3900 3848//3848
f 3926//3926 3983//3983 3927//3927 3853//3853
f 3927//3927 3984//3984 3928//3928 3854//3854
f 3928//3928 3985//3985 3929//3929 3855//3855
f 3929//3929 3986//3986 3930//3930 3856//3856
f 3930//3930 3987//3987 3931//3931 3857//3857
f 3931//3931 3988//3988 3932//3932 3858//3858
f 3932//3932 3989//3989 3933//3933 3859//3859
f 3933//3933 3990//3990 3934//3934 3860//3860
f 3934//3934 3991//3991 3935//3935 3861//3861
f 3935//3935 3992//3992 3936//3936 3862//3862
f 3936//3936 3993//3993 3937//3937 3863//3863
f 3937//3937 3994//3994 3938//3938 3864//3864
f 3938//3938 3995//3995 3996//3996 3939//3939
f 3939//3939 3996//3996 3997//3997 3940//3940
f 3940//3940 3997//3997 3941//3941 3867//3867
f 3941//3941 3998//3998 3999//3999 3942//3942
f 3942//3942 3999//3999 4000//4000 3943//3943
f 3943//3943 4001//4001 3944//3944 3869//3869
f 3944//3944 4002//4002 3945//3945 3870//3870
f 3945//3945 4003//4003 3946//3946 3871//3871
f 3946//3946 4004//4004 3947//3947 3872//3872
f 3947//3947 4005//4005 3948//3948 3873//3873
f 3948//3948 4006//4006 4007//4007 3874//3874
f 3874//3874 4007//4007 4008//4008 3949//3949
f 3949//3949 4009//4009 3950//3950 3875//3875
f 3950//3950 4010//4010 3951//3951 3876//3876
f 3951//3951 4011//4011 3952//3952 3877//3877
f 3952//3952 4012//4012 3953//3953 3878//3878
f 3953//3953 4013//4013 3954//3954 3879//3879
f 3954//3954 4014//4014 3955//3955 3880//3880
f 3955//3955 3983//3983 3926//3926 3881//3881
f 3898//3898 3961//3961 3956//3956 3883//3883
f 3956//3956 4015//4015 3957//3957 3884//3884
f 3957//3957 4015//4015 3958//3958 3886//3886
f 3958//3958 3959//3959 3888//3888 3887//3887
f 3959//3959 4016//4016 3960//3960 3889//3889
f 3960//3960 4016//4016 3961//3961 3891//3891
f 3896//3896 3963//3963 3962//3962 3893//3893
f 3964//3964 4017//4017 3965//3965 3901//3901
f 3965//3965 4018//4018 3966//3966 3902//3902
f 3966//3966 4019//4019 3967//3967 3903//3903
f 3967//3967 3969//3969 3968//3968 3904//3904
f 3968//3968 3969//3969 3907//3907 3905//3905
f 3969//3969 3967//3967 4019//4019 3970//3970
f 3970//3970 4020//4020 3971//3971 3908//3908
f 3971//3971 4021//4021 3972//3972 3909//3909
f 3972//3972 4022//4022 3973//3973 3910//3910
f 3973//3973 4023//4023 3974//3974 3911//3911
f 3974//3974 3979//3979 3922//3922 3912//3912
f 3975//3975 3976//3976 3915//3915 3914//3914
f 3976//3976 3978//3978 3919//3919 3977//3977
f 3978//3978 3976//3976 3975//3975 3921//3921
f 3979//3979 4024//4024 4025//4025 3980//3980
f 3980//3980 4025//4025 3981//3981 3923//3923
f 3981//3981 4026//4026 3982//3982 3924//3924
f 3982//3982 4017//4017 3964//3964 3925//3925
f 3983//3983 4027//4027 3984//3984 3927//3927
f 3984//3984 4028//4028 3985//3985 3928//3928
f 3985//3985 4029//4029 3986//3986 3929//3929
f 3986//3986 4030//4030 3987//3987 3930//3930
f 3987//3987 4031//4031 3988//3988 3931//3931
f 3988//3988 4032//4032 3989//3989 3932//3932
f 3989//3989 4033//4033 3990//3990 3933//3933
f 3990//3990 4034//4034 3991//3991 3934//3934
f 3991//3991 4035//4035 3992//3992 3935//3935
f 3992//3992 4036//4036 3993//3993 3936//3936
f 3993//3993 4037//4037 3994//3994 3937//3937
f 3994//3994 4038//4038 3995//3995 3938//3938
f 3995//3995 4039//4039 4040//4040 3996//3996
f 3996//3996 4040//4040 4041//4041 3997//3997
f 3997//3997 4041//4041 3998//3998 3941//3941
f 3998//3998 4042//4042 4043//4043 3999//3999
f 3999//3999 4043//4043 4044//4044 4000//4000
f 4000//4000 4045//4045 4001//4001 3943//3943
f 4001//4001 4046//4046 4002//4002 3944//3944
f 4002//4002 4047//4047 4003//4003 3945//3945
f 4003//4003 4048//4048 4004//4004 3946//3946
f 4004//4004 4049//4049 4005//4005 3947//3947
f 4005//4005 4050//4050 4006//4006 3948//3948
f 4006//4006 4051//4051 4052//4052 4007//4007
f 4007//4007 4052//4052 4053//4053 4008//4008
f 4008//4008 4054//4054 4009//4009 3949//3949
f 4009//4009 4055//4055 4010//4010 3950//3950
f 4010//4010 4056//4056 4011//4011 3951//3951
f 4011//4011 4057//4057 4012//4012 3952//3952
f 4012//4012 4058//4058 4013//4013 3953//3953
f 4013//4013 4059//4059 4014//4014 3954//3954
f 4014//4014 4027//4027 3983//3983 3955//3955
f 3961//3961 4016//4016 4015//4015 3956//3956
f 4015//4015 4016//4016 3959//3959 3958//3958
f 4017//4017 4060//4060 4018//4018 3965//3965
f 4018//4018 4061//4061 4019//4019 3966//3966
f 4019//4019 4061//4061 4020//4020 3970//3970
f 4020//4020 4062//4062 4021//4021 3971//3971
f 4021//4021 4063//4063 4022//4022 3972//3972
f 4022//4022 4063//4063 4023//4023 3973//3973
f 4023//4023 4024//4024 3979//3979 3974//3974
f 4024//4024 4064//4064 4065//4065 4025//4025
f 4025//4025 4065//4065 4026//4026 3981//3981
f 4026//4026 4060//4060 4017//4017 3982//3982
f 4027//4027 4066//4066 4028//4028 3984//3984
f 4028//4028 4067//4067 4029//4029 3985//3985
f 4029//4029 4068//4068 4030//4030 3986//3986
f 4030//4030 4069//4069 4031//4031 3987//3987
f 4031//4031 4070//4070 4032//4032 3988//3988
f 4032//4032 4071//4071 4072//4072 3989//3989
f 3989//3989 4072//4072 4073//4073 4033//4033
f 4033//4033 4074//4074 4034//4034 3990//3990
f 4034//4034 4075//4075 4035//4035 3991//3991
f 4035//4035 4076//4076 4036//4036 3992//3992
f 4036//4036 4077//4077 4037//4037 3993//3993
f 4037//4037 4078//4078 4038//4038 3994//3994
f 4038//4038 4079//4079 4039//4039 3995//3995
f 4039//4039 4080//4080 4081//4081 4040//4040
f 4040//4040 4081//4081 4082//4082 4041//4041
f 4041//4041 4082//4082 4042//4042 3998//3998
f 4042//4042 4083//4083 4084//4084 4043//4043
f 4043//4043 4084//4084 4085//4085 4044//4044
f 4044//4044 4086//4086 4045//4045 4000//4000
f 4045//4045 4087//4087 4046//4046 4001//4001
f 4046//4046 4088//4088 4047//4047 4002//4002
f 4047//4047 4089//4089 4048//4048 4003//4003
f 4048//4048 4090//4090 4049//4049 4004//4004
f 4049//4049 4091//4091 4050//4050 4005//4005
f 4050//4050 4092//4092 4051//4051 4006//4006
f 4051//4051 4093//4093 4094//4094 4052//4052
f 4052//4052 4094//4094 4095//4095 4053//4053
f 4053//4053 4096//4096 4054//4054 4008//4008
f 4054//4054 4097//4097 4055//4055 4009//4009
f 4055//4055 4098//4098 4056//4056 4010//4010
f 4056//4056 4099//4099 4057//4057 4011//4011
f 4057//4057 4100//4100 4058//4058 4012//4012
f 4058//4058 4101//4101 4102//4102 4013//4013
f 4013//4013 4102//4102 4103//4103 4059//4059
f 4059//4059 4066//4066 4027//4027 4014//4014
f 4060//4060 4104//4104 4061//4061 4018//4018
f 4061//4061 4104//4104 4062//4062 4020//4020
f 4062//4062 4064//4064 4063//4063 4021//4021
f 4063//4063 4064//4064 4024//4024 4023//4023
f 4064//4064 4062//4062 4104//4104 4065//4065
f 4065//4065 4104//4104 4060//4060 4026//4026
f 4066//4066 4105//4105 4067//4067 4028//4028
f 4067//4067 4106//4106 4068//4068 4029//4029
f 4068//4068 4107//4107 4069//4069 4030//4030
f 4069//4069 4108//4108 4070//4070 4031//4031
f 4070//4070 4109//4109 4071//4071 4032//4032
f 4071//4071 4110//4110 4111//4111 4072//4072
f 4072//4072 4111//4111 4112//4112 4073//4073
f 4073//4073 4113//4113 4074//4074 4033//4033
f 4074//4074 4114//4114 4075//4075 4034//4034
f 4075//4075 4115//4115 4076//4076 4035//4035
f 4076//4076 4116//4116 4077//4077 4036//4036
f 4077//4077 4117//4117 4078//4078 4037//4037
f 4078//4078 4118//4118 4079//4079 4038//4038
f 4079//4079 4119//4119 4080//4080 4039//4039
f 4080//4080 4120//4120 4121//4121 4081//4081
f 4081//4081 4121//4121 4122//4122 4082//4082
f 4082//4082 4122//4122 4083//4083 4042//4042
f 4083//4083 4123//4123 4124//4124 4084//4084
f 4084//4084 4124//4124 4125//4125 4085//4085
f 4085//4085 4126//4126 4086//4086 4044//4044
f 4086//4086 4127//4127 4087//4087 4045//4045
f 4087//4087 4128//4128 4088//4088 4046//4046
f 4088//4088 4129//4129 4089//4089 4047//4047
f 4089//4089 4130//4130 4090//4090 4048//4048
f 4090//4090 4131//4131 4091//4091 4049//4049
f 4091//4091 4132//4132 4092//4092 4050//4050
f 4092//4092 4133//4133 4093//4093 4051//4051
f 4093//4093 4134//4134 4135//4135 4094//4094
f 4094//4094 4135//4135 4136//4136 4095//4095
f 4095//4095 4137//4137 4096//4096 4053//4053
f 4096//4096 4138//4138 4097//4097 4054//4054
f 4097//4097 4139//4139 4098//4098 4055//4055
f 4098//4098 4140//4140 4099//4099 4056//4056
f 4099//4099 4141//4141 4100//4100 4057//4057
f 4100//4100 4142//4142 4101//4101 4058//4058
f 4101//4101 4143//4143 4144//4144 4102//4102
f 4102//4102 4144//4144 4145//4145 4103//4103
f 4103//4103 4146//4146 4066//4066 4059//4059
f 4066//4066 4146//4146 4147//4147 4105//4105
f 4105//4105 4148//4148 4106//4106 4067//4067
f 4106//4106 4149//4149 4107//4107 4068//4068
f 4107//4107 4150//4150 4108//4108 4069//4069
f 4108//4108 4151//4151 4109//4109 4070//4070
f 4109//4109 4152//4152 4110//4110 4071//4071
f 4110//4110 4153//4153 4154//4154 4111//4111
f 4111//4111 4154//4154 4155//4155 4112//4112
f 4112//4112 4156//4156 4113//4113 4073//4073
f 4113//4113 4157//4157 4114//4114 4074//4074
f 4114//4114 4158//4158 4115//4115 4075//4075
f 4115//4115 4159//4159 4116//4116 4076//4076
f 4116//4116 4160//4160 4117//4117 4077//4077
f 4117//4117 4161//4161 4118//4118 4078//4078
f 4118//4118 4162//4162 4119//4119 4079//4079
f 4119//4119 4163//4163 4120//4120 4080//4080
f 4120//4120 4164//4164 4165//4165 4121//4121
f 4121//4121 4165//4165 4166//4166 4122//4122
f 4122//4122 4166//4166 4123//4123 4083//4083
f 4123//4123 4167//4167 4168//4168 4124//4124
f 4124//4124 4168//4168 4169//4169 4125//4125
f 4125//4125 4170//4170 4126//4126 4085//4085
f 4126//4126 4171//4171 4127//4127 4086//4086
f 4127//4127 4172//4172 4128//4128 4087//4087
f 4128//4128 4173//4173 4129//4129 4088//4088
f 4129//4129 4174//4174 4130//4130 4089//4089
f 4130//4130 4175//4175 4131//4131 4090//4090
f 4131//4131 4176//4176 4132//4132 4091//4091
f 4132//4132 4177//4177 4133//4133 4092//4092
f 4133//4133 4178//4178 4134//4134 4093//4093
f 4134//4134 4179//4179 4180//4180 4135//4135
f 4135//4135 4180//4180 4181//4181 4136//4136
f 4136//4136 4182//4182 4137//4137 4095//4095
f 4137//4137 4183//4183 4138//4138 4096//4096
f 4138//4138 4184//4184 4139//4139 4097//4097
f 4139//4139 4185//4185 4140//4140 4098//4098
f 4140//4140 4186//4186 4141//4141 4099//4099
f 4141//4141 4187//4187 4142//4142 4100//4100
f 4142//4142 4188//4188 4143//4143 4101//4101
f 4143//4143 4189//4189 4190//4190 4144//4144
f 4144//4144 4190//4190 4191//4191 4145//4145
f 4145//4145 4192//4192 4146//4146 4103//4103
f 4146//4146 4192//4192 4193//4193 4147//4147
f 4147//4147 4194//4194 4148//4148 4105//4105
f 4148//4148 4195//4195 4149//4149 4106//4106
f 4149//4149 4196//4196 4150//4150 4107//4107
f 4150//4150 4197//4197 4151//4151 4108//4108
f 4151//4151 4198//4198 4152//4152 4109//4109
f 4152//4152 4199//4199 4153//4153 4110//4110
f 4153//4153 4200//4200 4201//4201 4154//4154
f 4154//4154 4201//4201 4202//4202 4155//4155
f 4155//4155 4203//4203 4156//4156 4112//4112
f 4156//4156 4204//4204 4157//4157 4113//4113
f 4157//4157 4205//4205 4158//4158 4114//4114
f 4158//4158 4206//4206 4159//4159 4115//4115
f 4159//4159 4207//4207 4160//4160 4116//4116
f 4160//4160 4208//4208 4161//4161 4117//4117
f 4161//4161 4209//4209 4162//4162 4118//4118
f 4162//4162 4210//4210 4163//4163 4119//4119
f 4163//4163 4211//4211 4164//4164 4120//4120
f 4164//4164 4212//4212 4213//4213 4165//4165
f 4165//4165 4213//4213 4214//4214 4166//4166
f 4166//4166 4214//4214 4167//4167 4123//4123
f 4167//4167 4215//4215 4216//4216 4168//4168
f 4168//4168 4216//4216 4217//4217 4169//4169
f 4169//4169 4218//4218 4170//4170 4125//4125
f 4170//4170 4219//4219 4171//4171 4126//4126
f 4171//4171 4220//4220 4172//4172 4127//4127
f 4172//4172 4221//4221 4173//4173 4128//4128
f 4173//4173 4222//4222 4174//4174 4129//4129
f 4174//4174 4223//4223 4175//4175 4130//4130
f 4175//4175 4224//4224 4176//4176 4131//4131
f 4176//4176 4225//4225 4177//4177 4132//4132
f 4177//4177 4226//4226 4178//4178 4133//4133
f 4178//4178 4227//4227 4179//4179 4134//4134
f 4179//4179 4228//4228 4181//4181 4180//4180
f 4181//4181 4229//4229 4182//4182 4136//4136
f 4182//4182 4230//4230 4183//4183 4137//4137
f 4183//4183 4231//4231 4184//4184 4138//4138
f 4184//4184 4232//4232 4185//4185 4139//4139
f 4185//4185 4233//4233 4186//4186 4140//4140
f 4186//4186 4234//4234 4187//4187 4141//4141
f 4187//4187 4235//4235 4188//4188 4142//4142
f 4188//4188 4236//4236 4189//4189 4143//4143
f 4189//4189 4237//4237 4238//4238 4190//4190
f 4190//4190 4238//4238 4239//4239 4191//4191
f 4191//4191 4240//4240 4192//4192 4145//4145
f 4192//4192 4240//4240 4241//4241 4193//4193
f 4193//4193 4242//4242 4194//4194 4147//4147
f 4194//4194 4243//4243 4195//4195 4148//4148
f 4195//4195 4244//4244 4196//4196 4149//4149
f 4196//4196 4245//4245 4197//4197 4150//4150
f 4197//4197 4246//4246 4198//4198 4151//4151
f 4198//4198 4247//4247 4199//4199 4152//4152
f 4199//4199 4248//4248 4200//4200 4153//4153
f 4200//4200 4249//4249 4250//4250 4201//4201
f 4201//4201 4250//4250 4251//4251 4202//4202
f 4202//4202 4252//4252 4203//4203 4155//4155
f 4203//4203 4253//4253 4204//4204 4156//4156
f 4204//4204 4254//4254 4205//4205 4157//4157
f 4205//4205 4255//4255 4206//4206 4158//4158
f 4206//4206 4256//4256 4207//4207 4159//4159
f 4207//4207 4257//4257 4208//4208 4160//4160
f 4208//4208 4258//4258 4209//4209 4161//4161
f 4209//4209 4259//4259 4210//4210 4162//4162
f 4210//4210 4260//4260 4211//4211 4163//4163
f 4211//4211 4261//4261 4212//4212 4164//4164
f 4212//4212 4262//4262 4263//4263 4213//4213
f 4213//4213 4263//4263 4264//4264 4214//4214
f 4214//4214 4264//4264 4215//4215 4167//4167
f 4215//4215 4265//4265 4266//4266 4216//4216
f 4216//4216 4266//4266 4267//4267 4217//4217
f 4217//4217 4268//4268 4218//4218 4169//4169
f 4218//4218 4269//4269 4219//4219 4170//4170
f 4219//4219 4270//4270 4220//4220 4171//4171
f 4220//4220 4271//4271 4221//4221 4172//4172
f 4221//4221 4272//4272 4222//4222 4173//4173
f 4222//4222 4273//4273 4274//4274 4174//4174
f 4174//4174 4274//4274 4275//4275 4223//4223
f 4223//4223 4276//4276 4224//4224 4175//4175
f 4224//4224 4277//4277 4278//4278 4176//4176
f 4176//4176 4278//4278 4279//4279 4225//4225
f 4225//4225 4280//4280 4226//4226 4177//4177
f 4226//4226 4281//4281 4227//4227 4178//4178
f 4227//4227 4282//4282 4228//4228 4179//4179
f 4228//4228 4283//4283 4229//4229 4181//4181
f 4229//4229 4284//4284 4230//4230 4182//4182
f 4230//4230 4285//4285 4231//4231 4183//4183
f 4231//4231 4286//4286 4232//4232 4184//4184
f 4232//4232 4287//4287 4233//4233 4185//4185
f 4233//4233 4288//4288 4234//4234 4186//4186
f 4234//4234 4289//4289 4235//4235 4187//4187
f 4235//4235 4290//4290 4236//4236 4188//4188
f 4236//4236 4291//4291 4237//4237 4189//4189
f 4237//4237 4292//4292 4293//4293 4238//4238
f 4238//4238 4293//4293 4294//4294 4239//4239
f 4239//4239 4295//4295 4240//4240 4191//4191
f 4240//4240 4295//4295 4296//4296 4241//4241
f 4241//4241 4297//4297 4242//4242 4193//4193
f 4242//4242 4298//4298 4243//4243 4194//4194
f 4243//4243 4299//4299 4244//4244 4195//4195
f 4244//4244 4300//4300 4245//4245 4196//4196
f 4245//4245 4301//4301 4246//4246 4197//4197
f 4246//4246 4302//4302 4247//4247 4198//4198
f 4247//4247 4303//4303 4248//4248 4199//4199
f 4248//4248 4304//4304 4249//4249 4200//4200
f 4249//4249 4305//4305 4251//4251 4250//4250
f 4251//4251 4306//4306 4252//4252 4202//4202
f 4252//4252 4307//4307 4253//4253 4203//4203
f 4253//4253 4308//4308 4254//4254 4204//4204
f 4254//4254 4309//4309 4255//4255 4205//4205
f 4255//4255 4310//4310 4256//4256 4206//4206
f 4256//4256 4311//4311 4257//4257 4207//4207
f 4257//4257 4312//4312 4258//4258 4208//4208
f 4258//4258 4313//4313 4259//4259 4209//4209
f 4259//4259 4314//4314 4260//4260 4210//4210
f 4260//4260 4315//4315 4261//4261 4211//4211
f 4261//4261 4316//4316 4262//4262 4212//4212
f 4262//4262 4317//4317 4318//4318 4263//4263
f 4263//4263 4318//4318 4319//4319 4264//4264
f 4264//4264 4319//4319 4265//4265 4215//4215
f 4265//4265 4320//4320 4321//4321 4266//4266
f 4266//4266 4321//4321 4322//4322 4267//4267
f 4267//4267 4323//4323 4268//4268 4217//4217
f 4268//4268 4324//4324 4269//4269 4218//4218
f 4269//4269 4325//4325 4270//4270 4219//4219
f 4270//4270 4326//4326 4271//4271 4220//4220
f 4271//4271 4327//4327 4272//4272 4221//4221
f 4272//4272 4328//4328 4273//4273 4222//4222
f 4273//4273 4329//4329 4330//4330 4274//4274
f 4274//4274 4330//4330 4331//4331 4275//4275
f 4275//4275 4332//4332 4276//4276 4223//4223
f 4276//4276 4333//4333 4277//4277 4224//4224
f 4277//4277 4334//4334 4335//4335 4278//4278
f 4278//4278 4335//4335 4336//4336 4279//4279
f 4279//4279 4337//4337 4280//4280 4225//4225
f 4280//4280 4338//4338 4281//4281 4226//4226
f 4281//4281 4339//4339 4282//4282 4227//4227
f 4282//4282 4340//4340 4283//4283 4228//4228
f 4283//4283 4341//4341 4284//4284 4229//4229
f 4284//4284 4342//4342 4285//4285 4230//4230
f 4285//4285 4343//4343 4286//4286 4231//4231
f 4286//4286 4344//4344 4287//4287 4232//4232
f 4287//4287 4345//4345 4288//4288 4233//4233
f 4288//4288 4346//4346 4289//4289 4234//4234
f 4289//4289 4347//4347 4290//4290 4235//4235
f 4290//4290 4348//4348 4291//4291 4236//4236
f 4291//4291 4349//4349 4292//4292 4237//4237
f 4292//4292 4350//4350 4351//4351 4293//4293
f 4293//4293 4351//4351 4352//4352 4294//4294
f 4294//4294 4353//4353 4295//4295 4239//4239
f 4295//4295 4353//4353 4354//4354 4296//4296
f 4296//4296 4355//4355 4297//4297 4241//4241
f 4297//4297 4356//4356 4298//4298 4242//4242
f 4298//4298 4357//4357 4299//4299 4243//4243
f 4299//4299 4358//4358 4300//4300 4244//4244
f 4300//4300 4359//4359 4301//4301 4245//4245
f 4301//4301 4360//4360 4302//4302 4246//4246
f 4302//4302 4361//4361 4303//4303 4247//4247
f 4303//4303 4362//4362 4304//4304 4248//4248
f 4304//4304 4363//4363 4305//4305 4249//4249
f 4305//4305 4364//4364 4306//4306 4251//4251
f 4306//4306 4365//4365 4307//4307 4252//4252
f 4307//4307 4366//4366 4308//4308 4253//4253
f 4308//4308 4367//4367 4368//4368 4254//4254
f 4254//4254 4368//4368 4369//4369 4309//4309
f 4309//4309 4370//4370 4310//4310 4255//4255
f 4310//4310 4371//4371 4372//4372 4256//4256
f 4256//4256 4372//4372 4373//4373 4311//4311
f 4311//4311 4374//4374 4312//4312 4257//4257
f 4312//4312 4375//4375 4313//4313 4258//4258
f 4313//4313 4376//4376 4314//4314 4259//4259
f 4314//4314 4377//4377 4315//4315 4260//4260
f 4315//4315 4378//4378 4316//4316 4261//4261
f 4316//4316 4379//4379 4317//4317 4262//4262
f 4317//4317 4380//4380 4381//4381 4318//4318
f 4318//4318 4381//4381 4382//4382 4319//4319
f 4319//4319 4382//4382 4320//4320 4265//4265
f 4320//4320 4383//4383 4384//4384 4321//4321
f 4321//4321 4384//4384 4385//4385 4322//4322
f 4322//4322 4386//4386 4323//4323 4267//4267
f 4323//4323 4387//4387 4324//4324 4268//4268
f 4324//4324 4388//4388 4325//4325 4269//4269
f 4325//4325 4389//4389 4326//4326 4270//4270
f 4326//4326 4390//4390 4327//4327 4271//4271
f 4327//4327 4391//4391 4328//4328 4272//4272
f 4328//4328 4392//4392 4329//4329 4273//4273
f 4329//4329 4393//4393 4394//4394 4330//4330
f 4330//4330 4394//4394 4395//4395 4331//4331
f 4331//4331 4396//4396 4332//4332 4275//4275
f 4332//4332 4397//4397 4333//4333 4276//4276
f 4333//4333 4398//4398 4334//4334 4277//4277
f 4334//4334 4399//4399 4336//4336 4335//4335
f 4336//4336 4400//4400 4337//4337 4279//4279
f 4337//4337 4401//4401 4338//4338 4280//4280
f 4338//4338 4402//4402 4339//4339 4281//4281
f 4339//4339 4403//4403 4340//4340 4282//4282
f 4340//4340 4404//4404 4341//4341 4283//4283
f 4341//4341 4405//4405 4342//4342 4284//4284
f 4342//4342 4406//4406 4343//4343 4285//4285
f 4343//4343 4407//4407 4344//4344 4286//4286
f 4344//4344 4408//4408 4345//4345 4287//4287
f 4345//4345 4409//4409 4346//4346 4288//4288
f 4346//4346 4410//4410 4347//4347 4289//4289
f 4347//4347 4411//4411 4348//4348 4290//4290
f 4348//4348 4412//4412 4349//4349 4291//4291
f 4349//4349 4413//4413 4350//4350 4292//4292
f 4350//4350 4414//4414 4415//4415 4351//4351
f 4351//4351 4415//4415 4416//4416 4352//4352
f 4352//4352 4417//4417 4353//4353 4294//4294
f 4353//4353 4417//4417 4418//4418 4354//4354
f 4354//4354 4419//4419 4355//4355 4296//4296
f 4355//4355 4420//4420 4356//4356 4297//4297
f 4356//4356 4421//4421 4357//4357 4298//4298
f 4357//4357 4422//4422 4358//4358 4299//4299
f 4358//4358 4423//4423 4359//4359 4300//4300
f 4359//4359 4424//4424 4360//4360 4301//4301
f 4360//4360 4425//4425 4361//4361 4302//4302
f 4361//4361 4426//4426 4362//4362 4303//4303
f 4362//4362 4427//4427 4363//4363 4304//4304
f 4363//4363 4428//4428 4364//4364 4305//4305
f 4364//4364 4429//4429 4365//4365 4306//4306
f 4365//4365 4430//4430 4366//4366 4307//4307
f 4366//4366 4431//4431 4367//4367 4308//4308
f 4367//4367 4432//4432 4433//4433 4368//4368
f 4368//4368 4433//4433 4434//4434 4369//4369
f 4369//4369 4435//4435 4370//4370 4309//4309
f 4370//4370 4436//4436 4371//4371 4310//4310
f 4371//4371 4437//4437 4438//4438 4372//4372
f 4372//4372 4438//4438 4439//4439 4373//4373
f 4373//4373 4440//4440 4374//4374 4311//4311
f 4374//4374 4441//4441 4375//4375 4312//4312
f 4375//4375 4442//4442 4376//4376 4313//4313
f 4376//4376 4443//4443 4377//4377 4314//4314
f 4377//4377 4444//4444 4378//4378 4315//4315
f 4378//4378 4445//4445 4379//4379 4316//4316
f 4379//4379 4446//4446 4380//4380 4317//4317
f 4380//4380 4447//4447 4448//4448 4381//4381
f 4381//4381 4448//4448 4449//4449 4382//4382
f 4382//4382 4449//4449 4383//4383 4320//4320
f 4383//4383 4450//4450 4451//4451 4384//4384
f 4384//4384 4451//4451 4452//4452 4385//4385
f 4385//4385 4453//4453 4386//4386 4322//4322
f 4386//4386 4454//4454 4387//4387 4323//4323
f 4387//4387 4455//4455 4388//4388 4324//4324
f 4388//4388 4456//4456 4389//4389 4325//4325
f 4389//4389 4457//4457 4390//4390 4326//4326
f 4390//4390 4458//4458 4391//4391 4327//4327
f 4391//4391 4459//4459 4392//4392 4328//4328
f 4392//4392 4460//4460 4393//4393 4329//4329
f 4393//4393 4461//4461 4462//4462 4394//4394
f 4394//4394 4462//4462 4463//4463 4395//4395
f 4395//4395 4464//4464 4396//4396 4331//4331
f 4396//4396 4465//4465 4397//4397 4332//4332
f 4397//4397 4466//4466 4398//4398 4333//4333
f 4398//4398 4467//4467 4399//4399 4334//4334
f 4399//4399 4468//4468 4400//4400 4336//4336
f 4400//4400 4469//4469 4401//4401 4337//4337
f 4401//4401 4470//4470 4402//4402 4338//4338
f 4402//4402 4471//4471 4403//4403 4339//4339
f 4403//4403 4472//4472 4404//4404 4340//4340
f 4404//4404 4473//4473 4405//4405 4341//4341
f 4405//4405 4474//4474 4406//4406 4342//4342
f 4406//4406 4475//4475 4407//4407 4343//4343
f 4407//4407 4476//4476 4408//4408 4344//4344
f 4408//4408 4477//4477 4409//4409 4345//4345
f 4409//4409 4478//4478 4410//4410 4346//4346
f 4410//4410 4479//4479 4411//4411 4347//4347
f 4411//4411 4480//4480 4412//4412 4348//4348
f 4412//4412 4481//4481 4413//4413 4349//4349
f 4413//4413 4482//4482 4414//4414 4350//4350
f 4414//4414 4483//4483 4484//4484 4415//4415
f 4415//4415 4484//4484 4485//4485 4416//4416
f 4416//4416 4486//4486 4417//4417 4352//4352
f 4417//4417 4486//4486 4487//4487 4418//4418
f 4418//4418 4488//4488 4419//4419 4354//4354
f 4419//4419 4489//4489 4420//4420 4355//4355
f 4420//4420 4490//4490 4421//4421 4356//4356
f 4421//4421 4491//4491 4422//4422 4357//4357
f 4422//4422 4492//4492 4423//4423 4358//4358
f 4423//4423 4493//4493 4424//4424 4359//4359
f 4424//4424 4494//4494 4425//4425 4360//4360
f 4425//4425 4495//4495 4426//4426 4361//4361
f 4426//4426 4496//4496 4427//4427 4362//4362
f 4427//4427 4497//4497 4428//4428 4363//4363
f 4428//4428 4498//4498 4429//4429 4364//4364
f 4429//4429 4499//4499 4430//4430 4365//4365
f 4430//4430 4500//4500 4431//4431 4366//4366
f 4431//4431 4501//4501 4432//4432 4367//4367
f 4432//4432 4502//4502 4434//4434 4433//4433
f 4434//4434 4503//4503 4435//4435 4369//4369
f 4435//4435 4504//4504 4436//4436 4370//4370
f 4436//4436 4505//4505 4437//4437 4371//4371
f 4437//4437 4506//4506 4507//4507 4438//4438
f 4438//4438 4507//4507 4508//4508 4439//4439
f 4439//4439 4509//4509 4440//4440 4373//4373
f 4440//4440 4510//4510 4441//4441 4374//4374
f 4441//4441 4511//4511 4442//4442 4375//4375
f 4442//4442 4512//4512 4443//4443 4376//4376
f 4443//4443 4513//4513 4444//4444 4377//4377
f 4444//4444 4514//4514 4445//4445 4378//4378
f 4445//4445 4515//4515 4446//4446 4379//4379
f 4446//4446 4516//4516 4447//4447 4380//4380
f 4447//4447 4517//4517 4518//4518 4448//4448
f 4448//4448 4518//4518 4519//4519 4449//4449
f 4449//4449 4519//4519 4450//4450 4383//4383
f 4450//4450 4520//4520 4521//4521 4451//4451
f 4451//4451 4521//4521 4522//4522 4452//4452
f 4452//4452 4523//4523 4453//4453 4385//4385
f 4453//4453 4524//4524 4454//4454 4386//4386
f 4454//4454 4525//4525 4455//4455 4387//4387
f 4455//4455 4526//4526 4456//4456 4388//4388
f 4456//4456 4527//4527 4457//4457 4389//4389
f 4457//4457 4528//4528 4458//4458 4390//4390
f 4458//4458 4529//4529 4459//4459 4391//4391
f 4459//4459 4530//4530 4460//4460 4392//4392
f 4460//4460 4531//4531 4461//4461 4393//4393
f 4461//4461 4532//4532 4533//4533 4462//4462
f 4462//4462 4533//4533 4534//4534 4463//4463
f 4463//4463 4535//4535 4464//4464 4395//4395
f 4464//4464 4536//4536 4465//4465 4396//4396
f 4465//4465 4537//4537 4466//4466 4397//4397
f 4466//4466 4538//4538 4467//4467 4398//4398
f 4467//4467 4539//4539 4468//4468 4399//4399
f 4468//4468 4540//4540 4469//4469 4400//4400
f 4469//4469 4541//4541 4470//4470 4401//4401
f 4470//4470 4542//4542 4543//4543 4402//4402
f 4402//4402 4543//4543 4544//4544 4471//4471
f 4471//4471 4545//4545 4472//4472 4403//4403
f 4472//4472 4546//4546 4473//4473 4404//4404
f 4473//4473 4547//4547 4474//4474 4405//4405
f 4474//4474 4548//4548 4475//4475 4406//4406
f 4475//4475 4548//4548 4476//4476 4407//4407
f 4476//4476 4549//4549 4477//4477 4408//4408
f 4477//4477 4550//4550 4478//4478 4409//4409
f 4478//4478 4551//4551 4479//4479 4410//4410
f 4479//4479 4552//4552 4480//4480 4411//4411
f 4480//4480 4553//4553 4481//4481 4412//4412
f 4481//4481 4554//4554 4482//4482 4413//4413
f 4482//4482 4555//4555 4483//4483 4414//4414
f 4483//4483 4556//4556 4557//4557 4484//4484
f 4484//4484 4557//4557 4558//4558 4485//4485
f 4485//4485 4559//4559 4486//4486 4416//4416
f 4486//4486 4559//4559 4560//4560 4487//4487
f 4487//4487 4561//4561 4488//4488 4418//4418
f 4488//4488 4562//4562 4489//4489 4419//4419
f 4489//4489 4563//4563 4490//4490 4420//4420
f 4490//4490 4564//4564 4491//4491 4421//4421
f 4491//4491 4565//4565 4492//4492 4422//4422
f 4492//4492 4566//4566 4493//4493 4423//4423
f 4493//4493 4567//4567 4494//4494 4424//4424
f 4494//4494 4568//4568 4495//4495 4425//4425
f 4495//4495 4569//4569 4496//4496 4426//4426
f 4496//4496 4570//4570 4497//4497 4427//4427
f 4497//4497 4571//4571 4498//4498 4428//4428
f 4498//4498 4572//4572 4499//4499 4429//4429
f 4499//4499 4573//4573 4500//4500 4430//4430
f 4500//4500 4574//4574 4501//4501 4431//4431
f 4501//4501 4575//4575 4502//4502 4432//4432
f 4502//4502 4576//4576 4503//4503 4434//4434
f 4503//4503 4577//4577 4504//4504 4435//4435
f 4504//4504 4578//4578 4505//4505 4436//4436
f 4505//4505 4579//4579 4506//4506 4437//4437
f 4506//4506 4580//4580 4581//4581 4507//4507
f 4507//4507 4581//4581 4582//4582 4508//4508
f 4508//4508 4583//4583 4509//4509 4439//4439
f 4509//4509 4584//4584 4510//4510 4440//4440
f 4510//4510 4585//4585 4511//4511 4441//4441
f 4511//4511 4586//4586 4512//4512 4442//4442
f 4512//4512 4587//4587 4513//4513 4443//4443
f 4513//4513 4588//4588 4514//4514 4444//4444
f 4514//4514 4589//4589 4515//4515 4445//4445
f 4515//4515 4590//4590 4516//4516 4446//4446
f 4516//4516 4591//4591 4517//4517 4447//4447
f 4517//4517 4592//4592 4593//4593 4518//4518
f 4518//4518 4593//4593 4594//4594 4519//4519
f 4519//4519 4594//4594 4520//4520 4450//4450
f 4520//4520 4595//4595 4596//4596 4521//4521
f 4521//4521 4596//4596 4597//4597 4522//4522
f 4522//4522 4598//4598 4523//4523 4452//4452
f 4523//4523 4599//4599 4524//4524 4453//4453
f 4524//4524 4600//4600 4525//4525 4454//4454
f 4525//4525 4601//4601 4526//4526 4455//4455
f 4526//4526 4602//4602 4527//4527 4456//4456
f 4527//4527 4603//4603 4528//4528 4457//4457
f 4528//4528 4604//4604 4529//4529 4458//4458
f 4529//4529 4605//4605 4530//4530 4459//4459
f 4530//4530 4606//4606 4531//4531 4460//4460
f 4531//4531 4607//4607 4532//4532 4461//4461
f 4532//4532 4608//4608 4609//4609 4533//4533
f 4533//4533 4609//4609 4554//4554 4534//4534
f 4534//4534 4553//4553 4535//4535 4463//4463
f 4535//4535 4610//4610 4536//4536 4464//4464
f 4536//4536 4611//4611 4537//4537 4465//4465
f 4537//4537 4612//4612 4538//4538 4466//4466
f 4538//4538 4613//4613 4539//4539 4467//4467
f 4539//4539 4614//4614 4540//4540 4468//4468
f 4540//4540 4615//4615 4541//4541 4469//4469
f 4541//4541 4616//4616 4542//4542 4470//4470
f 4542//4542 4617//4617 4618//4618 4543//4543
f 4543//4543 4618//4618 4619//4619 4544//4544
f 4544//4544 4620//4620 4545//4545 4471//4471
f 4545//4545 4621//4621 4546//4546 4472//4472
f 4546//4546 4622//4622 4547//4547 4473//4473
f 4547//4547 4623//4623 4548//4548 4474//4474
f 4548//4548 4623//4623 4549//4549 4476//4476
f 4549//4549 4624//4624 4550//4550 4477//4477
f 4550//4550 4625//4625 4551//4551 4478//4478
f 4551//4551 4626//4626 4552//4552 4479//4479
f 4552//4552 4627//4627 4610//4610 4480//4480
f 4480//4480 4610//4610 4535//4535 4553//4553
f 4553//4553 4534//4534 4554//4554 4481//4481
f 4554//4554 4609//4609 4555//4555 4482//4482
f 4555//4555 4628//4628 4556//4556 4483//4483
f 4556//4556 4629//4629 4630//4630 4557//4557
f 4557//4557 4630//4630 4631//4631 4558//4558
f 4558//4558 4632//4632 4559//4559 4485//4485
f 4559//4559 4632//4632 4633//4633 4560//4560
f 4560//4560 4634//4634 4561//4561 4487//4487
f 4561//4561 4635//4635 4562//4562 4488//4488
f 4562//4562 4636//4636 4563//4563 4489//4489
f 4563//4563 4637//4637 4564//4564 4490//4490
f 4564//4564 4638//4638 4565//4565 4491//4491
f 4565//4565 4639//4639 4566//4566 4492//4492
f 4566//4566 4640//4640 4567//4567 4493//4493
f 4567//4567 4641//4641 4568//4568 4494//4494
f 4568//4568 4641//4641 4569//4569 4495//4495
f 4569//4569 4642//4642 4570//4570 4496//4496
f 4570//4570 4643//4643 4571//4571 4497//4497
f 4571//4571 4644//4644 4572//4572 4498//4498
f 4572//4572 4645//4645 4646//4646 4499//4499
f 4499//4499 4646//4646 4647//4647 4573//4573
f 4573//4573 4648//4648 4574//4574 4500//4500
f 4574//4574 4649//4649 4575//4575 4501//4501
f 4575//4575 4650//4650 4576//4576 4502//4502
f 4576//4576 4651//4651 4577//4577 4503//4503
f 4577//4577 4652//4652 4578//4578 4504//4504
f 4578//4578 4653//4653 4579//4579 4505//4505
f 4579//4579 4654//4654 4580//4580 4506//4506
f 4580//4580 4655//4655 4656//4656 4581//4581
f 4581//4581 4656//4656 4657//4657 4582//4582
f 4582//4582 4658//4658 4583//4583 4508//4508
f 4583//4583 4659//4659 4584//4584 4509//4509
f 4584//4584 4660//4660 4585//4585 4510//4510
f 4585//4585 4661//4661 4586//4586 4511//4511
f 4586//4586 4662//4662 4587//4587 4512//4512
f 4587//4587 4663//4663 4588//4588 4513//4513
f 4588//4588 4664//4664 4589//4589 4514//4514
f 4589//4589 4665//4665 4590//4590 4515//4515
f 4590//4590 4666//4666 4591//4591 4516//4516
f 4591//4591 4667//4667 4592//4592 4517//4517
f 4592//4592 4668//4668 4669//4669 4593//4593
f 4593//4593 4669//4669 4670//4670 4594//4594
f 4594//4594 4670//4670 4595//4595 4520//4520
f 4595//4595 4671//4671 4672//4672 4596//4596
f 4596//4596 4672//4672 4673//4673 4597//4597
f 4597//4597 4674//4674 4598//4598 4522//4522
f 4598//4598 4675//4675 4599//4599 4523//4523
f 4599//4599 4676//4676 4600//4600 4524//4524
f 4600//4600 4677//4677 4601//4601 4525//4525
f 4601//4601 4678//4678 4602//4602 4526//4526
f 4602//4602 4679//4679 4603//4603 4527//4527
f 4603//4603 4680//4680 4604//4604 4528//4528
f 4604//4604 4681//4681 4605//4605 4529//4529
f 4605//4605 4682//4682 4606//4606 4530//4530
f 4606//4606 4683//4683 4607//4607 4531//4531
f 4607//4607 4684//4684 4608//4608 4532//4532
f 4608//4608 4628//4628 4555//4555 4609//4609
f 4610//4610 4627//4627 4611//4611 4536//4536
f 4611//4611 4685//4685 4612//4612 4537//4537
f 4612//4612 4686//4686 4613//4613 4538//4538
f 4613//4613 4687//4687 4614//4614 4539//4539
f 4614//4614 4688//4688 4615//4615 4540//4540
f 4615//4615 4689//4689 4616//4616 4541//4541
f 4616//4616 4690//4690 4617//4617 4542//4542
f 4617//4617 4691//4691 4692//4692 4618//4618
f 4618//4618 4692//4692 4693//4693 4619//4619
f 4619//4619 4694//4694 4620//4620 4544//4544
f 4620//4620 4695//4695 4621//4621 4545//4545
f 4621//4621 4696//4696 4622//4622 4546//4546
f 4622//4622 4697//4697 4623//4623 4547//4547
f 4623//4623 4697//4697 4624//4624 4549//4549
f 4624//4624 4698//4698 4625//4625 4550//4550
f 4625//4625 4699//4699 4626//4626 4551//4551
f 4626//4626 4700//4700 4627//4627 4552//4552
f 4628//4628 4701//4701 4629//4629 4556//4556
f 4629//4629 4702//4702 4703//4703 4630//4630
f 4630//4630 4703//4703 4704//4704 4631//4631
f 4631//4631 4705//4705 4632//4632 4558//4558
f 4632//4632 4705//4705 4706//4706 4633//4633
f 4633//4633 4707//4707 4634//4634 4560//4560
f 4634//4634 4708//4708 4635//4635 4561//4561
f 4635//4635 4655//4655 4636//4636 4562//4562
f 4636//4636 4654//4654 4709//4709 4563//4563
f 4563//4563 4709//4709 4710//4710 4637//4637
f 4637//4637 4711//4711 4638//4638 4564//4564
f 4638//4638 4712//4712 4639//4639 4565//4565
f 4639//4639 4713//4713 4640//4640 4566//4566
f 4640//4640 4714//4714 4641//4641 4567//4567
f 4641//4641 4714//4714 4642//4642 4569//4569
f 4642//4642 4715//4715 4643//4643 4570//4570
f 4643//4643 4716//4716 4644//4644 4571//4571
f 4644//4644 4717//4717 4645//4645 4572//4572
f 4645//4645 4718//4718 4719//4719 4646//4646
f 4646//4646 4719//4719 4720//4720 4647//4647
f 4647//4647 4721//4721 4648//4648 4573//4573
f 4648//4648 4722//4722 4649//4649 4574//4574
f 4649//4649 4723//4723 4650//4650 4575//4575
f 4650//4650 4724//4724 4651//4651 4576//4576
f 4651//4651 4725//4725 4652//4652 4577//4577
f 4652//4652 4726//4726 4653//4653 4578//4578
f 4653//4653 4709//4709 4654//4654 4579//4579
f 4654//4654 4636//4636 4655//4655 4580//4580
f 4655//4655 4635//4635 4708//4708 4656//4656
f 4656//4656 4708//4708 4727//4727 4657//4657
f 4657//4657 4728//4728 4658//4658 4582//4582
f 4658//4658 4729//4729 4659//4659 4583//4583
f 4659//4659 4730//4730 4660//4660 4584//4584
f 4660//4660 4731//4731 4661//4661 4585//4585
f 4661//4661 4732//4732 4662//4662 4586//4586
f 4662//4662 4733//4733 4663//4663 4587//4587
f 4663//4663 4734//4734 4664//4664 4588//4588
f 4664//4664 4735//4735 4665//4665 4589//4589
f 4665//4665 4736//4736 4666//4666 4590//4590
f 4666//4666 4737//4737 4667//4667 4591//4591
f 4667//4667 4738//4738 4668//4668 4592//4592
f 4668//4668 4739//4739 4740//4740 4669//4669
f 4669//4669 4740//4740 4741//4741 4670//4670
f 4670//4670 4741//4741 4671//4671 4595//4595
f 4671//4671 4742//4742 4743//4743 4672//4672
f 4672//4672 4743//4743 4744//4744 4673//4673
f 4597//4597 4673//4673 4811//4745 4812//4746
f 4674//4674 4597//4597 4812//4746 4813//4747
f 4674//4674 4745//4748 4675//4675 4598//4598
f 4675//4675 4746//4749 4676//4676 4599//4599
f 4676//4676 4747//4750 4677//4677 4600//4600
f 4677//4677 4748//4751 4678//4678 4601//4601
f 4678//4678 4749//4752 4679//4679 4602//4602
f 4679//4679 4750//4753 4680//4680 4603//4603
f 4680//4680 4751//4754 4681//4681 4604//4604
f 4681//4681 4752//4755 4682//4682 4605//4605
f 4682//4682 4753//4756 4683//4683 4606//4606
f 4683//4683 4754//4757 4684//4684 4607//4607
f 4684//4684 4701//4701 4628//4628 4608//4608
f 4627//4627 4700//4700 4685//4685 4611//4611
f 4685//4685 4755//4758 4686//4686 4612//4612
f 4686//4686 4756//4759 4687//4687 4613//4613
f 4687//4687 4757//4760 4688//4688 4614//4614
f 4688//4688 4758//4761 4689//4689 4615//4615
f 4689//4689 4759//4762 4690//4690 4616//4616
f 4690//4690 4760//4763 4691//4691 4617//4617
f 4691//4691 4761//4764 4762//4765 4692//4692
f 4692//4692 4762//4765 4763//4766 4693//4693
f 4693//4693 4764//4767 4694//4694 4619//4619
f 4694//4694 4765//4768 4695//4695 4620//4620
f 4695//4695 4766//4769 4696//4696 4621//4621
f 4696//4696 4767//4770 4697//4697 4622//4622
f 4697//4697 4767//4770 4698//4698 4624//4624
f 4698//4698 4768//4771 4699//4699 4625//4625
f 4699//4699 4769//4772 4700//4700 4626//4626
f 4701//4701 4770//4773 4702//4702 4629//4629
f 4702//4702 4771//4774 4772//4775 4703//4703
f 4703//4703 4772//4775 4773//4776 4704//4704
f 4704//4704 4774//4777 4705//4705 4631//4631
f 4705//4705 4774//4777 4775//4778 4706//4706
f 4706//4706 4776//4779 4707//4707 4633//4633
f 4707//4707 4727//4727 4708//4708 4634//4634
f 4709//4709 4653//4653 4726//4726 4710//4710
f 4710//4710 4777//4780 4711//4711 4637//4637
f 4711//4711 4778//4781 4712//4712 4638//4638
f 4712//4712 4779//4782 4713//4713 4639//4639
f 4713//4713 4780//4783 4714//4714 4640//4640
f 4714//4714 4780//4783 4715//4715 4642//4642
f 4715//4715 4781//4784 4716//4716 4643//4643
f 4716//4716 4782//4785 4717//4717 4644//4644
f 4717//4717 4783//4786 4718//4718 4645//4645
f 4718//4718 4784//4787 4785//4788 4719//4719
f 4719//4719 4785//4788 4786//4789 4720//4720
f 4720//4720 4787//4790 4721//4721 4647//4647
f 4721//4721 4788//4791 4722//4722 4648//4648
f 4722//4722 4789//4792 4723//4723 4649//4649
f 4723//4723 4790//4793 4724//4724 4650//4650
f 4724//4724 4791//4794 4725//4725 4651//4651
f 4725//4725 4792//4795 4726//4726 4652//4652
f 4727//4727 4793//4796 4728//4728 4657//4657
f 4728//4728 4794//4797 4729//4729 4658//4658
f 4729//4729 4795//4798 4730//4730 4659//4659
f 4730//4730 4796//4799 4731//4731 4660//4660
f 4731//4731 4797//4800 4732//4732 4661//4661
f 4732//4732 4798//4801 4733//4733 4662//4662
f 4733//4733 4799//4802 4734//4734 4663//4663
f 4734//4734 4800//4803 4735//4735 4664//4664
f 4735//4735 4801//4804 4736//4736 4665//4665
f 4736//4736 4802//4805 4737//4737 4666//4666
f 4737//4737 4803//4806 4738//4738 4667//4667
f 4738//4738 4804//4807 4739//4739 4668//4668
f 4739//4739 4805//4808 4806//4809 4740//4740
f 4740//4740 4806//4809 4807//4810 4741//4741
f 4741//4741 4807//4810 4742//4742 4671//4671
f 4742//4742 4808//4811 4809//4812 4743//4743
f 4743//4743 4809//4812 4810//4813 4744//4744
f 4673//4673 4744//4744 4877//4814 4811//4745
f 4745//4748 4674//4674 4813//4747 4881//4815
f 4745//4748 4814//4816 4746//4749 4675//4675
f 4746//4749 4815//4817 4747//4750 4676//4676
f 4747//4750 4816//4818 4748//4751 4677//4677
f 4748//4751 4817//4819 4749//4752 4678//4678
f 4749//4752 4818//4820 4750//4753 4679//4679
f 4750//4753 4819//4821 4751//4754 4680//4680
f 4751//4754 4820//4822 4752//4755 4681//4681
f 4752//4755 4821//4823 4753//4756 4682//4682
f 4753//4756 4822//4824 4754//4757 4683//4683
f 4754//4757 4770//4773 4701//4701 4684//4684
f 4700//4700 4769//4772 4755//4758 4685//4685
f 4755//4758 4823//4825 4756//4759 4686//4686
f 4756//4759 4824//4826 4757//4760 4687//4687
f 4757//4760 4825//4827 4758//4761 4688//4688
f 4758//4761 4826//4828 4759//4762 4689//4689
f 4759//4762 4827//4829 4760//4763 4690//4690
f 4760//4763 4828//4830 4761//4764 4691//4691
f 4761//4764 4829//4831 4830//4832 4762//4765
f 4762//4765 4830//4832 4831//4833 4763//4766
f 4763//4766 4832//4834 4764//4767 4693//4693
f 4764//4767 4833//4835 4765//4768 4694//4694
f 4765//4768 4834//4836 4766//4769 4695//4695
f 4766//4769 4835//4837 4767//4770 4696//4696
f 4767//4770 4836//4838 4768//4771 4698//4698
f 4768//4771 4837//4839 4769//4772 4699//4699
f 4770//4773 4838//4840 4771//4774 4702//4702
f 4771//4774 4839//4841 4840//4842 4772//4775
f 4772//4775 4840//4842 4841//4843 4773//4776
f 4773//4776 4842//4844 4774//4777 4704//4704
f 4774//4777 4842//4844 4843//4845 4775//4778
f 4775//4778 4844//4846 4776//4779 4706//4706
f 4776//4779 4793//4796 4727//4727 4707//4707
f 4726//4726 4792//4795 4777//4780 4710//4710
f 4777//4780 4845//4847 4778//4781 4711//4711
f 4778//4781 4846//4848 4779//4782 4712//4712
f 4779//4782 4847//4849 4780//4783 4713//4713
f 4780//4783 4847//4849 4781//4784 4715//4715
f 4781//4784 4848//4850 4782//4785 4716//4716
f 4782//4785 4849//4851 4783//4786 4717//4717
f 4783//4786 4850//4852 4784//4787 4718//4718
f 4784//4787 4851//4853 4852//4854 4785//4788
f 4785//4788 4852//4854 4853//4855 4786//4789
f 4786//4789 4854//4856 4787//4790 4720//4720
f 4787//4790 4855//4857 4788//4791 4721//4721
f 4788//4791 4856//4858 4789//4792 4722//4722
f 4789//4792 4857//4859 4790//4793 4723//4723
f 4790//4793 4858//4860 4791//4794 4724//4724
f 4791//4794 4859//4861 4792//4795 4725//4725
f 4793//4796 4860//4862 4794//4797 4728//4728
f 4794//4797 4861//4863 4795//4798 4729//4729
f 4795//4798 4862//4864 4796//4799 4730//4730
f 4796//4799 4863//4865 4797//4800 4731//4731
f 4797//4800 4864//4866 4798//4801 4732//4732
f 4798//4801 4865//4867 4799//4802 4733//4733
f 4799//4802 4866//4868 4800//4803 4734//4734
f 4800//4803 4867//4869 4801//4804 4735//4735
f 4801//4804 4868//4870 4802//4805 4736//4736
f 4802//4805 4869//4871 4803//4806 4737//4737
f 4738//4738 4803//4806 4936//4872 4937//4873
f 4804//4807 4738//4738 4937//4873 4938//4874
f 4804//4807 4870//4875 4805//4808 4739//4739
f 4805//4808 4871//4876 4872//4877 4806//4809
f 4806//4809 4872//4877 4873//4878 4807//4810
f 4807//4810 4873//4878 4808//4811 4742//4742
f 4808//4811 4874//4879 4875//4880 4809//4812
f 4809//4812 4875//4880 4876//4881 4810//4813
f 4744//4744 4810//4813 4948//4882 4877//4814
f 4811//4745 4878//4883 4879//4884 4812//4746
f 4812//4746 4879//4884 4880//4885 4813//4747
f 4814//4816 4745//4748 4881//4815 4954//4886
f 4814//4816 4882//4887 4815//4817 4746//4749
f 4815//4817 4883//4888 4816//4818 4747//4750
f 4816//4818 4884//4889 4817//4819 4748//4751
f 4817//4819 4885//4890 4818//4820 4749//4752
f 4818//4820 4886//4891 4819//4821 4750//4753
f 4819//4821 4887//4892 4820//4822 4751//4754
f 4820//4822 4888//4893 4821//4823 4752//4755
f 4821//4823 4889//4894 4822//4824 4753//4756
f 4822//4824 4838//4840 4770//4773 4754//4757
f 4769//4772 4837//4839 4823//4825 4755//4758
f 4823//4825 4890//4895 4824//4826 4756//4759
f 4824//4826 4891//4896 4825//4827 4757//4760
f 4825//4827 4892//4897 4826//4828 4758//4761
f 4826//4828 4893//4898 4827//4829 4759//4762
f 4827//4829 4894//4899 4828//4830 4760//4763
f 4828//4830 4895//4900 4829//4831 4761//4764
f 4829//4831 4896//4901 4897//4902 4830//4832
f 4830//4832 4897//4902 4898//4903 4831//4833
f 4831//4833 4899//4904 4832//4834 4763//4766
f 4832//4834 4900//4905 4833//4835 4764//4767
f 4833//4835 4901//4906 4834//4836 4765//4768
f 4834//4836 4902//4907 4835//4837 4766//4769
f 4835//4837 4903//4908 4836//4838 4767//4770
f 4836//4838 4904//4909 4837//4839 4768//4771
f 4838//4840 4905//4910 4839//4841 4771//4774
f 4839//4841 4906//4911 4907//4912 4840//4842
f 4840//4842 4907//4912 4908//4913 4841//4843
f 4841//4843 4909//4914 4842//4844 4773//4776
f 4842//4844 4909//4914 4910//4915 4843//4845
f 4843//4845 4911//4916 4844//4846 4775//4778
f 4844//4846 4860//4862 4793//4796 4776//4779
f 4792//4795 4859//4861 4845//4847 4777//4780
f 4845//4847 4912//4917 4846//4848 4778//4781
f 4846//4848 4913//4918 4847//4849 4779//4782
f 4847//4849 4914//4919 4848//4850 4781//4784
f 4848//4850 4915//4920 4849//4851 4782//4785
f 4849//4851 4916//4921 4850//4852 4783//4786
f 4850//4852 4917//4922 4851//4853 4784//4787
f 4851//4853 4918//4923 4919//4924 4852//4854
f 4852//4854 4919//4924 4920//4925 4853//4855
f 4853//4855 4921//4926 4854//4856 4786//4789
f 4854//4856 4922//4927 4855//4857 4787//4790
f 4855//4857 4923//4928 4856//4858 4788//4791
f 4856//4858 4924//4929 4857//4859 4789//4792
f 4857//4859 4925//4930 4858//4860 4790//4793
f 4858//4860 4926//4931 4859//4861 4791//4794
f 4860//4862 4927//4932 4861//4863 4794//4797
f 4861//4863 4928//4933 4862//4864 4795//4798
f 4862//4864 4929//4934 4863//4865 4796//4799
f 4863//4865 4930//4935 4864//4866 4797//4800
f 4864//4866 4931//4936 4865//4867 4798//4801
f 4865//4867 4932//4937 4866//4868 4799//4802
f 4866//4868 4933//4938 4867//4869 4800//4803
f 4867//4869 4934//4939 4868//4870 4801//4804
f 4868//4870 4935//4940 4869//4871 4802//4805
f 4803//4806 4869//4871 5007//4941 4936//4872
f 4870//4875 4804//4807 4938//4874 5011//4942
f 4870//4875 4939//4943 4871//4876 4805//4808
f 4871//4876 4940//4944 4941//4945 4872//4877
f 4872//4877 4941//4945 4942//4946 4873//4878
f 4873//4878 4942//4946 4874//4879 4808//4811
f 4874//4879 4943//4947 4944//4948 4875//4880
f 4875//4880 4944//4948 4945//4949 4876//4881
f 4876//4881 4946//4950 4947//4951 4810//4813
f 4810//4813 4947//4951 5022//4952 4948//4882
f 4877//4814 4949//4953 4878//4883 4811//4745
f 4878//4883 4950//4954 4951//4955 4879//4884
f 4879//4884 4951//4955 4952//4956 4880//4885
f 4880//4885 4953//4957 4881//4815 4813//4747
f 4882//4887 4814//4816 4954//4886 5030//4958
f 4882//4887 4955//4959 4883//4888 4815//4817
f 4883//4888 4956//4960 4884//4889 4816//4818
f 4884//4889 4957//4961 4885//4890 4817//4819
f 4885//4890 4958//4962 4886//4891 4818//4820
f 4886//4891 4959//4963 4887//4892 4819//4821
f 4887//4892 4960//4964 4888//4893 4820//4822
f 4888//4893 4961//4965 4889//4894 4821//4823
f 4889//4894 4905//4910 4838//4840 4822//4824
f 4837//4839 4904//4909 4890//4895 4823//4825
f 4890//4895 4962//4966 4891//4896 4824//4826
f 4891//4896 4963//4967 4892//4897 4825//4827
f 4892//4897 4964//4968 4893//4898 4826//4828
f 4893//4898 4965//4969 4894//4899 4827//4829
f 4894//4899 4966//4970 4895//4900 4828//4830
f 4895//4900 4967//4971 4896//4901 4829//4831
f 4896//4901 4968//4972 4969//4973 4897//4902
f 4897//4902 4969//4973 4970//4974 4898//4903
f 4898//4903 4971//4975 4899//4904 4831//4833
f 4899//4904 4972//4976 4900//4905 4832//4834
f 4900//4905 4973//4977 4901//4906 4833//4835
f 4901//4906 4974//4978 4902//4907 4834//4836
f 4902//4907 4975//4979 4903//4908 4835//4837
f 4903//4908 4976//4980 4904//4909 4836//4838
f 4905//4910 4977//4981 4906//4911 4839//4841
f 4906//4911 4978//4982 4979//4983 4907//4912
f 4907//4912 4979//4983 4980//4984 4908//4913
f 4908//4913 4981//4985 4909//4914 4841//4843
f 4909//4914 4981//4985 4982//4986 4910//4915
f 4910//4915 4983//4987 4911//4916 4843//4845
f 4911//4916 4927//4932 4860//4862 4844//4846
f 4859//4861 4926//4931 4912//4917 4845//4847
f 4912//4917 4984//4988 4913//4918 4846//4848
f 4913//4918 4985//4989 4914//4919 4847//4849
f 4914//4919 4986//4990 4915//4920 4848//4850
f 4915//4920 4987//4991 4916//4921 4849//4851
f 4916//4921 4988//4992 4917//4922 4850//4852
f 4917//4922 4989//4993 4918//4923 4851//4853
f 4918//4923 4990//4994 4991//4995 4919//4924
f 4919//4924 4991//4995 4992//4996 4920//4925
f 4920//4925 4993//4997 4921//4926 4853//4855
f 4921//4926 4994//4998 4922//4927 4854//4856
f 4922//4927 4995//4999 4923//4928 4855//4857
f 4923//4928 4996//5000 4924//4929 4856//4858
f 4924//4929 4997//5001 4925//4930 4857//4859
f 4925//4930 4998//5002 4926//4931 4858//4860
f 4927//4932 4999//5003 4928//4933 4861//4863
f 4928//4933 5000//5004 4929//4934 4862//4864
f 4929//4934 5001//5005 4930//4935 4863//4865
f 4930//4935 5002//5006 4931//4936 4864//4866
f 4931//4936 5003//5007 4932//4937 4865//4867
f 4932//4937 5004//5008 4933//4938 4866//4868
f 4933//4938 5005//5009 4934//4939 4867//4869
f 4934//4939 5006//5010 4935//4940 4868//4870
f 4869//4871 4935//4940 5081//5011 5007//4941
f 4936//4872 5008//5012 5009//5013 4937//4873
f 4937//4873 5009//5013 5010//5014 4938//4874
f 4939//4943 4870//4875 5011//4942 5087//5015
f 4939//4943 5012//5016 4940//4944 4871//4876
f 4940//4944 5013//5017 5014//5018 4941//4945
f 4941//4945 5014//5018 5015//5019 4942//4946
f 4942//4946 5015//5019 4943//4947 4874//4879
f 4943//4947 5016//5020 5017//5021 4944//4948
f 4944//4948 5017//5021 5018//5022 4945//4949
f 4945//4949 5019//5023 4946//4950 4876//4881
f 4946//4950 5020//5024 5021//5025 4947//4951
f 4947//4951 5021//5025 5102//5026 5022//4952
f 4948//4882 5023//5027 4949//4953 4877//4814
f 4949//4953 5024//5028 4950//4954 4878//4883
f 4950//4954 5025//5029 5026//5030 4951//4955
f 4951//4955 5026//5030 5027//5031 4952//4956
f 4952//4956 5028//5032 4953//4957 4880//4885
f 4953//4957 5029//5033 4954//4886 4881//4815
f 4955//4959 4882//4887 5030//4958 5112//5034
f 4955//4959 5031//5035 4956//4960 4883//4888
f 4956//4960 5032//5036 4957//4961 4884//4889
f 4957//4961 5033//5037 4958//4962 4885//4890
f 4958//4962 5034//5038 4959//4963 4886//4891
f 4959//4963 5035//5039 4960//4964 4887//4892
f 4960//4964 5036//5040 4961//4965 4888//4893
f 4961//4965 4977//4981 4905//4910 4889//4894
f 4904//4909 4976//4980 4962//4966 4890//4895
f 4962//4966 5037//5041 4963//4967 4891//4896
f 4963//4967 5038//5042 4964//4968 4892//4897
f 4964//4968 5039//5043 4965//4969 4893//4898
f 4965//4969 5040//5044 4966//4970 4894//4899
f 4966//4970 5041//5045 4967//4971 4895//4900
f 4967//4971 5042//5046 4968//4972 4896//4901
f 4968//4972 5043//5047 5044//5048 4969//4973
f 4969//4973 5044//5048 5045//5049 4970//4974
f 4970//4974 5046//5050 4971//4975 4898//4903
f 4971//4975 5047//5051 4972//4976 4899//4904
f 4972//4976 5048//5052 4973//4977 4900//4905
f 4973//4977 5049//5053 4974//4978 4901//4906
f 4974//4978 5050//5054 4975//4979 4902//4907
f 4975//4979 5051//5055 4976//4980 4903//4908
f 4977//4981 5052//5056 4978//4982 4906//4911
f 4978//4982 5053//5057 5054//5058 4979//4983
f 4979//4983 5054//5058 5055//5059 4980//4984
f 4980//4984 5056//5060 4981//4985 4908//4913
f 4981//4985 5056//5060 5057//5061 4982//4986
f 4982//4986 5058//5062 4983//4987 4910//4915
f 4983//4987 4999//5003 4927//4932 4911//4916
f 4926//4931 4998//5002 4984//4988 4912//4917
f 4984//4988 5059//5063 4985//4989 4913//4918
f 4985//4989 5060//5064 4986//4990 4914//4919
f 4986//4990 5061//5065 4987//4991 4915//4920
f 4987//4991 5062//5066 4988//4992 4916//4921
f 4988//4992 5063//5067 4989//4993 4917//4922
f 4989//4993 5064//5068 4990//4994 4918//4923
f 4990//4994 5065//5069 5066//5070 4991//4995
f 4991//4995 5066//5070 5067//5071 4992//4996
f 4992//4996 5068//5072 4993//4997 4920//4925
f 4993//4997 5069//5073 4994//4998 4921//4926
f 4994//4998 5070//5074 4995//4999 4922//4927
f 4995//4999 5071//5075 4996//5000 4923//4928
f 4996//5000 5072//5076 4997//5001 4924//4929
f 4997//5001 5073//5077 4998//5002 4925//4930
f 4999//5003 5074//5078 5000//5004 4928//4933
f 5000//5004 5075//5079 5001//5005 4929//4934
f 5001//5005 5076//5080 5002//5006 4930//4935
f 5002//5006 5077//5081 5003//5007 4931//4936
f 5003//5007 5078//5082 5004//5008 4932//4937
f 5004//5008 5079//5083 5005//5009 4933//4938
f 5005//5009 5080//5084 5006//5010 4934//4939
f 4935//4940 5006//5010 5153//5085 5081//5011
f 5007//4941 5082//5086 5008//5012 4936//4872
f 5008//5012 5083//5087 5084//5088 5009//5013
f 5009//5013 5084//5088 5085//5089 5010//5014
f 5010//5014 5086//5090 5011//4942 4938//4874
f 5088//5091 4939//4943 5087//5015 5161//5092
f 4939//4943 5088//5091 5089//5093 5012//5016
f 5012//5016 5090//5094 5013//5017 4940//4944
f 5013//5017 5091//5095 5092//5096 5014//5018
f 5014//5018 5092//5096 5093//5097 5094//5098 5015//5019
f 5015//5019 5094//5098 5095//5099 5016//5020 4943//4947
f 5016//5020 5053//5057 5096//5100 5017//5021
f 5017//5021 5096//5100 5097//5101 5018//5022
f 5018//5022 5098//5102 5019//5023 4945//4949
f 5019//5023 5099//5103 5020//5024 4946//4950
f 5020//5024 5100//5104 5101//5105 5021//5025
f 5021//5025 5101//5105 5167//5106 5102//5026
f 5022//4952 5103//5107 5023//5027 4948//4882
f 5023//5027 5104//5108 5024//5028 4949//4953
f 5024//5028 5105//5109 5025//5029 4950//4954
f 5025//5029 5106//5110 5107//5111 5026//5030
f 5026//5030 5107//5111 5108//5112 5027//5031
f 5027//5031 5109//5113 5028//5032 4952//4956
f 5028//5032 5110//5114 5029//5033 4953//4957
f 5029//5033 5111//5115 5030//4958 4954//4886
f 5031//5035 4955//4959 5112//5034 5179//5116
f 5031//5035 5113//5117 5032//5036 4956//4960
f 5032//5036 5100//5104 5033//5037 4957//4961
f 5033//5037 5099//5103 5034//5038 4958//4962
f 5034//5038 5098//5102 5035//5039 4959//4963
f 5035//5039 5097//5101 5036//5040 4960//4964
f 5036//5040 5052//5056 4977//4981 4961//4965
f 4976//4980 5051//5055 5037//5041 4962//4966
f 5037//5041 5114//5118 5038//5042 4963//4967
f 5038//5042 5115//5119 5039//5043 4964//4968
f 5039//5043 5116//5120 5040//5044 4965//4969
f 5040//5044 5117//5121 5041//5045 4966//4970
f 5041//5045 5118//5122 5042//5046 4967//4971
f 5042//5046 5119//5123 5043//5047 4968//4972
f 5043//5047 5120//5124 5121//5125 5044//5048
f 5044//5048 5121//5125 5122//5126 5045//5049
f 5045//5049 5123//5127 5046//5050 4970//4974
f 5046//5050 5124//5128 5047//5051 4971//4975
f 5047//5051 5125//5129 5048//5052 4972//4976
f 5048//5052 5126//5130 5049//5053 4973//4977
f 5049//5053 5127//5131 5050//5054 4974//4978
f 5050//5054 5128//5132 5051//5055 4975//4979
f 5052//5056 5096//5100 5053//5057 4978//4982
f 5053//5057 5016//5020 5095//5099 5054//5058
f 5054//5058 5095//5099 5094//5098 5055//5059
f 5055//5059 5129//5133 5056//5060 4980//4984
f 5056//5060 5129//5133 5130//5134 5057//5061
f 5057//5061 5131//5135 5058//5062 4982//4986
f 5058//5062 5074//5078 4999//5003 4983//4987
f 4998//5002 5073//5077 5059//5063 4984//4988
f 5059//5063 5132//5136 5060//5064 4985//4989
f 5060//5064 5133//5137 5061//5065 4986//4990
f 5061//5065 5134//5138 5062//5066 4987//4991
f 5062//5066 5135//5139 5063//5067 4988//4992
f 5063//5067 5136//5140 5064//5068 4989//4993
f 5064//5068 5137//5141 5065//5069 4990//4994
f 5065//5069 5138//5142 5139//5143 5066//5070
f 5066//5070 5139//5143 5140//5144 5067//5071
f 5067//5071 5141//5145 5068//5072 4992//4996
f 5068//5072 5142//5146 5069//5073 4993//4997
f 5069//5073 5143//5147 5070//5074 4994//4998
f 5070//5074 5144//5148 5071//5075 4995//4999
f 5071//5075 5145//5149 5072//5076 4996//5000
f 5072//5076 5146//5150 5073//5077 4997//5001
f 5074//5078 5147//5151 5075//5079 5000//5004
f 5075//5079 5148//5152 5076//5080 5001//5005
f 5076//5080 5149//5153 5077//5081 5002//5006
f 5077//5081 5150//5154 5078//5082 5003//5007
f 5078//5082 5151//5155 5079//5083 5004//5008
f 5079//5083 5152//5156 5080//5084 5005//5009
f 5006//5010 5080//5084 5215//5157 5153//5085
f 5081//5011 5154//5158 5082//5086 5007//4941
f 5082//5086 5155//5159 5083//5087 5008//5012
f 5083//5087 5156//5160 5157//5161 5084//5088
f 5084//5088 5157//5161 5158//5162 5085//5089
f 5085//5089 5159//5163 5086//5090 5010//5014
f 5086//5090 5160//5164 5087//5015 5011//4942
f 5162//5165 5088//5091 5161//5092 5225//5166
f 5088//5091 5162//5165 5163//5167 5089//5093
f 5089//5093 5164//5168 5090//5094 5012//5016
f 5090//5094 5165//5169 5091//5095 5013//5017
f 5091//5095 5166//5170 5130//5134 5092//5096
f 5092//5096 5130//5134 5129//5133 5093//5097
f 5093//5097 5129//5133 5055//5059 5094//5098
f 5096//5100 5052//5056 5036//5040 5097//5101
f 5097//5101 5035//5039 5098//5102 5018//5022
f 5098//5102 5034//5038 5099//5103 5019//5023
f 5099//5103 5033//5037 5100//5104 5020//5024
f 5100//5104 5032//5036 5113//5117 5101//5105
f 5101//5105 5113//5117 5227//5171 5167//5106
f 5102//5026 5168//5172 5103//5107 5022//4952
f 5103//5107 5169//5173 5104//5108 5023//5027
f 5104//5108 5170//5174 5105//5109 5024//5028
f 5105//5109 5171//5175 5106//5110 5025//5029
f 5106//5110 5172//5176 5173//5177 5107//5111
f 5107//5111 5173//5177 5174//5178 5108//5112
f 5108//5112 5175//5179 5109//5113 5027//5031
f 5109//5113 5176//5180 5110//5114 5028//5032
f 5110//5114 5177//5181 5111//5115 5029//5033
f 5111//5115 5178//5182 5112//5034 5030//4958
f 5113//5117 5031//5035 5179//5116 5227//5171
f 5051//5055 5128//5132 5114//5118 5037//5041
f 5114//5118 5180//5183 5115//5119 5038//5042
f 5115//5119 5181//5184 5116//5120 5039//5043
f 5116//5120 5182//5185 5117//5121 5040//5044
f 5117//5121 5183//5186 5118//5122 5041//5045
f 5118//5122 5184//5187 5119//5123 5042//5046
f 5119//5123 5185//5188 5120//5124 5043//5047
f 5120//5124 5186//5189 5187//5190 5121//5125
f 5121//5125 5187//5190 5188//5191 5122//5126
f 5122//5126 5189//5192 5123//5127 5045//5049
f 5123//5127 5190//5193 5124//5128 5046//5050
f 5124//5128 5191//5194 5125//5129 5047//5051
f 5125//5129 5192//5195 5126//5130 5048//5052
f 5126//5130 5193//5196 5127//5131 5049//5053
f 5127//5131 5194//5197 5128//5132 5050//5054
f 5130//5134 5166//5170 5131//5135 5057//5061
f 5131//5135 5147//5151 5074//5078 5058//5062
f 5073//5077 5146//5150 5132//5136 5059//5063
f 5132//5136 5195//5198 5133//5137 5060//5064
f 5133//5137 5196//5199 5134//5138 5061//5065
f 5134//5138 5197//5200 5135//5139 5062//5066
f 5135//5139 5198//5201 5136//5140 5063//5067
f 5136//5140 5199//5202 5137//5141 5064//5068
f 5137//5141 5200//5203 5138//5142 5065//5069
f 5138//5142 5201//5204 5202//5205 5139//5143
f 5139//5143 5202//5205 5203//5206 5140//5144
f 5140//5144 5204//5207 5141//5145 5067//5071
f 5141//5145 5205//5208 5142//5146 5068//5072
f 5142//5146 5206//5209 5143//5147 5069//5073
f 5143//5147 5207//5210 5144//5148 5070//5074
f 5144//5148 5208//5211 5145//5149 5071//5075
f 5145//5149 5209//5212 5146//5150 5072//5076
f 5147//5151 5210//5213 5148//5152 5075//5079
f 5148//5152 5211//5214 5149//5153 5076//5080
f 5149//5153 5212//5215 5150//5154 5077//5081
f 5150//5154 5213//5216 5151//5155 5078//5082
f 5151//5155 5214//5217 5152//5156 5079//5083
f 5080//5084 5152//5156 5271//5218 5215//5157
f 5153//5085 5216//5219 5154//5158 5081//5011
f 5154//5158 5217//5220 5155//5159 5082//5086
f 5155//5159 5218//5221 5156//5160 5083//5087
f 5156//5160 5219//5222 5220//5223 5157//5161
f 5157//5161 5220//5223 5221//5224 5158//5162
f 5158//5162 5222//5225 5159//5163 5085//5089
f 5159//5163 5223//5226 5160//5164 5086//5090
f 5160//5164 5224//5227 5161//5092 5087//5015
f 5226//5228 5162//5165 5225//5166 5283//5229
f 5162//5165 5226//5228 5213//5216 5163//5167
f 5163//5167 5212//5215 5164//5168 5089//5093
f 5164//5168 5211//5214 5165//5169 5090//5094
f 5165//5169 5210//5213 5166//5170 5091//5095
f 5167//5106 5228//5230 5168//5172 5102//5026
f 5168//5172 5229//5231 5169//5173 5103//5107
f 5169//5173 5230//5232 5170//5174 5104//5108
f 5170//5174 5231//5233 5171//5175 5105//5109
f 5171//5175 5232//5234 5172//5176 5106//5110
f 5172//5176 5233//5235 5234//5236 5173//5177
f 5173//5177 5234//5236 5235//5237 5174//5178
f 5174//5178 5236//5238 5175//5179 5108//5112
f 5175//5179 5237//5239 5176//5180 5109//5113
f 5176//5180 5238//5240 5177//5181 5110//5114
f 5177//5181 5239//5241 5178//5182 5111//5115
f 5178//5182 5240//5242 5179//5116 5112//5034
f 5128//5132 5194//5197 5180//5183 5114//5118
f 5180//5183 5241//5243 5181//5184 5115//5119
f 5181//5184 5242//5244 5182//5185 5116//5120
f 5182//5185 5243//5245 5183//5186 5117//5121
f 5183//5186 5244//5246 5184//5187 5118//5122
f 5184//5187 5245//5247 5185//5188 5119//5123
f 5185//5188 5246//5248 5186//5189 5120//5124
f 5186//5189 5247//5249 5248//5250 5187//5190
f 5187//5190 5248//5250 5249//5251 5188//5191
f 5188//5191 5250//5252 5189//5192 5122//5126
f 5189//5192 5251//5253 5190//5193 5123//5127
f 5190//5193 5252//5254 5191//5194 5124//5128
f 5191//5194 5253//5255 5192//5195 5125//5129
f 5192//5195 5254//5256 5193//5196 5126//5130
f 5193//5196 5255//5257 5194//5197 5127//5131
f 5166//5170 5210//5213 5147//5151 5131//5135
f 5146//5150 5209//5212 5195//5198 5132//5136
f 5195//5198 5256//5258 5196//5199 5133//5137
f 5196//5199 5257//5259 5197//5200 5134//5138
f 5197//5200 5258//5260 5198//5201 5135//5139
f 5198//5201 5259//5261 5199//5202 5136//5140
f 5199//5202 5260//5262 5200//5203 5137//5141
f 5200//5203 5261//5263 5201//5204 5138//5142
f 5201//5204 5262//5264 5263//5265 5202//5205
f 5202//5205 5263//5265 5264//5266 5203//5206
f 5203//5206 5265//5267 5204//5207 5140//5144
f 5204//5207 5266//5268 5205//5208 5141//5145
f 5205//5208 5267//5269 5206//5209 5142//5146
f 5206//5209 5268//5270 5207//5210 5143//5147
f 5207//5210 5269//5271 5208//5211 5144//5148
f 5208//5211 5270//5272 5209//5212 5145//5149
f 5210//5213 5165//5169 5211//5214 5148//5152
f 5211//5214 5164//5168 5212//5215 5149//5153
f 5212//5215 5163//5167 5213//5216 5150//5154
f 5213//5216 5226//5228 5214//5217 5151//5155
f 5152//5156 5214//5217 5328//5273 5271//5218
f 5215//5157 5272//5274 5216//5219 5153//5085
f 5216//5219 5273//5275 5217//5220 5154//5158
f 5217//5220 5274//5276 5218//5221 5155//5159
f 5218//5221 5275//5277 5219//5222 5156//5160
f 5219//5222 5276//5278 5277//5279 5220//5223
f 5220//5223 5277//5279 5278//5280 5221//5224
f 5221//5224 5279//5281 5222//5225 5158//5162
f 5222//5225 5280//5282 5223//5226 5159//5163
f 5223//5226 5281//5283 5224//5227 5160//5164
f 5224//5227 5282//5284 5225//5166 5161//5092
f 5214//5217 5226//5228 5283//5229 5328//5273
f 5227//5171 5284//5285 5228//5230 5167//5106
f 5228//5230 5285//5286 5229//5231 5168//5172
f 5229//5231 5286//5287 5230//5232 5169//5173
f 5230//5232 5287//5288 5231//5233 5170//5174
f 5231//5233 5288//5289 5232//5234 5171//5175
f 5232//5234 5289//5290 5233//5235 5172//5176
f 5233//5235 5290//5291 5291//5292 5234//5236
f 5234//5236 5291//5292 5292//5293 5235//5237
f 5235//5237 5293//5294 5236//5238 5174//5178
f 5236//5238 5294//5295 5237//5239 5175//5179
f 5237//5239 5295//5296 5238//5240 5176//5180
f 5238//5240 5296//5297 5239//5241 5177//5181
f 5239//5241 5297//5298 5240//5242 5178//5182
f 5240//5242 5284//5285 5227//5171 5179//5116
f 5194//5197 5255//5257 5241//5243 5180//5183
f 5241//5243 5298//5299 5242//5244 5181//5184
f 5242//5244 5299//5300 5243//5245 5182//5185
f 5243//5245 5300//5301 5244//5246 5183//5186
f 5244//5246 5301//5302 5245//5247 5184//5187
f 5245//5247 5302//5303 5246//5248 5185//5188
f 5246//5248 5303//5304 5247//5249 5186//5189
f 5247//5249 5304//5305 5305//5306 5248//5250
f 5248//5250 5305//5306 5306//5307 5249//5251
f 5249//5251 5307//5308 5250//5252 5188//5191
f 5250//5252 5308//5309 5251//5253 5189//5192
f 5251//5253 5309//5310 5252//5254 5190//5193
f 5252//5254 5310//5311 5253//5255 5191//5194
f 5253//5255 5311//5312 5254//5256 5192//5195
f 5254//5256 5312//5313 5255//5257 5193//5196
f 5209//5212 5270//5272 5256//5258 5195//5198
f 5256//5258 5313//5314 5257//5259 5196//5199
f 5257//5259 5314//5315 5258//5260 5197//5200
f 5258//5260 5315//5316 5259//5261 5198//5201
f 5259//5261 5316//5317 5260//5262 5199//5202
f 5260//5262 5317//5318 5261//5263 5200//5203
f 5261//5263 5318//5319 5262//5264 5201//5204
f 5262//5264 5319//5320 5320//5321 5263//5265
f 5263//5265 5320//5321 5321//5322 5264//5266
f 5264//5266 5322//5323 5265//5267 5203//5206
f 5265//5267 5323//5324 5266//5268 5204//5207
f 5266//5268 5324//5325 5267//5269 5205//5208
f 5267//5269 5325//5326 5268//5270 5206//5209
f 5268//5270 5326//5327 5269//5271 5207//5210
f 5269//5271 5327//5328 5270//5272 5208//5211
f 5271//5218 5329//5329 5272//5274 5215//5157
f 5272//5274 5330//5330 5273//5275 5216//5219
f 5273//5275 5331//5331 5274//5276 5217//5220
f 5274//5276 5332//5332 5275//5277 5218//5221
f 5275//5277 5333//5333 5276//5278 5219//5222
f 5276//5278 5334//5334 5335//5335 5277//5279
f 5277//5279 5335//5335 5336//5336 5278//5280
f 5278//5280 5337//5337 5279//5281 5221//5224
f 5279//5281 5338//5338 5280//5282 5222//5225
f 5280//5282 5339//5339 5281//5283 5223//5226
f 5281//5283 5340//5340 5282//5284 5224//5227
f 5282//5284 5341//5341 5283//5229 5225//5166
f 5284//5285 5342//5342 5285//5286 5228//5230
f 5285//5286 5343//5343 5286//5287 5229//5231
f 5286//5287 5344//5344 5287//5288 5230//5232
f 5287//5288 5345//5345 5288//5289 5231//5233
f 5288//5289 5346//5346 5289//5290 5232//5234
f 5289//5290 5347//5347 5290//5291 5233//5235
f 5290//5291 5348//5348 5349//5349 5291//5292
f 5291//5292 5349//5349 5350//5350 5292//5293
f 5292//5293 5351//5351 5293//5294 5235//5237
f 5293//5294 5352//5352 5294//5295 5236//5238
f 5294//5295 5353//5353 5295//5296 5237//5239
f 5295//5296 5354//5354 5296//5297 5238//5240
f 5296//5297 5355//5355 5297//5298 5239//5241
f 5297//5298 5342//5342 5284//5285 5240//5242
f 5255//5257 5312//5313 5298//5299 5241//5243
f 5298//5299 5356//5356 5299//5300 5242//5244
f 5299//5300 5357//5357 5300//5301 5243//5245
f 5300//5301 5358//5358 5301//5302 5244//5246
f 5301//5302 5359//5359 5302//5303 5245//5247
f 5302//5303 5360//5360 5303//5304 5246//5248
f 5303//5304 5361//5361 5304//5305 5247//5249
f 5304//5305 5362//5362 5363//5363 5305//5306
f 5305//5306 5363//5363 5364//5364 5306//5307
f 5306//5307 5365//5365 5307//5308 5249//5251
f 5307//5308 5366//5366 5308//5309 5250//5252
f 5308//5309 5367//5367 5309//5310 5251//5253
f 5309//5310 5368//5368 5310//5311 5252//5254
f 5310//5311 5369//5369 5311//5312 5253//5255
f 5311//5312 5370//5370 5312//5313 5254//5256
f 5270//5272 5327//5328 5313//5314 5256//5258
f 5313//5314 5371//5371 5314//5315 5257//5259
f 5314//5315 5372//5372 5315//5316 5258//5260
f 5315//5316 5373//5373 5316//5317 5259//5261
f 5316//5317 5374//5374 5317//5318 5260//5262
f 5317//5318 5375//5375 5318//5319 5261//5263
f 5318//5319 5376//5376 5319//5320 5262//5264
f 5319//5320 5377//5377 5378//5378 5320//5321
f 5320//5321 5378//5378 5379//5379 5321//5322
f 5321//5322 5380//5380 5322//5323 5264//5266
f 5322//5323 5381//5381 5323//5324 5265//5267
f 5323//5324 5382//5382 5324//5325 5266//5268
f 5324//5325 5383//5383 5325//5326 5267//5269
f 5325//5326 5384//5384 5326//5327 5268//5270
f 5326//5327 5385//5385 5327//5328 5269//5271
f 5328//5273 5386//5386 5329//5329 5271//5218
f 5329//5329 5387//5387 5330//5330 5272//5274
f 5330//5330 5388//5388 5331//5331 5273//5275
f 5331//5331 5389//5389 5332//5332 5274//5276
f 5332//5332 5390//5390 5333//5333 5275//5277
f 5333//5333 5391//5391 5334//5334 5276//5278
f 5334//5334 5392//5392 5393//5393 5335//5335
f 5335//5335 5393//5393 5394//5394 5336//5336
f 5336//5336 5395//5395 5337//5337 5278//5280
f 5337//5337 5396//5396 5338//5338 5279//5281
f 5338//5338 5397//5397 5339//5339 5280//5282
f 5339//5339 5398//5398 5340//5340 5281//5283
f 5340//5340 5399//5399 5341//5341 5282//5284
f 5341//5341 5386//5386 5328//5273 5283//5229
f 5342//5342 5400//5400 5343//5343 5285//5286
f 5343//5343 5401//5401 5344//5344 5286//5287
f 5344//5344 5402//5402 5345//5345 5287//5288
f 5345//5345 5403//5403 5346//5346 5288//5289
f 5346//5346 5404//5404 5347//5347 5289//5290
f 5347//5347 5405//5405 5348//5348 5290//5291
f 5348//5348 5406//5406 5407//5407 5349//5349
f 5349//5349 5407//5407 5408//5408 5350//5350
f 5350//5350 5409//5409 5351//5351 5292//5293
f 5351//5351 5410//5410 5352//5352 5293//5294
f 5352//5352 5411//5411 5353//5353 5294//5295
f 5353//5353 5412//5412 5354//5354 5295//5296
f 5354//5354 5413//5413 5355//5355 5296//5297
f 5355//5355 5400//5400 5342//5342 5297//5298
f 5312//5313 5370//5370 5356//5356 5298//5299
f 5356//5356 5414//5414 5357//5357 5299//5300
f 5357//5357 5415//5415 5358//5358 5300//5301
f 5358//5358 5416//5416 5359//5359 5301//5302
f 5359//5359 5417//5417 5360//5360 5302//5303
f 5360//5360 5418//5418 5361//5361 5303//5304
f 5361//5361 5419//5419 5362//5362 5304//5305
f 5362//5362 5420//5420 5421//5421 5363//5363
f 5363//5363 5421//5421 5422//5422 5364//5364
f 5364//5364 5423//5423 5365//5365 5306//5307
f 5365//5365 5424//5424 5366//5366 5307//5308
f 5366//5366 5425//5425 5367//5367 5308//5309
f 5367//5367 5426//5426 5368//5368 5309//5310
f 5368//5368 5427//5427 5369//5369 5310//5311
f 5369//5369 5428//5428 5370//5370 5311//5312
f 5327//5328 5385//5385 5371//5371 5313//5314
f 5371//5371 5429//5429 5372//5372 5314//5315
f 5372//5372 5430//5430 5373//5373 5315//5316
f 5373//5373 5431//5431 5374//5374 5316//5317
f 5374//5374 5432//5432 5375//5375 5317//5318
f 5375//5375 5433//5433 5376//5376 5318//5319
f 5376//5376 5434//5434 5377//5377 5319//5320
f 5377//5377 5435//5435 5436//5436 5378//5378
f 5378//5378 5436//5436 5437//5437 5379//5379
f 5379//5379 5438//5438 5380//5380 5321//5322
f 5380//5380 5439//5439 5381//5381 5322//5323
f 5381//5381 5440//5440 5382//5382 5323//5324
f 5382//5382 5441//5441 5383//5383 5324//5325
f 5383//5383 5442//5442 5384//5384 5325//5326
f 5384//5384 5443//5443 5385//5385 5326//5327
f 5386//5386 5444//5444 5387//5387 5329//5329
f 5387//5387 5445//5445 5388//5388 5330//5330
f 5388//5388 5446//5446 5389//5389 5331//5331
f 5389//5389 5447//5447 5390//5390 5332//5332
f 5390//5390 5448//5448 5391//5391 5333//5333
f 5391//5391 5449//5449 5392//5392 5334//5334
f 5392//5392 5450//5450 5451//5451 5393//5393
f 5393//5393 5451//5451 5452//5452 5394//5394
f 5394//5394 5453//5453 5395//5395 5336//5336
f 5395//5395 5454//5454 5396//5396 5337//5337
f 5396//5396 5455//5455 5397//5397 5338//5338
f 5397//5397 5456//5456 5398//5398 5339//5339
f 5398//5398 5457//5457 5399//5399 5340//5340
f 5399//5399 5444//5444 5386//5386 5341//5341
f 5400//5400 5458//5458 5401//5401 5343//5343
f 5401//5401 5459//5459 5402//5402 5344//5344
f 5402//5402 5460//5460 5403//5403 5345//5345
f 5403//5403 5461//5461 5404//5404 5346//5346
f 5404//5404 5462//5462 5405//5405 5347//5347
f 5405//5405 5463//5463 5406//5406 5348//5348
f 5406//5406 5464//5464 5465//5465 5407//5407
f 5407//5407 5465//5465 5466//5466 5408//5408
f 5408//5408 5467//5467 5409//5409 5350//5350
f 5409//5409 5468//5468 5410//5410 5351//5351
f 5410//5410 5469//5469 5411//5411 5352//5352
f 5411//5411 5470//5470 5412//5412 5353//5353
f 5412//5412 5471//5471 5413//5413 5354//5354
f 5413//5413 5458//5458 5400//5400 5355//5355
f 5370//5370 5428//5428 5414//5414 5356//5356
f 5414//5414 5472//5472 5415//5415 5357//5357
f 5415//5415 5473//5473 5416//5416 5358//5358
f 5416//5416 5474//5474 5417//5417 5359//5359
f 5417//5417 5475//5475 5418//5418 5360//5360
f 5418//5418 5476//5476 5419//5419 5361//5361
f 5419//5419 5477//5477 5420//5420 5362//5362
f 5420//5420 5478//5478 5479//5479 5421//5421
f 5421//5421 5479//5479 5480//5480 5422//5422
f 5422//5422 5481//5481 5423//5423 5364//5364
f 5423//5423 5482//5482 5424//5424 5365//5365
f 5424//5424 5483//5483 5425//5425 5366//5366
f 5425//5425 5484//5484 5426//5426 5367//5367
f 5426//5426 5485//5485 5427//5427 5368//5368
f 5427//5427 5486//5486 5428//5428 5369//5369
f 5385//5385 5443//5443 5429//5429 5371//5371
f 5429//5429 5487//5487 5430//5430 5372//5372
f 5430//5430 5488//5488 5431//5431 5373//5373
f 5431//5431 5489//5489 5432//5432 5374//5374
f 5432//5432 5490//5490 5433//5433 5375//5375
f 5433//5433 5491//5491 5434//5434 5376//5376
f 5434//5434 5492//5492 5435//5435 5377//5377
f 5435//5435 5493//5493 5494//5494 5436//5436
f 5436//5436 5494//5494 5495//5495 5437//5437
f 5437//5437 5496//5496 5438//5438 5379//5379
f 5438//5438 5497//5497 5439//5439 5380//5380
f 5439//5439 5498//5498 5440//5440 5381//5381
f 5440//5440 5499//5499 5441//5441 5382//5382
f 5441//5441 5500//5500 5442//5442 5383//5383
f 5442//5442 5501//5501 5443//5443 5384//5384
f 5444//5444 5502//5502 5445//5445 5387//5387
f 5445//5445 5503//5503 5446//5446 5388//5388
f 5446//5446 5504//5504 5447//5447 5389//5389
f 5447//5447 5505//5505 5448//5448 5390//5390
f 5448//5448 5506//5506 5449//5449 5391//5391
f 5449//5449 5507//5507 5450//5450 5392//5392
f 5450//5450 5508//5508 5509//5509 5451//5451
f 5451//5451 5509//5509 5510//5510 5452//5452
f 5452//5452 5511//5511 5453//5453 5394//5394
f 5453//5453 5512//5512 5454//5454 5395//5395
f 5454//5454 5513//5513 5455//5455 5396//5396
f 5455//5455 5514//5514 5456//5456 5397//5397
f 5456//5456 5515//5515 5457//5457 5398//5398
f 5457//5457 5502//5502 5444//5444 5399//5399
f 5458//5458 5516//5516 5459//5459 5401//5401
f 5459//5459 5517//5517 5460//5460 5402//5402
f 5460//5460 5518//5518 5461//5461 5403//5403
f 5461//5461 5519//5519 5462//5462 5404//5404
f 5462//5462 5520//5520 5463//5463 5405//5405
f 5463//5463 5521//5521 5464//5464 5406//5406
f 9150//5522 9137//5523 9165//5524 9178//5525
f 9149//5526 9150//5522 9178//5525 9177//5527
f 5466//5466 5522//5528 5467//5467 5408//5408
f 5467//5467 5523//5529 5468//5468 5409//5409
f 5468//5468 5524//5530 5469//5469 5410//5410
f 5469//5469 5525//5531 5470//5470 5411//5411
f 5470//5470 5526//5532 5471//5471 5412//5412
f 5471//5471 5516//5516 5458//5458 5413//5413
f 5428//5428 5486//5486 5472//5472 5414//5414
f 5472//5472 5527//5533 5473//5473 5415//5415
f 5473//5473 5528//5534 5474//5474 5416//5416
f 5474//5474 5529//5535 5475//5475 5417//5417
f 5475//5475 5530//5536 5476//5476 5418//5418
f 5476//5476 5531//5537 5477//5477 5419//5419
f 5477//5477 5532//5538 5478//5478 5420//5420
f 5478//5478 5533//5539 5534//5540 5479//5479
f 5479//5479 5534//5540 5535//5541 5480//5480
f 5480//5480 5536//5542 5481//5481 5422//5422
f 5481//5481 5537//5543 5482//5482 5423//5423
f 5482//5482 5538//5544 5483//5483 5424//5424
f 5483//5483 5539//5545 5484//5484 5425//5425
f 5484//5484 5540//5546 5485//5485 5426//5426
f 5485//5485 5541//5547 5486//5486 5427//5427
f 5443//5443 5501//5501 5487//5487 5429//5429
f 5487//5487 5542//5548 5488//5488 5430//5430
f 5488//5488 5543//5549 5489//5489 5431//5431
f 5489//5489 5544//5550 5490//5490 5432//5432
f 5490//5490 5545//5551 5491//5491 5433//5433
f 5491//5491 5546//5552 5492//5492 5434//5434
f 5492//5492 5547//5553 5493//5493 5435//5435
f 5493//5493 5548//5554 5549//5555 5494//5494
f 5494//5494 5549//5555 5550//5556 5495//5495
f 5495//5495 5551//5557 5496//5496 5437//5437
f 5496//5496 5552//5558 5497//5497 5438//5438
f 5497//5497 5553//5559 5498//5498 5439//5439
f 5498//5498 5554//5560 5499//5499 5440//5440
f 5499//5499 5555//5561 5500//5500 5441//5441
f 5500//5500 5556//5562 5501//5501 5442//5442
f 5502//5502 5557//5563 5503//5503 5445//5445
f 5503//5503 5558//5564 5504//5504 5446//5446
f 5504//5504 5559//5565 5505//5505 5447//5447
f 5505//5505 5560//5566 5506//5506 5448//5448
f 5506//5506 5561//5567 5507//5507 5449//5449
f 5507//5507 5562//5568 5508//5508 5450//5450
f 5508//5508 5563//5569 5564//5570 5509//5509
f 5509//5509 5564//5570 5565//5571 5510//5510
f 5510//5510 5566//5572 5511//5511 5452//5452
f 5511//5511 5567//5573 5512//5512 5453//5453
f 5512//5512 5568//5574 5513//5513 5454//5454
f 5513//5513 5569//5575 5514//5514 5455//5455
f 5514//5514 5570//5576 5515//5515 5456//5456
f 5515//5515 5557//5563 5502//5502 5457//5457
f 5516//5516 5571//5577 5517//5517 5459//5459
f 5517//5517 5572//5578 5518//5518 5460//5460
f 5518//5518 5573//5579 5519//5519 5461//5461
f 5519//5519 5574//5580 5520//5520 5462//5462
f 5520//5520 5575//5581 5521//5521 5463//5463
f 9165//5524 9137//5523 9138//5582 9166//5583
f 9178//5525 9165//5524 5576//5584 5577//5585
f 9177//5527 9178//5525 5577//5585 5578//5586
f 9148//5587 9149//5526 9177//5527 9176//5588
f 5522//5528 5579//5589 5523//5529 5467//5467
f 5523//5529 5580//5590 5524//5530 5468//5468
f 5524//5530 5581//5591 5525//5531 5469//5469
f 5525//5531 5582//5592 5526//5532 5470//5470
f 5526//5532 5571//5577 5516//5516 5471//5471
f 5486//5486 5541//5547 5527//5533 5472//5472
f 5527//5533 5583//5593 5528//5534 5473//5473
f 5528//5534 5584//5594 5529//5535 5474//5474
f 5529//5535 5585//5595 5530//5536 5475//5475
f 5530//5536 5586//5596 5531//5537 5476//5476
f 5531//5537 5587//5597 5532//5538 5477//5477
f 5532//5538 5588//5598 5533//5539 5478//5478
f 5533//5539 5589//5599 5590//5600 5534//5540
f 5534//5540 5590//5600 5591//5601 5535//5541
f 5535//5541 5592//5602 5536//5542 5480//5480
f 5536//5542 5593//5603 5537//5543 5481//5481
f 5537//5543 5594//5604 5538//5544 5482//5482
f 5538//5544 5595//5605 5539//5545 5483//5483
f 5539//5545 5596//5606 5540//5546 5484//5484
f 5540//5546 5597//5607 5541//5547 5485//5485
f 5501//5501 5556//5562 5542//5548 5487//5487
f 5542//5548 5598//5608 5543//5549 5488//5488
f 5543//5549 5599//5609 5544//5550 5489//5489
f 5544//5550 5600//5610 5545//5551 5490//5490
f 5545//5551 5601//5611 5546//5552 5491//5491
f 5546//5552 5602//5612 5547//5553 5492//5492
f 5547//5553 5603//5613 5548//5554 5493//5493
f 5548//5554 5604//5614 5605//5615 5549//5555
f 5549//5555 5605//5615 5606//5616 5550//5556
f 5550//5556 5607//5617 5551//5557 5495//5495
f 5551//5557 5608//5618 5552//5558 5496//5496
f 5552//5558 5609//5619 5553//5559 5497//5497
f 5553//5559 5610//5620 5554//5560 5498//5498
f 5554//5560 5611//5621 5555//5561 5499//5499
f 5555//5561 5612//5622 5556//5562 5500//5500
f 5557//5563 5613//5623 5558//5564 5503//5503
f 5558//5564 5614//5624 5559//5565 5504//5504
f 5559//5565 5615//5625 5560//5566 5505//5505
f 5560//5566 5616//5626 5561//5567 5506//5506
f 5561//5567 5617//5627 5562//5568 5507//5507
f 5562//5568 5618//5628 5563//5569 5508//5508
f 9164//5629 9151//5630 9179//5631 9192//5632
f 9163//5633 9164//5629 9192//5632 9191//5634
f 5565//5571 5619//5635 5566//5572 5510//5510
f 5566//5572 5620//5636 5567//5573 5511//5511
f 5567//5573 5621//5637 5568//5574 5512//5512
f 5568//5574 5622//5638 5569//5575 5513//5513
f 5569//5575 5623//5639 5570//5576 5514//5514
f 5570//5576 5613//5623 5557//5563 5515//5515
f 5571//5577 5624//5640 5572//5578 5517//5517
f 5572//5578 5625//5641 5573//5579 5518//5518
f 5573//5579 5626//5642 5574//5580 5519//5519
f 5574//5580 5627//5643 5575//5581 5520//5520
f 9166//5583 9138//5582 9139//5644 9167//5645
f 9165//5524 9166//5583 5628//5646 5576//5584
f 5576//5584 5629//5647 5630//5648 5577//5585
f 5630//5648 5631//5649 5578//5586 5577//5585
f 5578//5586 5632//5650 9176//5588 9177//5527
f 9147//5651 9148//5587 9176//5588 9175//5652
f 5579//5589 5633//5653 5580//5590 5523//5529
f 5580//5590 5634//5654 5581//5591 5524//5530
f 5581//5591 5635//5655 5582//5592 5525//5531
f 5582//5592 5624//5640 5571//5577 5526//5532
f 5541//5547 5597//5607 5583//5593 5527//5533
f 5583//5593 5636//5656 5584//5594 5528//5534
f 5584//5594 5637//5657 5585//5595 5529//5535
f 5585//5595 5638//5658 5586//5596 5530//5536
f 5586//5596 5639//5659 5587//5597 5531//5537
f 5587//5597 5640//5660 5588//5598 5532//5538
f 5588//5598 5641//5661 5589//5599 5533//5539
f 5589//5599 5642//5662 5643//5663 5590//5600
f 5590//5600 5643//5663 5644//5664 5591//5601
f 5591//5601 5645//5665 5592//5602 5535//5541
f 5592//5602 5646//5666 5593//5603 5536//5542
f 5593//5603 5647//5667 5594//5604 5537//5543
f 5594//5604 5648//5668 5595//5605 5538//5544
f 5595//5605 5649//5669 5596//5606 5539//5545
f 5596//5606 5650//5670 5597//5607 5540//5546
f 5556//5562 5612//5622 5598//5608 5542//5548
f 5598//5608 5651//5671 5599//5609 5543//5549
f 5599//5609 5652//5672 5600//5610 5544//5550
f 5600//5610 5653//5673 5601//5611 5545//5551
f 5601//5611 5654//5674 5602//5612 5546//5552
f 5602//5612 5655//5675 5603//5613 5547//5553
f 5603//5613 5656//5676 5604//5614 5548//5554
f 5604//5614 5657//5677 5658//5678 5605//5615
f 5605//5615 5658//5678 5659//5679 5606//5616
f 5606//5616 5660//5680 5607//5617 5550//5556
f 5607//5617 5661//5681 5608//5618 5551//5557
f 5608//5618 5662//5682 5609//5619 5552//5558
f 5609//5619 5663//5683 5610//5620 5553//5559
f 5610//5620 5664//5684 5611//5621 5554//5560
f 5611//5621 5665//5685 5612//5622 5555//5561
f 5613//5623 5666//5686 5614//5624 5558//5564
f 5614//5624 5667//5687 5615//5625 5559//5565
f 5615//5625 5668//5688 5616//5626 5560//5566
f 5616//5626 5669//5689 5617//5627 5561//5567
f 5617//5627 5670//5690 5618//5628 5562//5568
f 9179//5631 9151//5630 9152//5691 9180//5692
f 9192//5632 9179//5631 5671//5693 5672//5694
f 9191//5634 9192//5632 5672//5694 5673//5695
f 9162//5696 9163//5633 9191//5634 9190//5697
f 5619//5635 5674//5698 5620//5636 5566//5572
f 5620//5636 5675//5699 5621//5637 5567//5573
f 5621//5637 5676//5700 5622//5638 5568//5574
f 5622//5638 5677//5701 5623//5639 5569//5575
f 5623//5639 5666//5686 5613//5623 5570//5576
f 5624//5640 5678//5702 5625//5641 5572//5578
f 5625//5641 5679//5703 5626//5642 5573//5579
f 5626//5642 5680//5704 5627//5643 5574//5580
f 9167//5645 9139//5644 9140//5705 9168//5706
f 9166//5583 9167//5645 5681//5707 5628//5646
f 5682//5708 5629//5647 5576//5584 5628//5646
f 5629//5647 5683//5709 5684//5710 5630//5648
f 5630//5648 5684//5710 5685//5711 5631//5649
f 5631//5649 5686//5712 5632//5650 5578//5586
f 5632//5650 5687//5713 9175//5652 9176//5588
f 9146//5714 9147//5651 9175//5652 9174//5715
f 5633//5653 5688//5716 5634//5654 5580//5590
f 5634//5654 5689//5717 5635//5655 5581//5591
f 5635//5655 5678//5702 5624//5640 5582//5592
f 5597//5607 5650//5670 5636//5656 5583//5593
f 5636//5656 5690//5718 5637//5657 5584//5594
f 5637//5657 5691//5719 5638//5658 5585//5595
f 5638//5658 5692//5720 5639//5659 5586//5596
f 5639//5659 5693//5721 5640//5660 5587//5597
f 5640//5660 5694//5722 5641//5661 5588//5598
f 5641//5661 5695//5723 5642//5662 5589//5599
f 5642//5662 5696//5724 5697//5725 5643//5663
f 5643//5663 5697//5725 5698//5726 5644//5664
f 5644//5664 5699//5727 5645//5665 5591//5601
f 5645//5665 5700//5728 5646//5666 5592//5602
f 5646//5666 5701//5729 5647//5667 5593//5603
f 5647//5667 5702//5730 5648//5668 5594//5604
f 5648//5668 5703//5731 5649//5669 5595//5605
f 5649//5669 5704//5732 5650//5670 5596//5606
f 5612//5622 5665//5685 5651//5671 5598//5608
f 5651//5671 5705//5733 5652//5672 5599//5609
f 5652//5672 5706//5734 5653//5673 5600//5610
f 5653//5673 5707//5735 5654//5674 5601//5611
f 5654//5674 5708//5736 5655//5675 5602//5612
f 5655//5675 5709//5737 5656//5676 5603//5613
f 5656//5676 5710//5738 5657//5677 5604//5614
f 5657//5677 5711//5739 5712//5740 5658//5678
f 5658//5678 5712//5740 5713//5741 5659//5679
f 5659//5679 5714//5742 5660//5680 5606//5616
f 5660//5680 5715//5743 5661//5681 5607//5617
f 5661//5681 5716//5744 5662//5682 5608//5618
f 5662//5682 5717//5745 5663//5683 5609//5619
f 5663//5683 5718//5746 5664//5684 5610//5620
f 5664//5684 5719//5747 5665//5685 5611//5621
f 5666//5686 5720//5748 5667//5687 5614//5624
f 5667//5687 5721//5749 5668//5688 5615//5625
f 5668//5688 5722//5750 5669//5689 5616//5626
f 5669//5689 5723//5751 5670//5690 5617//5627
f 9180//5692 9152//5691 9153//5752 9181//5753
f 9179//5631 9180//5692 5724//5754 5671//5693
f 5671//5693 5725//5755 5726//5756 5672//5694
f 5726//5756 5727//5757 5673//5695 5672//5694
f 5673//5695 5728//5758 9190//5697 9191//5634
f 9161//5759 9162//5696 9190//5697 9189//5760
f 5674//5698 5729//5761 5675//5699 5620//5636
f 5675//5699 5730//5762 5676//5700 5621//5637
f 5676//5700 5731//5763 5677//5701 5622//5638
f 5677//5701 5720//5748 5666//5686 5623//5639
f 5678//5702 5732//5764 5679//5703 5625//5641
f 5679//5703 5733//5765 5680//5704 5626//5642
f 9168//5706 9140//5705 9141//5766 9169//5767
f 9167//5645 9168//5706 5734//5768 5681//5707
f 5735//5769 5682//5708 5628//5646 5681//5707
f 5682//5708 5736//5770 5683//5709 5629//5647
f 5683//5709 5737//5771 5738//5772 5684//5710
f 5684//5710 5738//5772 5739//5773 5685//5711
f 5685//5711 5740//5774 5686//5712 5631//5649
f 5686//5712 5741//5775 5687//5713 5632//5650
f 5687//5713 5742//5776 9174//5715 9175//5652
f 9145//5777 9146//5714 9174//5715 9173//5778
f 5688//5716 5743//5779 5689//5717 5634//5654
f 5689//5717 5732//5764 5678//5702 5635//5655
f 5650//5670 5704//5732 5690//5718 5636//5656
f 5690//5718 5744//5780 5691//5719 5637//5657
f 5691//5719 5745//5781 5692//5720 5638//5658
f 5692//5720 5746//5782 5693//5721 5639//5659
f 5693//5721 5747//5783 5694//5722 5640//5660
f 5694//5722 5748//5784 5695//5723 5641//5661
f 5695//5723 5749//5785 5696//5724 5642//5662
f 5696//5724 5750//5786 5751//5787 5697//5725
f 5697//5725 5751//5787 5752//5788 5698//5726
f 5698//5726 5753//5789 5699//5727 5644//5664
f 5699//5727 5754//5790 5700//5728 5645//5665
f 5700//5728 5755//5791 5701//5729 5646//5666
f 5701//5729 5756//5792 5702//5730 5647//5667
f 5702//5730 5757//5793 5703//5731 5648//5668
f 5703//5731 5758//5794 5704//5732 5649//5669
f 5665//5685 5719//5747 5705//5733 5651//5671
f 5705//5733 5759//5795 5706//5734 5652//5672
f 5706//5734 5760//5796 5707//5735 5653//5673
f 5707//5735 5761//5797 5708//5736 5654//5674
f 5708//5736 5762//5798 5709//5737 5655//5675
f 5709//5737 5763//5799 5710//5738 5656//5676
f 5710//5738 5764//5800 5711//5739 5657//5677
f 5711//5739 5765//5801 5766//5802 5712//5740
f 5712//5740 5766//5802 5767//5803 5713//5741
f 5713//5741 5768//5804 5714//5742 5659//5679
f 5714//5742 5769//5805 5715//5743 5660//5680
f 5715//5743 5770//5806 5716//5744 5661//5681
f 5716//5744 5771//5807 5717//5745 5662//5682
f 5717//5745 5772//5808 5718//5746 5663//5683
f 5718//5746 5773//5809 5719//5747 5664//5684
f 5720//5748 5774//5810 5721//5749 5667//5687
f 5721//5749 5775//5811 5722//5750 5668//5688
f 5722//5750 5776//5812 5723//5751 5669//5689
f 9181//5753 9153//5752 9154//5813 9182//5814
f 9180//5692 9181//5753 5777//5815 5724//5754
f 5778//5816 5725//5755 5671//5693 5724//5754
f 5725//5755 5779//5817 5780//5818 5726//5756
f 5726//5756 5780//5818 5781//5819 5727//5757
f 5727//5757 5782//5820 5728//5758 5673//5695
f 5728//5758 5783//5821 9189//5760 9190//5697
f 9160//5822 9161//5759 9189//5760 9188//5823
f 5729//5761 5784//5824 5730//5762 5675//5699
f 5730//5762 5785//5825 5731//5763 5676//5700
f 5731//5763 5774//5810 5720//5748 5677//5701
f 5732//5764 5786//5826 5733//5765 5679//5703
f 9169//5767 9141//5766 9142//5827 9170//5828
f 9168//5706 9169//5767 5787//5829 5734//5768
f 5788//5830 5735//5769 5681//5707 5734//5768
f 5735//5769 5789//5831 5736//5770 5682//5708
f 5736//5770 5790//5832 5737//5771 5683//5709
f 5737//5771 5791//5833 5792//5834 5738//5772
f 5738//5772 5792//5834 5793//5835 5739//5773
f 5739//5773 5794//5836 5740//5774 5685//5711
f 5740//5774 5795//5837 5741//5775 5686//5712
f 5741//5775 5796//5838 5742//5776 5687//5713
f 5742//5776 5797//5839 9173//5778 9174//5715
f 9144//5840 9145//5777 9173//5778 9172//5841
f 5743//5779 5786//5826 5732//5764 5689//5717
f 5704//5732 5758//5794 5744//5780 5690//5718
f 5744//5780 5798//5842 5745//5781 5691//5719
f 5745//5781 5799//5843 5746//5782 5692//5720
f 5746//5782 5800//5844 5747//5783 5693//5721
f 5747//5783 5801//5845 5748//5784 5694//5722
f 5748//5784 5802//5846 5749//5785 5695//5723
f 5749//5785 5803//5847 5750//5786 5696//5724
f 5750//5786 5804//5848 5805//5849 5751//5787
f 5751//5787 5805//5849 5806//5850 5752//5788
f 5752//5788 5807//5851 5753//5789 5698//5726
f 5753//5789 5808//5852 5754//5790 5699//5727
f 5754//5790 5809//5853 5755//5791 5700//5728
f 5755//5791 5810//5854 5756//5792 5701//5729
f 5756//5792 5811//5855 5757//5793 5702//5730
f 5757//5793 5812//5856 5758//5794 5703//5731
f 5719//5747 5773//5809 5759//5795 5705//5733
f 5759//5795 5813//5857 5760//5796 5706//5734
f 5760//5796 5814//5858 5761//5797 5707//5735
f 5761//5797 5815//5859 5762//5798 5708//5736
f 5762//5798 5816//5860 5763//5799 5709//5737
f 5763//5799 5817//5861 5764//5800 5710//5738
f 5764//5800 5818//5862 5765//5801 5711//5739
f 5765//5801 5819//5863 5820//5864 5766//5802
f 5766//5802 5820//5864 5821//5865 5767//5803
f 5767//5803 5822//5866 5768//5804 5713//5741
f 5768//5804 5823//5867 5769//5805 5714//5742
f 5769//5805 5824//5868 5770//5806 5715//5743
f 5770//5806 5825//5869 5771//5807 5716//5744
f 5771//5807 5826//5870 5772//5808 5717//5745
f 5772//5808 5827//5871 5773//5809 5718//5746
f 5774//5810 5828//5872 5775//5811 5721//5749
f 5775//5811 5829//5873 5776//5812 5722//5750
f 9182//5814 9154//5813 9155//5874 9183//5875
f 9181//5753 9182//5814 5830//5876 5777//5815
f 5831//5877 5778//5816 5724//5754 5777//5815
f 5778//5816 5832//5878 5779//5817 5725//5755
f 5779//5817 5833//5879 5834//5880 5780//5818
f 5780//5818 5834//5880 5835//5881 5781//5819
f 5781//5819 5836//5882 5782//5820 5727//5757
f 5782//5820 5837//5883 5783//5821 5728//5758
f 5783//5821 5838//5884 9188//5823 9189//5760
f 9159//5885 9160//5822 9188//5823 9187//5886
f 5784//5824 5839//5887 5785//5825 5730//5762
f 5785//5825 5828//5872 5774//5810 5731//5763
f 9170//5828 9142//5827 9143//5888 9171//5889
f 9169//5767 9170//5828 5840//5890 5787//5829
f 5841//5891 5788//5830 5734//5768 5787//5829
f 5788//5830 5842//5892 5789//5831 5735//5769
f 5789//5831 5843//5893 5790//5832 5736//5770
f 5790//5832 5844//5894 5791//5833 5737//5771
f 5791//5833 5845//5895 5846//5896 5792//5834
f 5792//5834 5846//5896 5847//5897 5793//5835
f 5793//5835 5848//5898 5794//5836 5739//5773
f 5794//5836 5849//5899 5795//5837 5740//5774
f 5795//5837 5850//5900 5796//5838 5741//5775
f 5796//5838 5851//5901 5797//5839 5742//5776
f 5797//5839 5852//5902 9172//5841 9173//5778
f 9171//5889 9143//5888 9144//5840 9172//5841
f 5758//5794 5812//5856 5798//5842 5744//5780
f 5798//5842 5853//5903 5799//5843 5745//5781
f 5799//5843 5854//5904 5800//5844 5746//5782
f 5800//5844 5855//5905 5801//5845 5747//5783
f 5801//5845 5856//5906 5802//5846 5748//5784
f 5802//5846 5857//5907 5803//5847 5749//5785
f 5803//5847 5858//5908 5804//5848 5750//5786
f 5804//5848 5859//5909 5860//5910 5805//5849
f 5805//5849 5860//5910 5861//5911 5806//5850
f 5806//5850 5862//5912 5807//5851 5752//5788
f 5807//5851 5863//5913 5808//5852 5753//5789
f 5808//5852 5864//5914 5809//5853 5754//5790
f 5809//5853 5865//5915 5810//5854 5755//5791
f 5810//5854 5866//5916 5811//5855 5756//5792
f 5811//5855 5867//5917 5812//5856 5757//5793
f 5773//5809 5827//5871 5813//5857 5759//5795
f 5813//5857 5868//5918 5814//5858 5760//5796
f 5814//5858 5869//5919 5815//5859 5761//5797
f 5815//5859 5870//5920 5816//5860 5762//5798
f 5816//5860 5871//5921 5817//5861 5763//5799
f 5817//5861 5872//5922 5818//5862 5764//5800
f 5818//5862 5873//5923 5819//5863 5765//5801
f 5819//5863 5874//5924 5875//5925 5820//5864
f 5820//5864 5875//5925 5876//5926 5821//5865
f 5821//5865 5877//5927 5822//5866 5767//5803
f 5822//5866 5878//5928 5823//5867 5768//5804
f 5823//5867 5879//5929 5824//5868 5769//5805
f 5824//5868 5880//5930 5825//5869 5770//5806
f 5825//5869 5881//5931 5826//5870 5771//5807
f 5826//5870 5882//5932 5827//5871 5772//5808
f 5828//5872 5883//5933 5829//5873 5775//5811
f 9183//5875 9155//5874 9156//5934 9184//5935
f 9182//5814 9183//5875 5884//5936 5830//5876
f 5885//5937 5831//5877 5777//5815 5830//5876
f 5831//5877 5886//5938 5832//5878 5778//5816
f 5832//5878 5887//5939 5833//5879 5779//5817
f 5833//5879 5888//5940 5889//5941 5834//5880
f 5834//5880 5889//5941 5890//5942 5835//5881
f 5835//5881 5891//5943 5836//5882 5781//5819
f 5836//5882 5892//5944 5837//5883 5782//5820
f 5837//5883 5893//5945 5838//5884 5783//5821
f 5838//5884 5894//5946 9187//5886 9188//5823
f 9158//5947 9159//5885 9187//5886 9186//5948
f 5839//5887 5883//5933 5828//5872 5785//5825
f 9170//5828 9171//5889 5895//5949 5840//5890
f 5896//5950 5841//5891 5787//5829 5840//5890
f 5841//5891 5897//5951 5842//5892 5788//5830
f 5842//5892 5898//5952 5843//5893 5789//5831
f 5843//5893 5899//5953 5844//5894 5790//5832
f 5844//5894 5900//5954 5845//5895 5791//5833
f 5845//5895 5901//5955 5902//5956 5846//5896
f 5846//5896 5902//5956 5903//5957 5847//5897
f 5847//5897 5904//5958 5848//5898 5793//5835
f 5848//5898 5905//5959 5849//5899 5794//5836
f 5849//5899 5906//5960 5850//5900 5795//5837
f 5850//5900 5907//5961 5851//5901 5796//5838
f 5851//5901 5908//5962 5852//5902 5797//5839
f 5852//5902 5895//5949 9171//5889 9172//5841
f 5812//5856 5867//5917 5853//5903 5798//5842
f 5853//5903 5909//5963 5854//5904 5799//5843
f 5854//5904 5910//5964 5855//5905 5800//5844
f 5855//5905 5911//5965 5856//5906 5801//5845
f 5856//5906 5912//5966 5857//5907 5802//5846
f 5857//5907 5913//5967 5858//5908 5803//5847
f 5858//5908 5914//5968 5915//5969 5804//5848
f 5804//5848 5915//5969 5916//5970 5859//5909
f 5859//5909 5917//5971 5918//5972 5860//5910
f 5860//5910 5918//5972 5919//5973 5861//5911
f 5861//5911 5920//5974 5862//5912 5806//5850
f 5862//5912 5921//5975 5863//5913 5807//5851
f 5863//5913 5922//5976 5864//5914 5808//5852
f 5864//5914 5923//5977 5865//5915 5809//5853
f 5865//5915 5924//5978 5866//5916 5810//5854
f 5866//5916 5925//5979 5867//5917 5811//5855
f 5827//5871 5882//5932 5868//5918 5813//5857
f 5868//5918 5926//5980 5869//5919 5814//5858
f 5869//5919 5927//5981 5870//5920 5815//5859
f 5870//5920 5928//5982 5871//5921 5816//5860
f 5871//5921 5929//5983 5872//5922 5817//5861
f 5872//5922 5930//5984 5873//5923 5818//5862
f 5873//5923 5931//5985 5874//5924 5819//5863
f 5874//5924 5932//5986 5933//5987 5875//5925
f 5875//5925 5933//5987 5934//5988 5876//5926
f 5876//5926 5935//5989 5877//5927 5821//5865
f 5877//5927 5936//5990 5878//5928 5822//5866
f 5878//5928 5937//5991 5879//5929 5823//5867
f 5879//5929 5938//5992 5880//5930 5824//5868
f 5880//5930 5939//5993 5881//5931 5825//5869
f 5881//5931 5940//5994 5882//5932 5826//5870
f 9184//5935 9156//5934 9157//5995 9185//5996
f 9183//5875 9184//5935 5941//5997 5884//5936
f 5942//5998 5885//5937 5830//5876 5884//5936
f 5885//5937 5943//5999 5886//5938 5831//5877
f 5886//5938 5944//6000 5887//5939 5832//5878
f 5887//5939 5945//6001 5888//5940 5833//5879
f 5888//5940 5946//6002 5947//6003 5889//5941
f 5889//5941 5947//6003 5948//6004 5890//5942
f 5890//5942 5949//6005 5891//5943 5835//5881
f 5891//5943 5950//6006 5892//5944 5836//5882
f 5892//5944 5951//6007 5893//5945 5837//5883
f 5893//5945 5952//6008 5894//5946 5838//5884
f 5894//5946 5953//6009 9186//5948 9187//5886
f 9185//5996 9157//5995 9158//5947 9186//5948
f 5954//6010 5896//5950 5840//5890 5895//5949
f 5896//5950 5955//6011 5897//5951 5841//5891
f 5897//5951 5956//6012 5898//5952 5842//5892
f 5898//5952 5957//6013 5899//5953 5843//5893
f 5899//5953 5958//6014 5900//5954 5844//5894
f 5900//5954 5959//6015 5901//5955 5845//5895
f 5901//5955 5960//6016 5961//6017 5902//5956
f 5902//5956 5961//6017 5962//6018 5903//5957
f 5903//5957 5963//6019 5904//5958 5847//5897
f 5904//5958 5964//6020 5905//5959 5848//5898
f 5905//5959 5965//6021 5906//5960 5849//5899
f 5906//5960 5966//6022 5907//5961 5850//5900
f 5907//5961 5967//6023 5908//5962 5851//5901
f 5908//5962 5954//6010 5895//5949 5852//5902
f 5867//5917 5925//5979 5909//5963 5853//5903
f 5909//5963 5968//6024 5910//5964 5854//5904
f 5910//5964 5969//6025 5970//6026 5855//5905
f 5855//5905 5970//6026 5971//6027 5911//5965
f 5911//5965 5972//6028 5912//5966 5856//5906
f 5912//5966 5973//6029 5913//5967 5857//5907
f 5913//5967 5974//6030 5914//5968 5858//5908
f 5914//5968 5975//6031 5976//6032 5915//5969
f 5915//5969 5976//6032 5977//6033 5916//5970
f 5916//5970 5978//6034 5917//5971 5859//5909
f 5917//5971 5979//6035 5980//6036 5918//5972
f 5918//5972 5980//6036 5981//6037 5919//5973
f 5919//5973 5982//6038 5920//5974 5861//5911
f 5920//5974 5983//6039 5921//5975 5862//5912
f 5921//5975 5984//6040 5922//5976 5863//5913
f 5922//5976 5985//6041 5923//5977 5864//5914
f 5923//5977 5986//6042 5924//5978 5865//5915
f 5924//5978 5987//6043 5925//5979 5866//5916
f 5882//5932 5940//5994 5926//5980 5868//5918
f 5926//5980 5988//6044 5927//5981 5869//5919
f 5927//5981 5989//6045 5928//5982 5870//5920
f 5928//5982 5990//6046 5929//5983 5871//5921
f 5929//5983 5991//6047 5930//5984 5872//5922
f 5930//5984 5992//6048 5931//5985 5873//5923
f 5931//5985 5993//6049 5932//5986 5874//5924
f 5932//5986 5994//6050 5995//6051 5933//5987
f 5933//5987 5995//6051 5996//6052 5934//5988
f 5934//5988 5997//6053 5998//6054 5876//5926
f 5876//5926 5998//6054 5999//6055 5935//5989
f 5935//5989 6000//6056 5936//5990 5877//5927
f 5936//5990 6001//6057 5937//5991 5878//5928
f 5937//5991 6002//6058 5938//5992 5879//5929
f 5938//5992 6003//6059 5939//5993 5880//5930
f 5939//5993 6004//6060 5940//5994 5881//5931
f 9184//5935 9185//5996 6005//6061 5941//5997
f 6006//6062 5942//5998 5884//5936 5941//5997
f 5942//5998 6007//6063 5943//5999 5885//5937
f 5943//5999 6008//6064 5944//6000 5886//5938
f 5944//6000 6009//6065 5945//6001 5887//5939
f 5945//6001 6010//6066 5946//6002 5888//5940
f 5946//6002 6011//6067 6012//6068 5947//6003
f 5947//6003 6012//6068 6013//6069 5948//6004
f 5948//6004 6014//6070 5949//6005 5890//5942
f 5949//6005 6015//6071 5950//6006 5891//5943
f 5950//6006 6016//6072 5951//6007 5892//5944
f 5951//6007 6017//6073 5952//6008 5893//5945
f 5952//6008 6018//6074 5953//6009 5894//5946
f 5953//6009 6005//6061 9185//5996 9186//5948
f 5954//6010 6019//6075 5955//6011 5896//5950
f 5955//6011 6020//6076 5956//6012 5897//5951
f 5956//6012 6021//6077 5957//6013 5898//5952
f 5957//6013 6022//6078 5958//6014 5899//5953
f 5958//6014 6023//6079 5959//6015 5900//5954
f 5959//6015 6024//6080 5960//6016 5901//5955
f 5960//6016 6025//6081 6026//6082 5961//6017
f 5961//6017 6026//6082 6027//6083 5962//6018
f 5962//6018 6028//6084 5963//6019 5903//5957
f 5963//6019 6029//6085 5964//6020 5904//5958
f 5964//6020 6030//6086 5965//6021 5905//5959
f 5965//6021 6031//6087 5966//6022 5906//5960
f 5966//6022 6032//6088 5967//6023 5907//5961
f 5967//6023 6019//6075 5954//6010 5908//5962
f 5925//5979 5987//6043 5968//6024 5909//5963
f 5968//6024 6033//6089 6034//6090 5910//5964
f 5910//5964 6034//6090 6035//6091 5969//6025
f 5969//6025 6036//6092 6037//6093 5970//6026
f 5970//6026 6037//6093 6038//6094 5971//6027
f 5971//6027 6038//6094 5972//6028 5911//5965
f 5972//6028 6039//6095 5973//6029 5912//5966
f 5973//6029 6040//6096 5974//6030 5913//5967
f 5974//6030 6041//6097 5975//6031 5914//5968
f 5975//6031 6042//6098 6043//6099 5976//6032
f 5976//6032 6043//6099 6044//6100 5977//6033
f 5977//6033 6045//6101 5978//6034 5916//5970
f 5978//6034 6046//6102 5979//6035 5917//5971
f 5979//6035 6047//6103 6048//6104 5980//6036
f 5980//6036 6048//6104 6049//6105 5981//6037
f 5981//6037 6050//6106 5982//6038 5919//5973
f 5982//6038 6051//6107 6052//6108 5920//5974
f 5920//5974 6052//6108 6053//6109 5983//6039
f 5983//6039 6054//6110 5984//6040 5921//5975
f 5984//6040 6055//6111 5985//6041 5922//5976
f 5985//6041 6056//6112 5986//6042 5923//5977
f 5986//6042 6057//6113 5987//6043 5924//5978
f 5940//5994 6004//6060 5988//6044 5926//5980
f 5988//6044 6058//6114 5989//6045 5927//5981
f 5989//6045 6059//6115 5990//6046 5928//5982
f 5990//6046 6060//6116 5991//6047 5929//5983
f 5991//6047 6061//6117 5992//6048 5930//5984
f 5992//6048 6062//6118 5993//6049 5931//5985
f 5993//6049 6063//6119 5994//6050 5932//5986
f 5994//6050 6064//6120 6065//6121 5995//6051
f 5995//6051 6065//6121 6066//6122 5996//6052
f 5996//6052 6067//6123 5997//6053 5934//5988
f 5997//6053 6068//6124 6069//6125 5998//6054
f 5998//6054 6069//6125 6070//6126 5999//6055
f 5999//6055 6071//6127 6000//6056 5935//5989
f 6000//6056 6072//6128 6001//6057 5936//5990
f 6001//6057 6073//6129 6002//6058 5937//5991
f 6002//6058 6074//6130 6075//6131 5938//5992
f 5938//5992 6075//6131 6076//6132 6003//6059
f 6003//6059 6077//6133 6004//6060 5939//5993
f 6078//6134 6006//6062 5941//5997 6005//6061
f 6006//6062 6079//6135 6007//6063 5942//5998
f 6007//6063 6080//6136 6008//6064 5943//5999
f 6008//6064 6081//6137 6009//6065 5944//6000
f 6009//6065 6082//6138 6010//6066 5945//6001
f 6010//6066 6083//6139 6011//6067 5946//6002
f 6011//6067 6084//6140 6085//6141 6012//6068
f 6012//6068 6085//6141 6086//6142 6013//6069
f 6013//6069 6087//6143 6014//6070 5948//6004
f 6014//6070 6088//6144 6015//6071 5949//6005
f 6015//6071 6089//6145 6016//6072 5950//6006
f 6016//6072 6090//6146 6017//6073 5951//6007
f 6017//6073 6091//6147 6018//6074 5952//6008
f 6018//6074 6078//6134 6005//6061 5953//6009
f 6019//6075 6092//6148 6020//6076 5955//6011
f 6020//6076 6093//6149 6021//6077 5956//6012
f 6021//6077 6094//6150 6022//6078 5957//6013
f 6022//6078 6095//6151 6023//6079 5958//6014
f 6023//6079 6096//6152 6024//6080 5959//6015
f 6024//6080 6097//6153 6025//6081 5960//6016
f 6025//6081 6098//6154 6099//6155 6026//6082
f 6026//6082 6099//6155 6100//6156 6027//6083
f 6027//6083 6100//6156 6101//6157 5962//6018
f 5962//6018 6101//6157 6102//6158 6028//6084
f 6028//6084 6103//6159 6029//6085 5963//6019
f 6029//6085 6104//6160 6030//6086 5964//6020
f 6030//6086 6105//6161 6031//6087 5965//6021
f 6031//6087 6106//6162 6032//6088 5966//6022
f 6032//6088 6092//6148 6019//6075 5967//6023
f 5987//6043 6057//6113 6033//6089 5968//6024
f 6033//6089 6107//6163 6108//6164 6034//6090
f 6034//6090 6108//6164 6109//6165 6035//6091
f 6035//6091 6109//6165 6036//6092 5969//6025
f 6036//6092 6110//6166 6111//6167 6037//6093
f 6037//6093 6111//6167 6112//6168 6038//6094
f 6038//6094 6112//6168 6039//6095 5972//6028
f 6039//6095 6113//6169 6040//6096 5973//6029
f 6040//6096 6114//6170 6115//6171 5974//6030
f 5974//6030 6115//6171 6116//6172 6041//6097
f 6041//6097 6116//6172 6042//6098 5975//6031
f 6042//6098 6117//6173 6118//6174 6043//6099
f 6043//6099 6118//6174 6119//6175 6044//6100
f 6044//6100 6120//6176 6045//6101 5977//6033
f 6045//6101 6121//6177 6046//6102 5978//6034
f 6046//6102 6122//6178 6047//6103 5979//6035
f 6047//6103 6123//6179 6124//6180 6048//6104
f 6048//6104 6124//6180 6125//6181 6049//6105
f 6049//6105 6126//6182 6050//6106 5981//6037
f 6050//6106 6127//6183 6051//6107 5982//6038
f 6051//6107 6127//6183 6128//6184 6052//6108
f 6052//6108 6128//6184 6129//6185 6053//6109
f 6053//6109 6130//6186 6131//6187 5983//6039
f 5983//6039 6131//6187 6132//6188 6054//6110
f 6054//6110 6133//6189 6055//6111 5984//6040
f 6055//6111 6134//6190 6056//6112 5985//6041
f 6056//6112 6135//6191 6057//6113 5986//6042
f 6004//6060 6077//6133 6058//6114 5988//6044
f 6058//6114 6136//6192 6059//6115 5989//6045
f 6059//6115 6137//6193 6060//6116 5990//6046
f 6060//6116 6138//6194 6061//6117 5991//6047
f 6061//6117 6139//6195 6062//6118 5992//6048
f 6062//6118 6140//6196 6141//6197 5993//6049
f 5993//6049 6141//6197 6142//6198 6063//6119
f 6063//6119 6143//6199 6064//6120 5994//6050
f 6064//6120 6144//6200 6145//6201 6065//6121
f 6065//6121 6145//6201 6146//6202 6066//6122
f 6066//6122 6147//6203 6067//6123 5996//6052
f 6067//6123 6148//6204 6068//6124 5997//6053
f 6068//6124 6149//6205 6150//6206 6069//6125
f 6069//6125 6150//6206 6151//6207 6070//6126
f 6070//6126 6152//6208 6071//6127 5999//6055
f 6071//6127 6153//6209 6072//6128 6000//6056
f 6072//6128 6154//6210 6073//6129 6001//6057
f 6073//6129 6155//6211 6074//6130 6002//6058
f 6074//6130 6155//6211 6156//6212 6075//6131
f 6075//6131 6156//6212 6157//6213 6076//6132
f 6076//6132 6158//6214 6159//6215 6003//6059
f 6003//6059 6159//6215 6160//6216 6077//6133
f 6078//6134 6161//6217 6079//6135 6006//6062
f 6079//6135 6162//6218 6080//6136 6007//6063
f 6080//6136 6163//6219 6081//6137 6008//6064
f 6081//6137 6164//6220 6082//6138 6009//6065
f 6082//6138 6165//6221 6083//6139 6010//6066
f 6083//6139 6166//6222 6084//6140 6011//6067
f 6084//6140 6167//6223 6168//6224 6085//6141
f 6085//6141 6168//6224 6169//6225 6086//6142
f 6086//6142 6170//6226 6087//6143 6013//6069
f 6087//6143 6171//6227 6088//6144 6014//6070
f 6088//6144 6172//6228 6089//6145 6015//6071
f 6089//6145 6173//6229 6090//6146 6016//6072
f 6090//6146 6174//6230 6091//6147 6017//6073
f 6091//6147 6161//6217 6078//6134 6018//6074
f 6092//6148 6175//6231 6093//6149 6020//6076
f 6093//6149 6176//6232 6094//6150 6021//6077
f 6094//6150 6177//6233 6095//6151 6022//6078
f 6095//6151 6178//6234 6096//6152 6023//6079
f 6096//6152 6179//6235 6097//6153 6024//6080
f 6097//6153 6180//6236 6098//6154 6025//6081
f 6098//6154 6181//6237 6182//6238 6099//6155
f 6099//6155 6182//6238 6183//6239 6100//6156
f 6100//6156 6184//6240 6185//6241 6101//6157
f 6101//6157 6185//6241 6186//6242 6102//6158
f 6102//6158 6187//6243 6103//6159 6028//6084
f 6103//6159 6188//6244 6104//6160 6029//6085
f 6104//6160 6189//6245 6105//6161 6030//6086
f 6105//6161 6190//6246 6106//6162 6031//6087
f 6106//6162 6175//6231 6092//6148 6032//6088
f 6057//6113 6135//6191 6107//6163 6033//6089
f 6107//6163 6191//6247 6192//6248 6108//6164
f 6108//6164 6192//6248 6193//6249 6109//6165
f 6109//6165 6193//6249 6110//6166 6036//6092
f 6110//6166 6194//6250 6195//6251 6111//6167
f 6111//6167 6195//6251 6196//6252 6112//6168
f 6112//6168 6196//6252 6113//6169 6039//6095
f 6113//6169 6197//6253 6114//6170 6040//6096
f 6114//6170 6198//6254 6199//6255 6115//6171
f 6115//6171 6199//6255 6200//6256 6116//6172
f 6116//6172 6200//6256 6117//6173 6042//6098
f 6117//6173 6201//6257 6202//6258 6118//6174
f 6118//6174 6202//6258 6203//6259 6119//6175
f 6119//6175 6204//6260 6120//6176 6044//6100
f 6120//6176 6204//6260 6121//6177 6045//6101
f 6121//6177 6205//6261 6122//6178 6046//6102
f 6122//6178 6206//6262 6123//6179 6047//6103
f 6123//6179 6207//6263 6208//6264 6124//6180
f 6124//6180 6208//6264 6209//6265 6125//6181
f 6125//6181 6210//6266 6126//6182 6049//6105
f 6126//6182 6211//6267 6127//6183 6050//6106
f 6127//6183 6211//6267 6212//6268 6128//6184
f 6128//6184 6212//6268 6213//6269 6129//6185
f 6129//6185 6214//6270 6130//6186 6053//6109
f 6130//6186 6214//6270 6215//6271 6131//6187
f 6131//6187 6215//6271 6216//6272 6132//6188
f 6132//6188 6217//6273 6133//6189 6054//6110
f 6133//6189 6218//6274 6134//6190 6055//6111
f 6134//6190 6219//6275 6135//6191 6056//6112
f 6077//6133 6160//6216 6136//6192 6058//6114
f 6136//6192 6220//6276 6137//6193 6059//6115
f 6137//6193 6221//6277 6138//6194 6060//6116
f 6138//6194 6222//6278 6139//6195 6061//6117
f 6139//6195 6223//6279 6224//6280 6062//6118
f 6062//6118 6224//6280 6225//6281 6140//6196
f 6140//6196 6226//6282 6227//6283 6141//6197
f 6141//6197 6227//6283 6228//6284 6142//6198
f 6142//6198 6228//6284 6143//6199 6063//6119
f 6143//6199 6229//6285 6144//6200 6064//6120
f 6144//6200 6230//6286 6231//6287 6145//6201
f 6145//6201 6231//6287 6232//6288 6146//6202
f 6146//6202 6233//6289 6147//6203 6066//6122
f 6147//6203 6234//6290 6148//6204 6067//6123
f 6148//6204 6235//6291 6149//6205 6068//6124
f 6149//6205 6236//6292 6237//6293 6150//6206
f 6150//6206 6237//6293 6238//6294 6151//6207
f 6151//6207 6239//6295 6152//6208 6070//6126
f 6152//6208 6239//6295 6240//6296 6071//6127
f 6071//6127 6240//6296 6241//6297 6153//6209
f 6153//6209 6242//6298 6154//6210 6072//6128
f 6154//6210 6243//6299 6155//6211 6073//6129
f 6155//6211 6243//6299 6244//6300 6156//6212
f 6156//6212 6244//6300 6245//6301 6157//6213
f 6157//6213 6246//6302 6158//6214 6076//6132
f 6158//6214 6246//6302 6247//6303 6159//6215
f 6159//6215 6247//6303 6248//6304 6160//6216
f 6161//6217 6249//6305 6162//6218 6079//6135
f 6162//6218 6250//6306 6163//6219 6080//6136
f 6163//6219 6251//6307 6164//6220 6081//6137
f 6164//6220 6252//6308 6165//6221 6082//6138
f 6165//6221 6253//6309 6166//6222 6083//6139
f 6166//6222 6254//6310 6255//6311 6084//6140
f 6084//6140 6255//6311 6256//6312 6167//6223
f 6167//6223 6256//6312 6257//6313 6168//6224
f 6168//6224 6257//6313 6258//6314 6169//6225
f 6169//6225 6259//6315 6170//6226 6086//6142
f 6170//6226 6260//6316 6171//6227 6087//6143
f 6171//6227 6261//6317 6172//6228 6088//6144
f 6172//6228 6262//6318 6173//6229 6089//6145
f 6173//6229 6263//6319 6174//6230 6090//6146
f 6174//6230 6249//6305 6161//6217 6091//6147
f 6175//6231 6264//6320 6176//6232 6093//6149
f 6176//6232 6265//6321 6177//6233 6094//6150
f 6177//6233 6266//6322 6178//6234 6095//6151
f 6178//6234 6267//6323 6179//6235 6096//6152
f 6179//6235 6268//6324 6180//6236 6097//6153
f 6180//6236 6269//6325 6181//6237 6098//6154
f 6181//6237 6270//6326 6271//6327 6182//6238
f 6182//6238 6271//6327 6272//6328 6183//6239
f 6183//6239 6273//6329 6184//6240 6100//6156
f 6184//6240 6274//6330 6275//6331 6185//6241
f 6185//6241 6275//6331 6276//6332 6186//6242
f 6186//6242 6277//6333 6187//6243 6102//6158
f 6187//6243 6278//6334 6279//6335 6103//6159
f 6103//6159 6279//6335 6280//6336 6188//6244
f 6188//6244 6281//6337 6189//6245 6104//6160
f 6189//6245 6282//6338 6190//6246 6105//6161
f 6190//6246 6264//6320 6175//6231 6106//6162
f 6135//6191 6219//6275 6191//6247 6107//6163
f 6191//6247 6283//6339 6284//6340 6192//6248
f 6192//6248 6284//6340 6285//6341 6193//6249
f 6193//6249 6285//6341 6194//6250 6110//6166
f 6194//6250 6286//6342 6287//6343 6195//6251
f 6195//6251 6287//6343 6288//6344 6196//6252
f 6196//6252 6289//6345 6197//6253 6113//6169
f 6197//6253 6290//6346 6198//6254 6114//6170
f 6198//6254 6291//6347 6292//6348 6199//6255
f 6199//6255 6292//6348 6293//6349 6200//6256
f 6200//6256 6293//6349 6201//6257 6117//6173
f 6201//6257 6294//6350 6295//6351 6202//6258
f 6202//6258 6295//6351 6296//6352 6203//6259
f 6203//6259 6297//6353 6204//6260 6119//6175
f 6204//6260 6297//6353 6205//6261 6121//6177
f 6205//6261 6298//6354 6206//6262 6122//6178
f 6206//6262 6299//6355 6207//6263 6123//6179
f 6207//6263 6300//6356 6301//6357 6208//6264
f 6208//6264 6301//6357 6302//6358 6209//6265
f 6209//6265 6303//6359 6210//6266 6125//6181
f 6210//6266 6304//6360 6211//6267 6126//6182
f 6211//6267 6304//6360 6305//6361 6212//6268
f 6212//6268 6305//6361 6306//6362 6213//6269
f 6213//6269 6307//6363 6214//6270 6129//6185
f 6214//6270 6307//6363 6308//6364 6215//6271
f 6215//6271 6308//6364 6309//6365 6216//6272
f 6216//6272 6310//6366 6217//6273 6132//6188
f 6217//6273 6311//6367 6218//6274 6133//6189
f 6218//6274 6312//6368 6219//6275 6134//6190
f 6160//6216 6248//6304 6220//6276 6136//6192
f 6220//6276 6313//6369 6221//6277 6137//6193
f 6221//6277 6314//6370 6222//6278 6138//6194
f 6222//6278 6315//6371 6223//6279 6139//6195
f 6223//6279 6316//6372 6317//6373 6224//6280
f 6224//6280 6317//6373 6318//6374 6225//6281
f 6225//6281 6318//6374 6226//6282 6140//6196
f 6226//6282 6319//6375 6320//6376 6227//6283
f 6227//6283 6320//6376 6321//6377 6228//6284
f 6228//6284 6321//6377 6229//6285 6143//6199
f 6229//6285 6322//6378 6230//6286 6144//6200
f 6230//6286 6323//6379 6324//6380 6231//6287
f 6231//6287 6324//6380 6325//6381 6232//6288
f 6232//6288 6326//6382 6233//6289 6146//6202
f 6233//6289 6327//6383 6234//6290 6147//6203
f 6234//6290 6328//6384 6235//6291 6148//6204
f 6235//6291 6328//6384 6236//6292 6149//6205
f 6236//6292 6329//6385 6330//6386 6237//6293
f 6237//6293 6330//6386 6331//6387 6238//6294
f 6238//6294 6332//6388 6239//6295 6151//6207
f 6239//6295 6332//6388 6333//6389 6240//6296
f 6240//6296 6333//6389 6334//6390 6241//6297
f 6241//6297 6335//6391 6242//6298 6153//6209
f 6242//6298 6336//6392 6243//6299 6154//6210
f 6243//6299 6336//6392 6337//6393 6244//6300
f 6244//6300 6337//6393 6338//6394 6245//6301
f 6245//6301 6339//6395 6246//6302 6157//6213
f 6246//6302 6339//6395 6340//6396 6247//6303
f 6247//6303 6340//6396 6341//6397 6248//6304
f 6249//6305 6342//6398 6250//6306 6162//6218
f 6250//6306 6343//6399 6251//6307 6163//6219
f 6251//6307 6344//6400 6252//6308 6164//6220
f 6252//6308 6345//6401 6253//6309 6165//6221
f 6253//6309 6346//6402 6254//6310 6166//6222
f 6254//6310 6347//6403 6348//6404 6255//6311
f 6255//6311 6348//6404 6349//6405 6256//6312
f 6256//6312 6350//6406 6351//6407 6257//6313
f 6257//6313 6351//6407 6352//6408 6258//6314
f 6258//6314 6353//6409 6259//6315 6169//6225
f 6259//6315 6354//6410 6260//6316 6170//6226
f 6260//6316 6355//6411 6261//6317 6171//6227
f 6261//6317 6356//6412 6262//6318 6172//6228
f 6262//6318 6357//6413 6263//6319 6173//6229
f 6263//6319 6342//6398 6249//6305 6174//6230
f 6264//6320 6358//6414 6265//6321 6176//6232
f 6265//6321 6359//6415 6266//6322 6177//6233
f 6266//6322 6360//6416 6267//6323 6178//6234
f 6267//6323 6361//6417 6268//6324 6179//6235
f 6268//6324 6362//6418 6269//6325 6180//6236
f 6269//6325 6363//6419 6270//6326 6181//6237
f 6270//6326 6364//6420 6365//6421 6271//6327
f 6271//6327 6365//6421 6366//6422 6272//6328
f 6272//6328 6367//6423 6273//6329 6183//6239
f 6273//6329 6368//6424 6274//6330 6184//6240
f 6274//6330 6369//6425 6370//6426 6275//6331
f 6275//6331 6370//6426 6371//6427 6276//6332
f 6276//6332 6372//6428 6277//6333 6186//6242
f 6277//6333 6373//6429 6278//6334 6187//6243
f 6278//6334 6374//6430 6375//6431 6279//6335
f 6279//6335 6375//6431 6376//6432 6280//6336
f 6280//6336 6377//6433 6281//6337 6188//6244
f 6281//6337 6378//6434 6282//6338 6189//6245
f 6282//6338 6358//6414 6264//6320 6190//6246
f 6219//6275 6312//6368 6283//6339 6191//6247
f 6283//6339 6379//6435 6380//6436 6284//6340
f 6284//6340 6380//6436 6381//6437 6285//6341
f 6285//6341 6381//6437 6286//6342 6194//6250
f 6286//6342 6382//6438 6383//6439 6287//6343
f 6287//6343 6383//6439 6384//6440 6288//6344
f 6288//6344 6385//6441 6289//6345 6196//6252
f 6289//6345 6386//6442 6290//6346 6197//6253
f 6290//6346 6387//6443 6291//6347 6198//6254
f 6291//6347 6388//6444 6389//6445 6292//6348
f 6292//6348 6389//6445 6390//6446 6293//6349
f 6293//6349 6390//6446 6294//6350 6201//6257
f 6294//6350 6391//6447 6392//6448 6295//6351
f 6295//6351 6392//6448 6393//6449 6296//6352
f 6296//6352 6394//6450 6297//6353 6203//6259
f 6297//6353 6394//6450 6298//6354 6205//6261
f 6298//6354 6395//6451 6299//6355 6206//6262
f 6299//6355 6396//6452 6300//6356 6207//6263
f 6300//6356 6397//6453 6398//6454 6301//6357
f 6301//6357 6398//6454 6399//6455 6302//6358
f 6302//6358 6400//6456 6303//6359 6209//6265
f 6303//6359 6401//6457 6304//6360 6210//6266
f 6304//6360 6401//6457 6402//6458 6305//6361
f 6305//6361 6402//6458 6403//6459 6306//6362
f 6306//6362 6404//6460 6307//6363 6213//6269
f 6307//6363 6404//6460 6405//6461 6308//6364
f 6308//6364 6405//6461 6406//6462 6309//6365
f 6309//6365 6407//6463 6310//6366 6216//6272
f 6310//6366 6408//6464 6311//6367 6217//6273
f 6311//6367 6409//6465 6312//6368 6218//6274
f 6248//6304 6341//6397 6313//6369 6220//6276
f 6313//6369 6410//6466 6314//6370 6221//6277
f 6314//6370 6411//6467 6315//6371 6222//6278
f 6315//6371 6412//6468 6316//6372 6223//6279
f 6316//6372 6413//6469 6414//6470 6317//6373
f 6317//6373 6414//6470 6415//6471 6318//6374
f 6318//6374 6415//6471 6319//6375 6226//6282
f 6319//6375 6416//6472 6417//6473 6320//6376
f 6320//6376 6417//6473 6418//6474 6321//6377
f 6321//6377 6418//6474 6322//6378 6229//6285
f 6322//6378 6419//6475 6323//6379 6230//6286
f 6323//6379 6420//6476 6421//6477 6324//6380
f 6324//6380 6421//6477 6422//6478 6325//6381
f 6325//6381 6423//6479 6326//6382 6232//6288
f 6326//6382 6424//6480 6327//6383 6233//6289
f 6327//6383 6425//6481 6328//6384 6234//6290
f 6328//6384 6425//6481 6329//6385 6236//6292
f 6329//6385 6426//6482 6427//6483 6330//6386
f 6330//6386 6427//6483 6428//6484 6331//6387
f 6331//6387 6429//6485 6332//6388 6238//6294
f 6332//6388 6429//6485 6430//6486 6333//6389
f 6333//6389 6430//6486 6431//6487 6334//6390
f 6334//6390 6432//6488 6335//6391 6241//6297
f 6335//6391 6433//6489 6336//6392 6242//6298
f 6336//6392 6434//6490 6435//6491 6337//6393
f 6337//6393 6435//6491 6436//6492 6338//6394
f 6338//6394 6437//6493 6339//6395 6245//6301
f 6339//6395 6437//6493 6438//6494 6340//6396
f 6340//6396 6438//6494 6439//6495 6341//6397
f 6342//6398 6440//6496 6343//6399 6250//6306
f 6343//6399 6441//6497 6344//6400 6251//6307
f 6344//6400 6442//6498 6345//6401 6252//6308
f 6345//6401 6443//6499 6444//6500 6253//6309
f 6253//6309 6444//6500 6445//6501 6346//6402
f 6346//6402 6446//6502 6347//6403 6254//6310
f 6347//6403 6447//6503 6448//6504 6348//6404
f 6348//6404 6448//6504 6449//6505 6349//6405
f 6349//6405 6450//6506 6350//6406 6256//6312
f 6350//6406 6451//6507 6452//6508 6351//6407
f 6351//6407 6452//6508 6453//6509 6352//6408
f 6352//6408 6454//6510 6353//6409 6258//6314
f 6353//6409 6455//6511 6354//6410 6259//6315
f 6354//6410 6456//6512 6355//6411 6260//6316
f 6355//6411 6457//6513 6356//6412 6261//6317
f 6356//6412 6458//6514 6357//6413 6262//6318
f 6357//6413 6440//6496 6342//6398 6263//6319
f 6358//6414 6459//6515 6359//6415 6265//6321
f 6359//6415 6460//6516 6360//6416 6266//6322
f 6360//6416 6461//6517 6361//6417 6267//6323
f 6361//6417 6462//6518 6362//6418 6268//6324
f 6362//6418 6463//6519 6363//6419 6269//6325
f 6363//6419 6464//6520 6364//6420 6270//6326
f 6364//6420 6465//6521 6466//6522 6365//6421
f 6365//6421 6466//6522 6467//6523 6366//6422
f 6366//6422 6468//6524 6367//6423 6272//6328
f 6367//6423 6469//6525 6368//6424 6273//6329
f 6368//6424 6470//6526 6369//6425 6274//6330
f 6369//6425 6471//6527 6472//6528 6370//6426
f 6370//6426 6472//6528 6473//6529 6371//6427
f 6371//6427 6474//6530 6372//6428 6276//6332
f 6372//6428 6475//6531 6373//6429 6277//6333
f 6373//6429 6476//6532 6374//6430 6278//6334
f 6374//6430 6477//6533 6478//6534 6375//6431
f 6375//6431 6478//6534 6479//6535 6376//6432
f 6376//6432 6480//6536 6377//6433 6280//6336
f 6377//6433 6481//6537 6378//6434 6281//6337
f 6378//6434 6459//6515 6358//6414 6282//6338
f 6312//6368 6409//6465 6379//6435 6283//6339
f 6379//6435 6482//6538 6483//6539 6380//6436
f 6380//6436 6483//6539 6484//6540 6381//6437
f 6381//6437 6484//6540 6382//6438 6286//6342
f 6382//6438 6485//6541 6486//6542 6383//6439
f 6383//6439 6486//6542 6487//6543 6384//6440
f 6384//6440 6488//6544 6385//6441 6288//6344
f 6385//6441 6489//6545 6386//6442 6289//6345
f 6386//6442 6490//6546 6387//6443 6290//6346
f 6387//6443 6491//6547 6388//6444 6291//6347
f 6388//6444 6492//6548 6493//6549 6389//6445
f 6389//6445 6493//6549 6494//6550 6390//6446
f 6390//6446 6494//6550 6391//6447 6294//6350
f 6391//6447 6495//6551 6496//6552 6392//6448
f 6392//6448 6496//6552 6497//6553 6393//6449
f 6393//6449 6498//6554 6394//6450 6296//6352
f 6394//6450 6498//6554 6395//6451 6298//6354
f 6395//6451 6499//6555 6500//6556 6299//6355
f 6299//6355 6500//6556 6501//6557 6396//6452
f 6396//6452 6502//6558 6397//6453 6300//6356
f 6397//6453 6503//6559 6504//6560 6398//6454
f 6398//6454 6504//6560 6505//6561 6399//6455
f 6399//6455 6506//6562 6400//6456 6302//6358
f 6400//6456 6507//6563 6401//6457 6303//6359
f 6401//6457 6507//6563 6508//6564 6402//6458
f 6402//6458 6508//6564 6509//6565 6403//6459
f 6403//6459 6510//6566 6404//6460 6306//6362
f 6404//6460 6510//6566 6511//6567 6405//6461
f 6405//6461 6511//6567 6512//6568 6406//6462
f 6406//6462 6513//6569 6407//6463 6309//6365
f 6407//6463 6514//6570 6408//6464 6310//6366
f 6408//6464 6515//6571 6409//6465 6311//6367
f 6341//6397 6439//6495 6410//6466 6313//6369
f 6410//6466 6516//6572 6411//6467 6314//6370
f 6411//6467 6517//6573 6412//6468 6315//6371
f 6412//6468 6518//6574 6413//6469 6316//6372
f 6413//6469 6519//6575 6520//6576 6414//6470
f 6414//6470 6520//6576 6521//6577 6415//6471
f 6415//6471 6521//6577 6416//6472 6319//6375
f 6416//6472 6522//6578 6523//6579 6417//6473
f 6417//6473 6523//6579 6524//6580 6418//6474
f 6418//6474 6524//6580 6419//6475 6322//6378
f 6419//6475 6525//6581 6420//6476 6323//6379
f 6420//6476 6526//6582 6527//6583 6421//6477
f 6421//6477 6527//6583 6528//6584 6422//6478
f 6422//6478 6529//6585 6423//6479 6325//6381
f 6423//6479 6530//6586 6424//6480 6326//6382
f 6424//6480 6531//6587 6425//6481 6327//6383
f 6425//6481 6531//6587 6426//6482 6329//6385
f 6426//6482 6532//6588 6533//6589 6427//6483
f 6427//6483 6533//6589 6534//6590 6428//6484
f 6428//6484 6535//6591 6429//6485 6331//6387
f 6429//6485 6535//6591 6536//6592 6430//6486
f 6430//6486 6536//6592 6537//6593 6431//6487
f 6431//6487 6538//6594 6432//6488 6334//6390
f 6432//6488 6539//6595 6433//6489 6335//6391
f 6433//6489 6540//6596 6434//6490 6336//6392
f 6434//6490 6541//6597 6542//6598 6435//6491
f 6435//6491 6542//6598 6543//6599 6436//6492
f 6436//6492 6544//6600 6437//6493 6338//6394
f 6437//6493 6544//6600 6545//6601 6438//6494
f 6438//6494 6545//6601 6546//6602 6439//6495
f 6440//6496 6547//6603 6441//6497 6343//6399
f 6441//6497 6548//6604 6442//6498 6344//6400
f 6442//6498 6549//6605 6443//6499 6345//6401
f 6443//6499 6550//6606 6551//6607 6444//6500
f 6444//6500 6551//6607 6552//6608 6445//6501
f 6445//6501 6553//6609 6446//6502 6346//6402
f 6446//6502 6554//6610 6447//6503 6347//6403
f 6447//6503 6555//6611 6556//6612 6448//6504
f 6448//6504 6556//6612 6557//6613 6449//6505
f 6449//6505 6558//6614 6450//6506 6349//6405
f 6450//6506 6559//6615 6451//6507 6350//6406
f 6451//6507 6560//6616 6561//6617 6452//6508
f 6452//6508 6561//6617 6562//6618 6453//6509
f 6453//6509 6563//6619 6454//6510 6352//6408
f 6454//6510 6564//6620 6455//6511 6353//6409
f 6455//6511 6565//6621 6456//6512 6354//6410
f 6456//6512 6566//6622 6457//6513 6355//6411
f 6457//6513 6567//6623 6458//6514 6356//6412
f 6458//6514 6547//6603 6440//6496 6357//6413
f 6459//6515 6568//6624 6460//6516 6359//6415
f 6460//6516 6569//6625 6461//6517 6360//6416
f 6461//6517 6570//6626 6462//6518 6361//6417
f 6462//6518 6571//6627 6463//6519 6362//6418
f 6463//6519 6571//6627 6464//6520 6363//6419
f 6464//6520 6572//6628 6465//6521 6364//6420
f 6465//6521 6573//6629 6574//6630 6575//6631 6466//6522
f 6466//6522 6575//6631 6576//6632 6467//6523
f 6467//6523 6577//6633 6468//6524 6366//6422
f 6468//6524 6578//6634 6469//6525 6367//6423
f 6469//6525 6579//6635 6470//6526 6368//6424
f 6470//6526 6580//6636 6471//6527 6369//6425
f 6471//6527 6580//6636 6581//6637 6472//6528
f 6472//6528 6581//6637 6582//6638 6473//6529
f 6473//6529 6583//6639 6474//6530 6371//6427
f 6474//6530 6584//6640 6475//6531 6372//6428
f 6475//6531 6585//6641 6476//6532 6373//6429
f 6476//6532 6586//6642 6477//6533 6374//6430
f 6477//6533 6587//6643 6588//6644 6478//6534
f 6478//6534 6588//6644 6589//6645 6479//6535
f 6479//6535 6590//6646 6480//6536 6376//6432
f 6480//6536 6591//6647 6481//6537 6377//6433
f 6481//6537 6568//6624 6459//6515 6378//6434
f 6409//6465 6515//6571 6482//6538 6379//6435
f 6482//6538 6592//6648 6593//6649 6483//6539
f 6483//6539 6593//6649 6594//6650 6484//6540
f 6484//6540 6594//6650 6485//6541 6382//6438
f 6485//6541 6595//6651 6596//6652 6486//6542
f 6486//6542 6596//6652 6597//6653 6487//6543
f 6487//6543 6598//6654 6488//6544 6384//6440
f 6488//6544 6599//6655 6489//6545 6385//6441
f 6489//6545 6600//6656 6490//6546 6386//6442
f 6490//6546 6601//6657 6491//6547 6387//6443
f 6491//6547 6602//6658 6492//6548 6388//6444
f 6492//6548 6603//6659 6604//6660 6493//6549
f 6493//6549 6604//6660 6605//6661 6494//6550
f 6494//6550 6605//6661 6495//6551 6391//6447
f 6495//6551 6606//6662 6607//6663 6496//6552
f 6496//6552 6607//6663 6608//6664 6497//6553
f 6497//6553 6609//6665 6610//6666 6393//6449
f 6393//6449 6610//6666 6611//6667 6498//6554
f 6498//6554 6611//6667 6499//6555 6395//6451
f 6499//6555 6612//6668 6613//6669 6500//6556
f 6500//6556 6613//6669 6614//6670 6501//6557
f 6501//6557 6615//6671 6502//6558 6396//6452
f 6502//6558 6616//6672 6503//6559 6397//6453
f 6503//6559 6617//6673 6618//6674 6504//6560
f 6504//6560 6618//6674 6619//6675 6505//6561
f 6505//6561 6620//6676 6506//6562 6399//6455
f 6506//6562 6621//6677 6622//6678 6400//6456
f 6400//6456 6622//6678 6623//6679 6507//6563
f 6507//6563 6623//6679 6624//6680 6508//6564
f 6508//6564 6625//6681 6626//6682 6509//6565
f 6509//6565 6627//6683 6510//6566 6403//6459
f 6510//6566 6627//6683 6628//6684 6511//6567
f 6511//6567 6628//6684 6629//6685 6512//6568
f 6512//6568 6630//6686 6513//6569 6406//6462
f 6513//6569 6631//6687 6514//6570 6407//6463
f 6514//6570 6632//6688 6515//6571 6408//6464
f 6439//6495 6546//6602 6516//6572 6410//6466
f 6516//6572 6633//6689 6517//6573 6411//6467
f 6517//6573 6634//6690 6518//6574 6412//6468
f 6518//6574 6635//6691 6519//6575 6413//6469
f 6519//6575 6636//6692 6637//6693 6520//6576
f 6520//6576 6637//6693 6638//6694 6521//6577
f 6521//6577 6638//6694 6522//6578 6416//6472
f 6522//6578 6639//6695 6640//6696 6523//6579
f 6523//6579 6640//6696 6641//6697 6524//6580
f 6524//6580 6641//6697 6525//6581 6419//6475
f 6525//6581 6642//6698 6526//6582 6420//6476
f 6526//6582 6643//6699 6644//6700 6527//6583
f 6527//6583 6644//6700 6645//6701 6528//6584
f 6528//6584 6646//6702 6529//6585 6422//6478
f 6529//6585 6647//6703 6648//6704 6423//6479
f 6423//6479 6648//6704 6649//6705 6530//6586
f 6530//6586 6650//6706 6531//6587 6424//6480
f 6531//6587 6650//6706 6532//6588 6426//6482
f 6532//6588 6651//6707 6652//6708 6533//6589
f 6533//6589 6652//6708 6653//6709 6534//6590
f 6534//6590 6654//6710 6535//6591 6428//6484
f 6535//6591 6654//6710 6655//6711 6536//6592
f 6536//6592 6655//6711 6656//6712 6537//6593
f 6537//6593 6657//6713 6538//6594 6431//6487
f 6538//6594 6658//6714 6539//6595 6432//6488
f 6539//6595 6659//6715 6540//6596 6433//6489
f 6540//6596 6660//6716 6541//6597 6434//6490
f 6541//6597 6661//6717 6662//6718 6542//6598
f 6542//6598 6662//6718 6663//6719 6543//6599
f 6543//6599 6664//6720 6544//6600 6436//6492
f 6544//6600 6664//6720 6665//6721 6545//6601
f 6545//6601 6665//6721 6666//6722 6546//6602
f 6547//6603 6667//6723 6548//6604 6441//6497
f 6548//6604 6668//6724 6549//6605 6442//6498
f 6549//6605 6669//6725 6550//6606 6443//6499
f 6550//6606 6670//6726 6671//6727 6551//6607
f 6551//6607 6671//6727 6672//6728 6552//6608
f 6552//6608 6673//6729 6553//6609 6445//6501
f 6553//6609 6674//6730 6554//6610 6446//6502
f 6554//6610 6675//6731 6555//6611 6447//6503
f 6555//6611 6676//6732 6677//6733 6556//6612
f 6556//6612 6677//6733 6678//6734 6557//6613
f 6557//6613 6679//6735 6558//6614 6449//6505
f 6558//6614 6680//6736 6559//6615 6450//6506
f 6559//6615 6681//6737 6560//6616 6451//6507
f 6560//6616 6682//6738 6683//6739 6561//6617
f 6561//6617 6683//6739 6684//6740 6562//6618
f 6562//6618 6685//6741 6563//6619 6453//6509
f 6563//6619 6686//6742 6564//6620 6454//6510
f 6564//6620 6687//6743 6565//6621 6455//6511
f 6565//6621 6688//6744 6566//6622 6456//6512
f 6566//6622 6689//6745 6567//6623 6457//6513
f 6567//6623 6667//6723 6547//6603 6458//6514
f 6568//6624 6690//6746 6569//6625 6460//6516
f 6569//6625 6691//6747 6570//6626 6461//6517
f 6570//6626 6692//6748 6571//6627 6462//6518
f 6571//6627 6692//6748 6572//6628 6464//6520
f 6572//6628 6693//6749 6573//6629 6465//6521
f 6573//6629 6694//6750 6589//6645 6574//6630
f 6574//6630 6589//6645 6588//6644 6575//6631
f 6575//6631 6588//6644 6587//6643 6576//6632
f 6576//6632 6695//6751 6577//6633 6467//6523
f 6577//6633 6696//6752 6578//6634 6468//6524
f 6578//6634 6697//6753 6579//6635 6469//6525
f 6579//6635 6698//6754 6580//6636 6470//6526
f 6580//6636 6698//6754 6699//6755 6581//6637
f 6581//6637 6699//6755 6700//6756 6582//6638
f 6582//6638 6701//6757 6583//6639 6473//6529
f 6583//6639 6702//6758 6584//6640 6474//6530
f 6584//6640 6703//6759 6585//6641 6475//6531
f 6585//6641 6704//6760 6586//6642 6476//6532
f 6586//6642 6705//6761 6587//6643 6477//6533
f 6589//6645 6694//6750 6590//6646 6479//6535
f 6590//6646 6706//6762 6591//6647 6480//6536
f 6591//6647 6690//6746 6568//6624 6481//6537
f 6515//6571 6632//6688 6592//6648 6482//6538
f 6592//6648 6707//6763 6708//6764 6593//6649
f 6593//6649 6708//6764 6709//6765 6594//6650
f 6594//6650 6709//6765 6595//6651 6485//6541
f 6595//6651 6710//6766 6711//6767 6596//6652
f 6596//6652 6711//6767 6712//6768 6597//6653
f 6597//6653 6713//6769 6598//6654 6487//6543
f 6598//6654 6714//6770 6599//6655 6488//6544
f 6599//6655 6715//6771 6600//6656 6489//6545
f 6600//6656 6716//6772 6601//6657 6490//6546
f 6601//6657 6717//6773 6602//6658 6491//6547
f 6602//6658 6718//6774 6603//6659 6492//6548
f 6603//6659 6719//6775 6720//6776 6604//6660
f 6604//6660 6720//6776 6721//6777 6605//6661
f 6605//6661 6721//6777 6606//6662 6495//6551
f 6606//6662 6722//6778 6723//6779 6607//6663
f 6607//6663 6723//6779 6724//6780 6608//6664
f 6608//6664 6725//6781 6609//6665 6497//6553
f 6609//6665 6726//6782 6727//6783 6610//6666
f 6610//6666 6727//6783 6728//6784 6611//6667
f 6611//6667 6728//6784 6612//6668 6499//6555
f 6612//6668 6729//6785 6730//6786 6613//6669
f 6613//6669 6730//6786 6731//6787 6614//6670
f 6614//6670 6732//6788 6615//6671 6501//6557
f 6615//6671 6733//6789 6616//6672 6502//6558
f 6616//6672 6734//6790 6617//6673 6503//6559
f 6617//6673 6735//6791 6736//6792 6618//6674
f 6618//6674 6736//6792 6737//6793 6619//6675
f 6619//6675 6738//6794 6620//6676 6505//6561
f 6620//6676 6739//6795 6621//6677 6506//6562
f 6621//6677 6739//6795 6740//6796 6622//6678
f 6622//6678 6740//6796 6741//6797 6623//6679
f 6623//6679 6741//6797 6742//6798 6624//6680
f 6624//6680 6743//6799 6625//6681 6508//6564
f 6625//6681 6744//6800 6745//6801 6626//6682
f 6626//6682 6746//6802 6627//6683 6509//6565
f 6627//6683 6747//6803 6748//6804 6628//6684
f 6628//6684 6748//6804 6749//6805 6629//6685
f 6629//6685 6750//6806 6630//6686 6512//6568
f 6630//6686 6751//6807 6631//6687 6513//6569
f 6631//6687 6752//6808 6632//6688 6514//6570
f 6546//6602 6666//6722 6633//6689 6516//6572
f 6633//6689 6753//6809 6634//6690 6517//6573
f 6634//6690 6754//6810 6635//6691 6518//6574
f 6635//6691 6755//6811 6636//6692 6519//6575
f 6636//6692 6756//6812 6757//6813 6637//6693
f 6637//6693 6757//6813 6758//6814 6638//6694
f 6638//6694 6758//6814 6639//6695 6522//6578
f 6639//6695 6759//6815 6760//6816 6640//6696
f 6640//6696 6761//6817 6762//6818 6641//6697
f 6641//6697 6762//6818 6763//6819 6525//6581
f 6525//6581 6763//6819 6764//6820 6642//6698
f 6642//6698 6765//6821 6643//6699 6526//6582
f 6643//6699 6766//6822 6767//6823 6644//6700
f 6644//6700 6767//6823 6768//6824 6645//6701
f 6645//6701 6769//6825 6646//6702 6528//6584
f 6646//6702 6770//6826 6647//6703 6529//6585
f 6647//6703 6771//6827 6772//6828 6648//6704
f 6648//6704 6772//6828 6773//6829 6649//6705
f 6649//6705 6774//6830 6650//6706 6530//6586
f 6650//6706 6774//6830 6775//6831 6532//6588
f 6532//6588 6775//6831 6776//6832 6651//6707
f 6651//6707 6777//6833 6778//6834 6652//6708
f 6652//6708 6778//6834 6779//6835 6653//6709
f 6653//6709 6780//6836 6654//6710 6534//6590
f 6654//6710 6780//6836 6781//6837 6655//6711
f 6655//6711 6781//6837 6782//6838 6656//6712
f 6656//6712 6783//6839 6657//6713 6537//6593
f 6657//6713 6784//6840 6658//6714 6538//6594
f 6658//6714 6785//6841 6659//6715 6539//6595
f 6659//6715 6786//6842 6660//6716 6540//6596
f 6660//6716 6787//6843 6661//6717 6541//6597
f 6661//6717 6788//6844 6789//6845 6662//6718
f 6662//6718 6789//6845 6790//6846 6663//6719
f 6663//6719 6791//6847 6664//6720 6543//6599
f 6664//6720 6791//6847 6792//6848 6665//6721
f 6665//6721 6792//6848 6793//6849 6666//6722
f 6667//6723 6794//6850 6668//6724 6548//6604
f 6668//6724 6795//6851 6669//6725 6549//6605
f 6669//6725 6796//6852 6670//6726 6550//6606
f 6670//6726 6797//6853 6798//6854 6671//6727
f 6671//6727 6798//6854 6799//6855 6672//6728
f 6672//6728 6800//6856 6673//6729 6552//6608
f 6673//6729 6801//6857 6674//6730 6553//6609
f 6674//6730 6802//6858 6675//6731 6554//6610
f 6675//6731 6803//6859 6676//6732 6555//6611
f 6676//6732 6804//6860 6805//6861 6677//6733
f 6677//6733 6805//6861 6806//6862 6678//6734
f 6678//6734 6806//6862 6679//6735 6557//6613
f 6679//6735 6807//6863 6680//6736 6558//6614
f 6680//6736 6808//6864 6681//6737 6559//6615
f 6681//6737 6809//6865 6682//6738 6560//6616
f 6682//6738 6810//6866 6811//6867 6683//6739
f 6683//6739 6811//6867 6812//6868 6813//6869 6684//6740
f 6684//6740 6814//6870 6685//6741 6562//6618
f 6685//6741 6815//6871 6686//6742 6563//6619
f 6686//6742 6815//6871 6687//6743 6564//6620
f 6687//6743 6816//6872 6688//6744 6565//6621
f 6688//6744 6817//6873 6689//6745 6566//6622
f 6689//6745 6794//6850 6667//6723 6567//6623
f 6690//6746 6818//6874 6691//6747 6569//6625
f 6691//6747 6819//6875 6692//6748 6570//6626
f 6692//6748 6819//6875 6693//6749 6572//6628
f 6693//6749 6820//6876 6694//6750 6573//6629
f 6587//6643 6705//6761 6695//6751 6576//6632
f 6695//6751 6821//6877 6696//6752 6577//6633
f 6696//6752 6822//6878 6823//6879 6697//6753 6578//6634
f 6697//6753 6699//6755 6698//6754 6579//6635
f 6699//6755 6697//6753 6823//6879 6700//6756
f 6700//6756 6824//6880 6701//6757 6582//6638
f 6701//6757 6825//6881 6702//6758 6583//6639
f 6702//6758 6826//6882 6703//6759 6584//6640
f 6703//6759 6827//6883 6704//6760 6585//6641
f 6704//6760 6828//6884 6705//6761 6586//6642
f 6694//6750 6820//6876 6706//6762 6590//6646
f 6706//6762 6818//6874 6690//6746 6591//6647
f 6632//6688 6752//6808 6707//6763 6592//6648
f 6707//6763 6829//6885 6830//6886 6708//6764
f 6708//6764 6830//6886 6831//6887 6709//6765
f 6709//6765 6831//6887 6710//6766 6595//6651
f 6710//6766 6832//6888 6833//6889 6711//6767
f 6711//6767 6833//6889 6834//6890 6712//6768
f 6712//6768 6835//6891 6713//6769 6597//6653
f 6713//6769 6836//6892 6714//6770 6598//6654
f 6714//6770 6837//6893 6715//6771 6599//6655
f 6715//6771 6838//6894 6716//6772 6600//6656
f 6716//6772 6839//6895 6717//6773 6601//6657
f 6717//6773 6840//6896 6718//6774 6602//6658
f 6718//6774 6841//6897 6719//6775 6603//6659
f 6719//6775 6842//6898 6843//6899 6720//6776
f 6720//6776 6843//6899 6844//6900 6721//6777
f 6721//6777 6844//6900 6722//6778 6606//6662
f 6722//6778 6845//6901 6846//6902 6723//6779
f 6723//6779 6846//6902 6847//6903 6724//6780
f 6724//6780 6848//6904 6725//6781 6608//6664
f 6725//6781 6849//6905 6726//6782 6609//6665
f 6726//6782 6850//6906 6851//6907 6727//6783
f 6727//6783 6851//6907 6852//6908 6728//6784
f 6728//6784 6852//6908 6729//6785 6612//6668
f 6729//6785 6853//6909 6854//6910 6730//6786
f 6730//6786 6854//6910 6855//6911 6731//6787
f 6731//6787 6856//6912 6732//6788 6614//6670
f 6732//6788 6857//6913 6733//6789 6615//6671
f 6733//6789 6858//6914 6734//6790 6616//6672
f 6734//6790 6859//6915 6735//6791 6617//6673
f 6735//6791 6860//6916 6861//6917 6736//6792
f 6736//6792 6861//6917 6862//6918 6737//6793
f 6737//6793 6863//6919 6738//6794 6619//6675
f 6738//6794 6864//6920 6739//6795 6620//6676
f 6739//6795 6865//6921 6866//6922 6740//6796
f 6740//6796 6866//6922 6867//6923 6741//6797
f 6741//6797 6867//6923 6868//6924 6742//6798
f 6742//6798 6869//6925 6743//6799 6624//6680
f 6743//6799 6869//6925 6744//6800 6625//6681
f 6744//6800 6870//6926 6871//6927 6745//6801
f 6745//6801 6872//6928 6746//6802 6626//6682
f 6746//6802 6873//6929 6747//6803 6627//6683
f 6747//6803 6874//6930 6875//6931 6748//6804
f 6748//6804 6875//6931 6876//6932 6749//6805
f 6749//6805 6877//6933 6750//6806 6629//6685
f 6750//6806 6878//6934 6751//6807 6630//6686
f 6751//6807 6879//6935 6752//6808 6631//6687
f 6666//6722 6793//6849 6753//6809 6633//6689
f 6753//6809 6880//6936 6754//6810 6634//6690
f 6754//6810 6881//6937 6755//6811 6635//6691
f 6755//6811 6882//6938 6756//6812 6636//6692
f 6756//6812 6883//6939 6884//6940 6757//6813
f 6757//6813 6884//6940 6885//6941 6758//6814
f 6758//6814 6886//6942 6759//6815 6639//6695
f 6759//6815 6887//6943 6888//6944 6760//6816
f 6760//6816 6889//6945 6761//6817 6640//6696
f 6761//6817 6890//6946 6891//6947 6762//6818
f 6762//6818 6891//6947 6892//6948 6763//6819
f 6763//6819 6892//6948 6893//6949 6764//6820
f 6764//6820 6893//6949 6765//6821 6642//6698
f 6765//6821 6894//6950 6766//6822 6643//6699
f 6766//6822 6895//6951 6896//6952 6767//6823
f 6767//6823 6896//6952 6897//6953 6768//6824
f 6768//6824 6898//6954 6769//6825 6645//6701
f 6769//6825 6899//6955 6770//6826 6646//6702
f 6770//6826 6900//6956 6771//6827 6647//6703
f 6771//6827 6901//6957 6902//6958 6772//6828
f 6772//6828 6902//6958 6903//6959 6773//6829
f 6773//6829 6904//6960 6774//6830 6649//6705
f 6774//6830 6904//6960 6905//6961 6775//6831
f 6775//6831 6905//6961 6906//6962 6776//6832
f 6776//6832 6907//6963 6777//6833 6651//6707
f 6777//6833 6908//6964 6909//6965 6778//6834
f 6778//6834 6909//6965 6910//6966 6779//6835
f 6779//6835 6911//6967 6780//6836 6653//6709
f 6780//6836 6911//6967 6912//6968 6781//6837
f 6781//6837 6912//6968 6913//6969 6782//6838
f 6782//6838 6914//6970 6783//6839 6656//6712
f 6783//6839 6915//6971 6784//6840 6657//6713
f 6784//6840 6916//6972 6785//6841 6658//6714
f 6785//6841 6917//6973 6786//6842 6659//6715
f 6786//6842 6918//6974 6787//6843 6660//6716
f 6787//6843 6919//6975 6788//6844 6661//6717
f 6788//6844 6920//6976 6921//6977 6789//6845
f 6789//6845 6921//6977 6922//6978 6790//6846
f 6790//6846 6923//6979 6791//6847 6663//6719
f 6791//6847 6923//6979 6924//6980 6792//6848
f 6792//6848 6924//6980 6925//6981 6793//6849
f 6794//6850 6926//6982 6795//6851 6668//6724
f 6795//6851 6927//6983 6796//6852 6669//6725
f 6796//6852 6928//6984 6797//6853 6670//6726
f 6797//6853 6812//6868 6811//6867 6798//6854
f 6798//6854 6811//6867 6810//6866 6799//6855
f 6799//6855 6929//6985 6800//6856 6672//6728
f 6800//6856 6930//6986 6801//6857 6673//6729
f 6801//6857 6931//6987 6802//6858 6674//6730
f 6802//6858 6932//6988 6803//6859 6675//6731
f 6803//6859 6933//6989 6804//6860 6676//6732
f 6804//6860 6934//6990 6935//6991 6805//6861
f 6805//6861 6935//6991 6936//6992 6806//6862
f 6806//6862 6936//6992 6807//6863 6679//6735
f 6807//6863 6937//6993 6808//6864 6680//6736
f 6808//6864 6938//6994 6809//6865 6681//6737
f 6809//6865 6939//6995 6810//6866 6682//6738
f 6812//6868 6797//6853 6928//6984 6813//6869
f 6813//6869 6940//6996 6814//6870 6684//6740
f 6814//6870 6941//6997 6815//6871 6685//6741
f 6815//6871 6941//6997 6816//6872 6687//6743
f 6816//6872 6942//6998 6817//6873 6688//6744
f 6817//6873 6926//6982 6794//6850 6689//6745
f 6818//6874 6943//6999 6819//6875 6691//6747
f 6819//6875 6943//6999 6820//6876 6693//6749
f 6705//6761 6828//6884 6821//6877 6695//6751
f 6821//6877 6944//7000 6822//6878 6696//6752
f 6822//6878 6824//6880 6700//6756 6823//6879
f 6824//6880 6945//7001 6825//6881 6701//6757
f 6825//6881 6946//7002 6826//6882 6702//6758
f 6826//6882 6946//7002 6827//6883 6703//6759
f 6827//6883 6947//7003 6828//6884 6704//6760
f 6820//6876 6943//6999 6818//6874 6706//6762
f 6752//6808 6879//6935 6829//6885 6707//6763
f 6829//6885 6948//7004 6949//7005 6830//6886
f 6830//6886 6949//7005 6950//7006 6831//6887
f 6831//6887 6950//7006 6832//6888 6710//6766
f 6832//6888 6951//7007 6952//7008 6833//6889
f 6833//6889 6952//7008 6953//7009 6834//6890
f 6834//6890 6954//7010 6835//6891 6712//6768
f 6835//6891 6955//7011 6836//6892 6713//6769
f 6836//6892 6956//7012 6837//6893 6714//6770
f 6837//6893 6957//7013 6838//6894 6715//6771
f 6838//6894 6958//7014 6839//6895 6716//6772
f 6839//6895 6959//7015 6840//6896 6717//6773
f 6840//6896 6960//7016 6841//6897 6718//6774
f 6841//6897 6961//7017 6842//6898 6719//6775
f 6842//6898 6962//7018 6963//7019 6843//6899
f 6843//6899 6963//7019 6964//7020 6844//6900
f 6844//6900 6964//7020 6845//6901 6722//6778
f 6845//6901 6965//7021 6966//7022 6846//6902
f 6846//6902 6966//7022 6967//7023 6847//6903
f 6847//6903 6968//7024 6848//6904 6724//6780
f 6848//6904 6969//7025 6849//6905 6725//6781
f 6849//6905 6970//7026 6850//6906 6726//6782
f 6850//6906 6971//7027 6972//7028 6851//6907
f 6851//6907 6972//7028 6957//7013 6852//6908
f 6852//6908 6957//7013 6853//6909 6729//6785
f 6853//6909 6956//7012 6973//7029 6854//6910
f 6854//6910 6973//7029 6974//7030 6855//6911
f 6855//6911 6975//7031 6856//6912 6731//6787
f 6856//6912 6976//7032 6857//6913 6732//6788
f 6857//6913 6977//7033 6858//6914 6733//6789
f 6858//6914 6978//7034 6859//6915 6734//6790
f 6859//6915 6979//7035 6860//6916 6735//6791
f 6860//6916 6980//7036 6981//7037 6861//6917
f 6861//6917 6981//7037 6982//7038 6862//6918
f 6862//6918 6983//7039 6863//6919 6737//6793
f 6863//6919 6984//7040 6864//6920 6738//6794
f 6864//6920 6985//7041 6865//6921 6739//6795
f 6865//6921 6986//7042 6987//7043 6866//6922
f 6866//6922 6987//7043 6988//7044 6867//6923
f 6867//6923 6988//7044 6989//7045 6868//6924
f 6868//6924 6990//7046 6869//6925 6742//6798
f 6869//6925 6991//7047 6870//6926 6744//6800
f 6870//6926 6992//7048 6993//7049 6871//6927
f 6871//6927 6994//7050 6872//6928 6745//6801
f 6872//6928 6995//7051 6873//6929 6746//6802
f 6873//6929 6995//7051 6874//6930 6747//6803
f 6874//6930 6996//7052 6997//7053 6875//6931
f 6875//6931 6997//7053 6998//7054 6876//6932
f 6876//6932 6999//7055 6877//6933 6749//6805
f 6877//6933 7000//7056 6878//6934 6750//6806
f 6878//6934 7001//7057 6879//6935 6751//6807
f 6793//6849 6925//6981 6880//6936 6753//6809
f 6880//6936 7002//7058 6881//6937 6754//6810
f 6881//6937 7003//7059 6882//6938 6755//6811
f 6882//6938 7004//7060 6883//6939 6756//6812
f 6883//6939 7005//7061 7006//7062 6884//6940
f 6884//6940 7006//7062 7007//7063 6885//6941
f 6885//6941 7008//7064 6886//6942 6758//6814
f 6886//6942 7009//7065 6887//6943 6759//6815
f 6887//6943 7010//7066 7011//7067 6888//6944
f 6888//6944 7012//7068 6889//6945 6760//6816
f 6889//6945 7012//7068 6890//6946 6761//6817
f 6890//6946 7013//7069 7014//7070 6891//6947
f 6891//6947 7014//7070 7015//7071 6892//6948
f 6892//6948 7015//7071 7016//7072 6893//6949
f 6893//6949 7017//7073 6894//6950 6765//6821
f 6894//6950 7018//7074 6895//6951 6766//6822
f 6895//6951 7019//7075 7020//7076 6896//6952
f 6896//6952 7020//7076 7021//7077 6897//6953
f 6897//6953 7022//7078 6898//6954 6768//6824
f 6898//6954 7023//7079 6899//6955 6769//6825
f 6899//6955 7024//7080 6900//6956 6770//6826
f 6900//6956 7025//7081 6901//6957 6771//6827
f 6901//6957 7026//7082 7027//7083 6902//6958
f 6902//6958 7027//7083 7028//7084 6903//6959
f 6903//6959 7029//7085 6904//6960 6773//6829
f 6904//6960 7029//7085 7030//7086 6905//6961
f 6905//6961 7030//7086 7031//7087 6906//6962
f 6906//6962 7032//7088 6907//6963 6776//6832
f 6907//6963 7033//7089 6908//6964 6777//6833
f 6908//6964 7034//7090 7035//7091 6909//6965
f 6909//6965 7035//7091 7036//7092 6910//6966
f 6910//6966 7037//7093 6911//6967 6779//6835
f 6911//6967 7037//7093 7038//7094 6912//6968
f 6912//6968 7038//7094 7039//7095 6913//6969
f 6913//6969 7040//7096 6914//6970 6782//6838
f 6914//6970 7041//7097 6915//6971 6783//6839
f 6915//6971 7042//7098 6916//6972 6784//6840
f 6916//6972 7043//7099 6917//6973 6785//6841
f 6917//6973 7044//7100 6918//6974 6786//6842
f 6918//6974 7045//7101 6919//6975 6787//6843
f 6919//6975 7046//7102 6920//6976 6788//6844
f 6920//6976 7047//7103 7048//7104 6921//6977
f 6921//6977 7048//7104 7049//7105 6922//6978
f 6922//6978 7050//7106 6923//6979 6790//6846
f 6923//6979 7050//7106 7051//7107 6924//6980
f 6924//6980 7051//7107 7052//7108 6925//6981
f 6926//6982 7053//7109 6927//6983 6795//6851
f 6927//6983 7054//7110 6928//6984 6796//6852
f 6810//6866 6939//6995 6929//6985 6799//6855
f 6929//6985 7055//7111 6930//6986 6800//6856
f 6930//6986 7056//7112 6931//6987 6801//6857
f 6931//6987 7057//7113 6932//6988 6802//6858
f 6932//6988 7058//7114 6933//6989 6803//6859
f 6933//6989 7059//7115 6934//6990 6804//6860
f 6934//6990 7060//7116 6937//6993 6935//6991
f 6935//6991 6937//6993 6807//6863 6936//6992
f 6937//6993 7060//7116 7061//7117 6938//6994 6808//6864
f 6938//6994 7062//7118 6939//6995 6809//6865
f 6928//6984 7054//7110 6940//6996 6813//6869
f 6940//6996 7063//7119 6941//6997 6814//6870
f 6941//6997 7063//7119 6942//6998 6816//6872
f 6942//6998 7053//7109 6926//6982 6817//6873
f 6828//6884 6947//7003 6944//7000 6821//6877
f 6944//7000 6945//7001 6824//6880 6822//6878
f 6945//7001 7064//7120 6946//7002 6825//6881
f 6946//7002 7064//7120 6947//7003 6827//6883
f 6879//6935 7001//7057 6948//7004 6829//6885
f 6948//7004 7065//7121 7066//7122 6949//7005
f 6949//7005 7066//7122 7067//7123 6950//7006
f 6950//7006 7067//7123 6951//7007 6832//6888
f 6951//7007 7068//7124 7069//7125 6952//7008
f 6952//7008 7070//7126 7071//7127 6953//7009
f 6953//7009 7072//7128 6954//7010 6834//6890
f 6954//7010 7073//7129 6955//7011 6835//6891
f 6955//7011 6973//7029 6956//7012 6836//6892
f 6956//7012 6853//6909 6957//7013 6837//6893
f 6957//7013 6972//7028 6958//7014 6838//6894
f 6958//7014 7074//7130 6959//7015 6839//6895
f 6959//7015 7075//7131 6960//7016 6840//6896
f 6960//7016 7076//7132 6961//7017 6841//6897
f 6961//7017 7077//7133 6962//7018 6842//6898
f 6962//7018 7078//7134 7079//7135 6963//7019
f 6963//7019 7079//7135 7080//7136 6964//7020
f 6964//7020 7080//7136 6965//7021 6845//6901
f 6965//7021 7081//7137 7082//7138 6966//7022
f 6966//7022 7082//7138 7083//7139 6967//7023
f 6967//7023 7084//7140 6968//7024 6847//6903
f 6968//7024 7085//7141 6969//7025 6848//6904
f 6969//7025 7086//7142 6970//7026 6849//6905
f 6970//7026 7087//7143 6971//7027 6850//6906
f 6971//7027 7074//7130 6958//7014 6972//7028
f 6973//7029 6955//7011 7073//7129 6974//7030
f 6974//7030 7088//7144 6975//7031 6855//6911
f 6975//7031 7089//7145 6976//7032 6856//6912
f 6976//7032 7090//7146 6977//7033 6857//6913
f 6977//7033 7091//7147 6978//7034 6858//6914
f 6978//7034 7092//7148 6979//7035 6859//6915
f 6979//7035 7093//7149 6980//7036 6860//6916
f 6980//7036 7094//7150 7095//7151 6981//7037
f 6981//7037 7095//7151 7096//7152 6982//7038
f 6982//7038 7097//7153 6983//7039 6862//6918
f 6983//7039 7098//7154 6984//7040 6863//6919
f 6984//7040 7099//7155 6985//7041 6864//6920
f 6985//7041 7099//7155 6986//7042 6865//6921
f 6986//7042 7100//7156 7101//7157 6987//7043
f 6987//7043 7101//7157 7102//7158 6988//7044
f 6988//7044 7102//7158 7103//7159 6989//7045
f 6989//7045 7104//7160 6990//7046 6868//6924
f 6990//7046 7105//7161 6991//7047 6869//6925
f 6991//7047 7106//7162 6992//7048 6870//6926
f 6992//7048 7107//7163 7108//7164 6993//7049
f 6993//7049 7109//7165 6994//7050 6871//6927
f 6994//7050 7110//7166 6995//7051 6872//6928
f 6995//7051 7111//7167 6996//7052 6874//6930
f 6996//7052 7112//7168 7113//7169 6997//7053
f 6997//7053 7113//7169 7114//7170 6998//7054
f 6998//7054 7115//7171 6999//7055 6876//6932
f 6999//7055 7116//7172 7000//7056 6877//6933
f 7000//7056 7117//7173 7001//7057 6878//6934
f 6925//6981 7052//7108 7002//7058 6880//6936
f 7002//7058 7118//7174 7003//7059 6881//6937
f 7003//7059 7119//7175 7004//7060 6882//6938
f 7004//7060 7120//7176 7005//7061 6883//6939
f 7005//7061 7121//7177 7122//7178 7006//7062
f 7006//7062 7122//7178 7123//7179 7007//7063
f 7007//7063 7124//7180 7008//7064 6885//6941
f 7008//7064 7124//7180 7009//7065 6886//6942
f 7009//7065 7125//7181 7010//7066 6887//6943
f 7010//7066 7126//7182 7127//7183 7011//7067
f 7011//7067 7128//7184 7012//7068 6888//6944
f 7012//7068 7129//7185 7013//7069 6890//6946
f 7013//7069 7130//7186 7131//7187 7014//7070
f 7014//7070 7131//7187 7132//7188 7015//7071
f 7015//7071 7132//7188 7133//7189 7016//7072
f 7016//7072 7134//7190 7017//7073 6893//6949
f 7017//7073 7135//7191 7018//7074 6894//6950
f 7018//7074 7136//7192 7019//7075 6895//6951
f 7019//7075 7137//7193 7138//7194 7020//7076
f 7020//7076 7138//7194 7139//7195 7021//7077
f 7021//7077 7140//7196 7022//7078 6897//6953
f 7022//7078 7141//7197 7023//7079 6898//6954
f 7023//7079 7142//7198 7024//7080 6899//6955
f 7024//7080 7143//7199 7025//7081 6900//6956
f 7025//7081 7144//7200 7026//7082 6901//6957
f 7026//7082 7145//7201 7146//7202 7027//7083
f 7027//7083 7146//7202 7147//7203 7028//7084
f 7028//7084 7148//7204 7029//7085 6903//6959
f 7029//7085 7148//7204 7149//7205 7030//7086
f 7030//7086 7149//7205 7150//7206 7031//7087
f 7031//7087 7151//7207 7032//7088 6906//6962
f 7032//7088 7152//7208 7033//7089 6907//6963
f 7033//7089 7153//7209 7034//7090 6908//6964
f 7034//7090 7154//7210 7155//7211 7035//7091
f 7035//7091 7155//7211 7156//7212 7036//7092
f 7036//7092 7157//7213 7037//7093 6910//6966
f 7037//7093 7157//7213 7158//7214 7038//7094
f 7038//7094 7158//7214 7159//7215 7039//7095
f 7039//7095 7160//7216 7040//7096 6913//6969
f 7040//7096 7161//7217 7041//7097 6914//6970
f 7041//7097 7162//7218 7042//7098 6915//6971
f 7042//7098 7163//7219 7043//7099 6916//6972
f 7043//7099 7148//7204 7044//7100 6917//6973
f 7044//7100 7147//7203 7045//7101 6918//6974
f 7045//7101 7164//7220 7046//7102 6919//6975
f 7046//7102 7165//7221 7047//7103 6920//6976
f 7047//7103 7166//7222 7167//7223 7048//7104
f 7048//7104 7167//7223 7168//7224 7049//7105
f 7049//7105 7169//7225 7050//7106 6922//6978
f 7050//7106 7169//7225 7170//7226 7051//7107
f 7051//7107 7170//7226 7171//7227 7052//7108
f 7053//7109 7172//7228 7054//7110 6927//6983
f 6939//6995 7062//7118 7055//7111 6929//6985
f 7055//7111 7173//7229 7056//7112 6930//6986
f 7056//7112 7174//7230 7057//7113 6931//6987
f 7057//7113 7174//7230 7058//7114 6932//6988
f 7058//7114 7175//7231 7059//7115 6933//6989
f 7059//7115 7061//7117 7060//7116 6934//6990
f 7061//7117 7176//7232 7062//7118 6938//6994
f 7054//7110 7172//7228 7063//7119 6940//6996
f 7063//7119 7172//7228 7053//7109 6942//6998
f 6947//7003 7064//7120 6945//7001 6944//7000
f 7001//7057 7117//7173 7065//7121 6948//7004
f 7065//7121 7177//7233 7178//7234 7066//7122
f 7066//7122 7178//7234 7179//7235 7067//7123
f 7067//7123 7180//7236 7068//7124 6951//7007
f 7068//7124 7181//7237 7182//7238 7069//7125
f 7069//7125 7183//7239 7070//7126 6952//7008
f 7070//7126 7184//7240 7185//7241 7071//7127
f 7071//7127 7186//7242 7072//7128 6953//7009
f 7072//7128 7187//7243 7073//7129 6954//7010
f 7074//7130 7188//7244 7075//7131 6959//7015
f 7075//7131 7189//7245 7076//7132 6960//7016
f 7076//7132 7190//7246 7077//7133 6961//7017
f 7077//7133 7191//7247 7078//7134 6962//7018
f 7078//7134 7192//7248 7193//7249 7079//7135
f 7079//7135 7193//7249 7194//7250 7080//7136
f 7080//7136 7194//7250 7081//7137 6965//7021
f 7081//7137 7195//7251 7196//7252 7082//7138
f 7082//7138 7196//7252 7197//7253 7083//7139
f 7083//7139 7198//7254 7084//7140 6967//7023
f 7084//7140 7199//7255 7085//7141 6968//7024
f 7085//7141 7200//7256 7086//7142 6969//7025
f 7086//7142 7201//7257 7087//7143 6970//7026
f 7087//7143 7188//7244 7074//7130 6971//7027
f 7073//7129 7187//7243 7088//7144 6974//7030
f 7088//7144 7202//7258 7089//7145 6975//7031
f 7089//7145 7203//7259 7090//7146 6976//7032
f 7090//7146 7204//7260 7091//7147 6977//7033
f 7091//7147 7205//7261 7092//7148 6978//7034
f 7092//7148 7206//7262 7093//7149 6979//7035
f 7093//7149 7207//7263 7094//7150 6980//7036
f 7094//7150 7208//7264 7209//7265 7095//7151
f 7095//7151 7209//7265 7210//7266 7096//7152
f 7096//7152 7211//7267 7097//7153 6982//7038
f 7097//7153 7212//7268 7213//7269 6983//7039
f 6983//7039 7213//7269 7214//7270 7098//7154
f 7098//7154 7215//7271 7099//7155 6984//7040
f 7099//7155 7215//7271 7100//7156 6986//7042
f 7100//7156 7216//7272 7217//7273 7101//7157
f 7101//7157 7218//7274 7219//7275 7102//7158
f 7102//7158 7219//7275 7220//7276 7103//7159
f 7103//7159 7221//7277 7104//7160 6989//7045
f 7104//7160 7222//7278 7105//7161 6990//7046
f 7105//7161 7222//7278 7106//7162 6991//7047
f 7106//7162 7223//7279 7107//7163 6992//7048
f 7107//7163 7224//7280 7225//7281 7108//7164
f 7108//7164 7226//7282 7109//7165 6993//7049
f 7109//7165 7227//7283 7110//7166 6994//7050
f 7110//7166 7228//7284 7111//7167 6995//7051
f 7111//7167 7229//7285 7112//7168 6996//7052
f 7112//7168 7230//7286 7231//7287 7113//7169
f 7113//7169 7231//7287 7232//7288 7114//7170
f 7114//7170 7233//7289 7115//7171 6998//7054
f 7115//7171 7234//7290 7116//7172 6999//7055
f 7116//7172 7235//7291 7117//7173 7000//7056
f 7052//7108 7171//7227 7118//7174 7002//7058
f 7118//7174 7236//7292 7119//7175 7003//7059
f 7119//7175 7237//7293 7120//7176 7004//7060
f 7120//7176 7238//7294 7121//7177 7005//7061
f 7121//7177 7239//7295 7240//7296 7122//7178
f 7122//7178 7240//7296 7241//7297 7123//7179
f 7123//7179 7242//7298 7124//7180 7007//7063
f 7124//7180 7243//7299 7125//7181 7009//7065
f 7125//7181 7244//7300 7126//7182 7010//7066
f 7126//7182 7245//7301 7246//7302 7127//7183
f 7127//7183 7247//7303 7128//7184 7011//7067
f 7128//7184 7248//7304 7129//7185 7012//7068
f 7129//7185 7249//7305 7130//7186 7013//7069
f 7130//7186 7250//7306 7251//7307 7131//7187
f 7131//7187 7251//7307 7252//7308 7132//7188
f 7132//7188 7252//7308 7253//7309 7133//7189
f 7133//7189 7254//7310 7134//7190 7016//7072
f 7134//7190 7254//7310 7135//7191 7017//7073
f 7135//7191 7255//7311 7136//7192 7018//7074
f 7136//7192 7256//7312 7137//7193 7019//7075
f 7137//7193 7257//7313 7258//7314 7138//7194
f 7138//7194 7258//7314 7259//7315 7139//7195
f 7139//7195 7260//7316 7140//7196 7021//7077
f 7140//7196 7261//7317 7141//7197 7022//7078
f 7141//7197 7262//7318 7142//7198 7023//7079
f 7142//7198 7263//7319 7143//7199 7024//7080
f 7143//7199 7264//7320 7144//7200 7025//7081
f 7144//7200 7265//7321 7145//7201 7026//7082
f 7145//7201 7266//7322 7164//7220 7146//7202
f 7146//7202 7164//7220 7045//7101 7147//7203
f 7147//7203 7044//7100 7148//7204 7028//7084
f 7148//7204 7043//7099 7163//7219 7149//7205
f 7149//7205 7163//7219 7267//7323 7150//7206
f 7150//7206 7268//7324 7151//7207 7031//7087
f 7151//7207 7269//7325 7152//7208 7032//7088
f 7152//7208 7270//7326 7153//7209 7033//7089
f 7153//7209 7271//7327 7154//7210 7034//7090
f 7154//7210 7272//7328 7273//7329 7155//7211
f 7155//7211 7273//7329 7274//7330 7156//7212
f 7156//7212 7275//7331 7157//7213 7036//7092
f 7157//7213 7275//7331 7276//7332 7158//7214
f 7158//7214 7276//7332 7277//7333 7159//7215
f 7159//7215 7278//7334 7160//7216 7039//7095
f 7160//7216 7279//7335 7161//7217 7040//7096
f 7161//7217 7280//7336 7162//7218 7041//7097
f 7162//7218 7267//7323 7163//7219 7042//7098
f 7164//7220 7266//7322 7165//7221 7046//7102
f 7165//7221 7281//7337 7166//7222 7047//7103
f 7166//7222 7282//7338 7283//7339 7167//7223
f 7167//7223 7284//7340 7285//7341 7168//7224
f 7168//7224 7286//7342 7169//7225 7049//7105
f 7169//7225 7286//7342 7287//7343 7170//7226
f 7170//7226 7287//7343 7288//7344 7171//7227
f 7062//7118 7176//7232 7173//7229 7055//7111
f 7173//7229 7289//7345 7174//7230 7056//7112
f 7174//7230 7289//7345 7175//7231 7058//7114
f 7175//7231 7176//7232 7061//7117 7059//7115
f 7117//7173 7235//7291 7177//7233 7065//7121
f 7177//7233 7290//7346 7291//7347 7178//7234
f 7178//7234 7291//7347 7292//7348 7179//7235
f 7179//7235 7293//7349 7180//7236 7067//7123
f 7180//7236 7294//7350 7181//7237 7068//7124
f 7181//7237 7295//7351 7296//7352 7182//7238
f 7182//7238 7297//7353 7183//7239 7069//7125
f 7183//7239 7297//7353 7184//7240 7070//7126
f 7184//7240 7298//7354 7299//7355 7185//7241
f 7185//7241 7300//7356 7186//7242 7071//7127
f 7186//7242 7301//7357 7187//7243 7072//7128
f 7188//7244 7302//7358 7189//7245 7075//7131
f 7189//7245 7303//7359 7190//7246 7076//7132
f 7190//7246 7304//7360 7191//7247 7077//7133
f 7191//7247 7305//7361 7192//7248 7078//7134
f 7192//7248 7306//7362 7307//7363 7193//7249
f 7193//7249 7307//7363 7308//7364 7194//7250
f 7194//7250 7308//7364 7195//7251 7081//7137
f 7195//7251 7309//7365 7310//7366 7196//7252
f 7196//7252 7310//7366 7311//7367 7197//7253
f 7197//7253 7312//7368 7198//7254 7083//7139
f 7198//7254 7313//7369 7199//7255 7084//7140
f 7199//7255 7314//7370 7200//7256 7085//7141
f 7200//7256 7315//7371 7201//7257 7086//7142
f 7201//7257 7302//7358 7188//7244 7087//7143
f 7187//7243 7301//7357 7202//7258 7088//7144
f 7202//7258 7316//7372 7203//7259 7089//7145
f 7203//7259 7317//7373 7204//7260 7090//7146
f 7204//7260 7318//7374 7205//7261 7091//7147
f 7205//7261 7319//7375 7206//7262 7092//7148
f 7206//7262 7320//7376 7207//7263 7093//7149
f 7207//7263 7321//7377 7208//7264 7094//7150
f 7208//7264 7322//7378 7323//7379 7209//7265
f 7209//7265 7323//7379 7324//7380 7210//7266
f 7210//7266 7325//7381 7211//7267 7096//7152
f 7211//7267 7326//7382 7212//7268 7097//7153
f 7212//7268 7327//7383 7328//7384 7213//7269
f 7213//7269 7328//7384 7329//7385 7214//7270
f 7214//7270 7330//7386 7215//7271 7098//7154
f 7215//7271 7330//7386 7216//7272 7100//7156
f 7216//7272 7331//7387 7332//7388 7217//7273
f 7217//7273 7333//7389 7218//7274 7101//7157
f 7218//7274 7334//7390 7335//7391 7219//7275
f 7219//7275 7335//7391 7336//7392 7220//7276
f 7220//7276 7337//7393 7338//7394 7103//7159
f 7103//7159 7338//7394 7339//7395 7221//7277
f 7221//7277 7340//7396 7222//7278 7104//7160
f 7222//7278 7340//7396 7223//7279 7106//7162
f 7223//7279 7341//7397 7342//7398 7107//7163
f 7107//7163 7342//7398 7343//7399 7224//7280
f 7224//7280 7344//7400 7345//7401 7225//7281
f 7225//7281 7346//7402 7226//7282 7108//7164
f 7226//7282 7347//7403 7227//7283 7109//7165
f 7227//7283 7348//7404 7228//7284 7110//7166
f 7228//7284 7348//7404 7229//7285 7111//7167
f 7229//7285 7349//7405 7230//7286 7112//7168
f 7230//7286 7350//7406 7351//7407 7231//7287
f 7231//7287 7351//7407 7352//7408 7232//7288
f 7232//7288 7353//7409 7233//7289 7114//7170
f 7233//7289 7354//7410 7234//7290 7115//7171
f 7234//7290 7355//7411 7235//7291 7116//7172
f 7171//7227 7288//7344 7236//7292 7118//7174
f 7236//7292 7356//7412 7237//7293 7119//7175
f 7237//7293 7357//7413 7238//7294 7120//7176
f 7238//7294 7358//7414 7239//7295 7121//7177
f 7239//7295 7359//7415 7360//7416 7240//7296
f 7240//7296 7360//7416 7361//7417 7241//7297
f 7241//7297 7362//7418 7242//7298 7123//7179
f 7242//7298 7363//7419 7243//7299 7124//7180
f 7243//7299 7364//7420 7244//7300 7125//7181
f 7244//7300 7365//7421 7245//7301 7126//7182
f 7245//7301 7366//7422 7367//7423 7246//7302
f 7246//7302 7368//7424 7247//7303 7127//7183
f 7247//7303 7369//7425 7248//7304 7128//7184
f 7248//7304 7369//7425 7249//7305 7129//7185
f 7249//7305 7370//7426 7250//7306 7130//7186
f 7250//7306 7371//7427 7372//7428 7251//7307
f 7251//7307 7372//7428 7373//7429 7252//7308
f 7252//7308 7374//7430 7375//7431 7253//7309
f 7253//7309 7376//7432 7254//7310 7133//7189
f 7254//7310 7376//7432 7255//7311 7135//7191
f 7255//7311 7377//7433 7378//7434 7136//7192
f 7136//7192 7378//7434 7379//7435 7256//7312
f 7256//7312 7380//7436 7257//7313 7137//7193
f 7257//7313 7381//7437 7382//7438 7258//7314
f 7258//7314 7382//7438 7383//7439 7259//7315
f 7259//7315 7384//7440 7260//7316 7139//7195
f 7260//7316 7385//7441 7261//7317 7140//7196
f 7261//7317 7386//7442 7262//7318 7141//7197
f 7262//7318 7387//7443 7263//7319 7142//7198
f 7263//7319 7388//7444 7264//7320 7143//7199
f 7264//7320 7389//7445 7265//7321 7144//7200
f 7265//7321 7390//7446 7266//7322 7145//7201
f 7267//7323 7391//7447 7268//7324 7150//7206
f 7268//7324 7392//7448 7269//7325 7151//7207
f 7269//7325 7393//7449 7270//7326 7152//7208
f 7270//7326 7394//7450 7271//7327 7153//7209
f 7271//7327 7395//7451 7272//7328 7154//7210
f 7272//7328 7396//7452 7397//7453 7273//7329
f 7273//7329 7397//7453 7398//7454 7274//7330
f 7274//7330 7399//7455 7275//7331 7156//7212
f 7275//7331 7399//7455 7400//7456 7276//7332
f 7276//7332 7400//7456 7401//7457 7277//7333
f 7277//7333 7402//7458 7278//7334 7159//7215
f 7278//7334 7403//7459 7279//7335 7160//7216
f 7279//7335 7404//7460 7280//7336 7161//7217
f 7280//7336 7391//7447 7267//7323 7162//7218
f 7266//7322 7390//7446 7281//7337 7165//7221
f 7281//7337 7405//7461 7282//7338 7166//7222
f 7282//7338 7406//7462 7407//7463 7283//7339
f 7283//7339 7408//7464 7284//7340 7167//7223
f 7284//7340 7409//7465 7410//7466 7285//7341
f 7285//7341 7411//7467 7286//7342 7168//7224
f 7286//7342 7412//7468 7413//7469 7287//7343
f 7287//7343 7413//7469 7414//7470 7288//7344
f 7176//7232 7175//7231 7289//7345 7173//7229
f 7235//7291 7355//7411 7290//7346 7177//7233
f 7290//7346 7415//7471 7416//7472 7291//7347
f 7291//7347 7416//7472 7417//7473 7292//7348
f 7292//7348 7418//7474 7293//7349 7179//7235
f 7293//7349 7418//7474 7294//7350 7180//7236
f 7294//7350 7419//7475 7295//7351 7181//7237
f 7295//7351 7420//7476 7421//7477 7296//7352
f 7296//7352 7422//7478 7297//7353 7182//7238
f 7297//7353 7422//7478 7298//7354 7184//7240
f 7298//7354 7423//7479 7424//7480 7299//7355
f 7299//7355 7425//7481 7300//7356 7185//7241
f 7300//7356 7426//7482 7301//7357 7186//7242
f 7302//7358 7427//7483 7303//7359 7189//7245
f 7303//7359 7428//7484 7304//7360 7190//7246
f 7304//7360 7429//7485 7305//7361 7191//7247
f 7305//7361 7430//7486 7306//7362 7192//7248
f 7306//7362 7431//7487 7432//7488 7307//7363
f 7307//7363 7432//7488 7433//7489 7308//7364
f 7308//7364 7433//7489 7309//7365 7195//7251
f 7309//7365 7434//7490 7435//7491 7310//7366
f 7310//7366 7435//7491 7436//7492 7311//7367
f 7311//7367 7437//7493 7312//7368 7197//7253
f 7312//7368 7438//7494 7313//7369 7198//7254
f 7313//7369 7439//7495 7314//7370 7199//7255
f 7314//7370 7440//7496 7315//7371 7200//7256
f 7315//7371 7427//7483 7302//7358 7201//7257
f 7301//7357 7426//7482 7316//7372 7202//7258
f 7316//7372 7441//7497 7317//7373 7203//7259
f 7317//7373 7442//7498 7318//7374 7204//7260
f 7318//7374 7443//7499 7319//7375 7205//7261
f 7319//7375 7444//7500 7320//7376 7206//7262
f 7320//7376 7445//7501 7321//7377 7207//7263
f 7321//7377 7446//7502 7322//7378 7208//7264
f 7322//7378 7447//7503 7448//7504 7323//7379
f 7323//7379 7448//7504 7449//7505 7324//7380
f 7324//7380 7450//7506 7325//7381 7210//7266
f 7325//7381 7451//7507 7326//7382 7211//7267
f 7326//7382 7452//7508 7327//7383 7212//7268
f 7327//7383 7453//7509 7454//7510 7328//7384
f 7328//7384 7454//7510 7455//7511 7329//7385
f 7329//7385 7456//7512 7330//7386 7214//7270
f 7330//7386 7456//7512 7331//7387 7216//7272
f 7331//7387 7457//7513 7458//7514 7332//7388
f 7332//7388 7459//7515 7333//7389 7217//7273
f 7333//7389 7460//7516 7334//7390 7218//7274
f 7334//7390 7461//7517 7462//7518 7335//7391
f 7335//7391 7462//7518 7463//7519 7336//7392
f 7336//7392 7464//7520 7337//7393 7220//7276
f 7337//7393 7465//7521 7466//7522 7338//7394
f 7338//7394 7466//7522 7467//7523 7339//7395
f 7339//7395 7468//7524 7340//7396 7221//7277
f 7340//7396 7468//7524 7341//7397 7223//7279
f 7341//7397 7469//7525 7470//7526 7342//7398
f 7342//7398 7470//7526 7471//7527 7343//7399
f 7343//7399 7472//7528 7344//7400 7224//7280
f 7344//7400 7473//7529 7474//7530 7345//7401
f 7345//7401 7475//7531 7346//7402 7225//7281
f 7346//7402 7476//7532 7477//7533 7226//7282
f 7226//7282 7477//7533 7478//7534 7347//7403
f 7347//7403 7479//7535 7348//7404 7227//7283
f 7348//7404 7479//7535 7349//7405 7229//7285
f 7349//7405 7480//7536 7481//7537 7230//7286
f 7230//7286 7481//7537 7482//7538 7350//7406
f 7350//7406 7483//7539 7484//7540 7351//7407
f 7351//7407 7484//7540 7485//7541 7352//7408
f 7352//7408 7486//7542 7353//7409 7232//7288
f 7353//7409 7487//7543 7354//7410 7233//7289
f 7354//7410 7488//7544 7355//7411 7234//7290
f 7288//7344 7414//7470 7356//7412 7236//7292
f 7356//7412 7489//7545 7357//7413 7237//7293
f 7357//7413 7490//7546 7358//7414 7238//7294
f 7358//7414 7491//7547 7359//7415 7239//7295
f 7359//7415 7492//7548 7493//7549 7360//7416
f 7360//7416 7493//7549 7494//7550 7361//7417
f 7361//7417 7495//7551 7362//7418 7241//7297
f 7362//7418 7496//7552 7363//7419 7242//7298
f 7363//7419 7496//7552 7364//7420 7243//7299
f 7364//7420 7497//7553 7365//7421 7244//7300
f 7365//7421 7498//7554 7366//7422 7245//7301
f 7366//7422 7499//7555 7500//7556 7367//7423
f 7367//7423 7501//7557 7502//7558 7246//7302
f 7246//7302 7502//7558 7503//7559 7368//7424
f 7368//7424 7504//7560 7369//7425 7247//7303
f 7369//7425 7504//7560 7370//7426 7249//7305
f 7370//7426 7505//7561 7506//7562 7250//7306
f 7250//7306 7506//7562 7507//7563 7371//7427
f 7371//7427 7508//7564 7509//7565 7372//7428
f 7372//7428 7509//7565 7510//7566 7373//7429
f 7373//7429 7511//7567 7374//7430 7252//7308
f 7374//7430 7512//7568 7513//7569 7375//7431
f 7375//7431 7514//7570 7376//7432 7253//7309
f 7376//7432 7514//7570 7377//7433 7255//7311
f 7377//7433 7515//7571 7516//7572 7378//7434
f 7378//7434 7516//7572 7517//7573 7379//7435
f 7379//7435 7518//7574 7380//7436 7256//7312
f 7380//7436 7519//7575 7381//7437 7257//7313
f 7381//7437 7520//7576 7521//7577 7382//7438
f 7382//7438 7521//7577 7522//7578 7383//7439
f 7383//7439 7523//7579 7384//7440 7259//7315
f 7384//7440 7524//7580 7385//7441 7260//7316
f 7385//7441 7525//7581 7386//7442 7261//7317
f 7386//7442 7526//7582 7387//7443 7262//7318
f 7387//7443 7527//7583 7388//7444 7263//7319
f 7388//7444 7528//7584 7389//7445 7264//7320
f 7389//7445 7529//7585 7390//7446 7265//7321
f 7391//7447 7530//7586 7392//7448 7268//7324
f 7392//7448 7531//7587 7393//7449 7269//7325
f 7393//7449 7532//7588 7394//7450 7270//7326
f 7394//7450 7533//7589 7395//7451 7271//7327
f 7395//7451 7534//7590 7396//7452 7272//7328
f 7396//7452 7535//7591 7536//7592 7397//7453
f 7397//7453 7536//7592 7537//7593 7398//7454
f 7398//7454 7538//7594 7399//7455 7274//7330
f 7399//7455 7538//7594 7539//7595 7400//7456
f 7400//7456 7539//7595 7540//7596 7401//7457
f 7401//7457 7541//7597 7402//7458 7277//7333
f 7402//7458 7542//7598 7403//7459 7278//7334
f 7403//7459 7543//7599 7404//7460 7279//7335
f 7404//7460 7530//7586 7391//7447 7280//7336
f 7390//7446 7529//7585 7405//7461 7281//7337
f 7405//7461 7544//7600 7406//7462 7282//7338
f 7406//7462 7545//7601 7546//7602 7407//7463
f 7407//7463 7547//7603 7408//7464 7283//7339
f 7408//7464 7547//7603 7409//7465 7284//7340
f 7409//7465 7548//7604 7549//7605 7410//7466
f 7410//7466 7550//7606 7411//7467 7285//7341
f 7411//7467 7551//7607 7412//7468 7286//7342
f 7412//7468 7552//7608 7553//7609 7413//7469
f 7413//7469 7553//7609 7554//7610 7414//7470
f 7355//7411 7488//7544 7415//7471 7290//7346
f 7415//7471 7555//7611 7556//7612 7416//7472
f 7416//7472 7556//7612 7557//7613 7417//7473
f 7417//7473 7558//7614 7418//7474 7292//7348
f 7418//7474 7558//7614 7419//7475 7294//7350
f 7419//7475 7559//7615 7420//7476 7295//7351
f 7420//7476 7560//7616 7561//7617 7421//7477
f 7421//7477 7562//7618 7563//7619 7296//7352
f 7296//7352 7563//7619 7564//7620 7422//7478
f 7422//7478 7564//7620 7565//7621 7298//7354
f 7298//7354 7565//7621 7566//7622 7423//7479
f 7423//7479 7567//7623 7568//7624 7424//7480
f 7424//7480 7569//7625 7425//7481 7299//7355
f 7425//7481 7570//7626 7426//7482 7300//7356
f 7427//7483 7571//7627 7428//7484 7303//7359
f 7428//7484 7572//7628 7429//7485 7304//7360
f 7429//7485 7573//7629 7430//7486 7305//7361
f 7430//7486 7574//7630 7431//7487 7306//7362
f 7431//7487 7575//7631 7576//7632 7432//7488
f 7432//7488 7576//7632 7577//7633 7433//7489
f 7433//7489 7577//7633 7434//7490 7309//7365
f 7434//7490 7578//7634 7579//7635 7435//7491
f 7435//7491 7579//7635 7580//7636 7436//7492
f 7436//7492 7581//7637 7437//7493 7311//7367
f 7437//7493 7582//7638 7438//7494 7312//7368
f 7438//7494 7583//7639 7439//7495 7313//7369
f 7439//7495 7584//7640 7440//7496 7314//7370
f 7440//7496 7571//7627 7427//7483 7315//7371
f 7426//7482 7570//7626 7441//7497 7316//7372
f 7441//7497 7585//7641 7442//7498 7317//7373
f 7442//7498 7586//7642 7443//7499 7318//7374
f 7443//7499 7587//7643 7444//7500 7319//7375
f 7444//7500 7588//7644 7445//7501 7320//7376
f 7445//7501 7589//7645 7446//7502 7321//7377
f 7446//7502 7590//7646 7447//7503 7322//7378
f 7447//7503 7591//7647 7592//7648 7448//7504
f 7448//7504 7592//7648 7593//7649 7449//7505
f 7449//7505 7594//7650 7450//7506 7324//7380
f 7450//7506 7595//7651 7451//7507 7325//7381
f 7451//7507 7596//7652 7452//7508 7326//7382
f 7452//7508 7597//7653 7453//7509 7327//7383
f 7453//7509 7598//7654 7585//7641 7454//7510
f 7454//7510 7585//7641 7441//7497 7455//7511
f 7455//7511 7599//7655 7456//7512 7329//7385
f 7456//7512 7599//7655 7457//7513 7331//7387
f 7457//7513 7425//7481 7569//7625 7458//7514
f 7458//7514 7600//7656 7459//7515 7332//7388
f 7459//7515 7601//7657 7460//7516 7333//7389
f 7460//7516 7602//7658 7461//7517 7334//7390
f 7461//7517 7603//7659 7604//7660 7462//7518
f 7462//7518 7604//7660 7605//7661 7463//7519
f 7463//7519 7606//7662 7464//7520 7336//7392
f 7464//7520 7607//7663 7465//7521 7337//7393
f 7465//7521 7608//7664 7566//7622 7466//7522
f 7466//7522 7566//7622 7565//7621 7467//7523
f 7467//7523 7609//7665 7468//7524 7339//7395
f 7468//7524 7609//7665 7469//7525 7341//7397
f 7469//7525 7563//7619 7562//7618 7470//7526
f 7470//7526 7562//7618 7610//7666 7471//7527
f 7471//7527 7611//7667 7472//7528 7343//7399
f 7472//7528 7612//7668 7473//7529 7344//7400
f 7473//7529 7613//7669 7614//7670 7474//7530
f 7474//7530 7615//7671 7475//7531 7345//7401
f 7475//7531 7616//7672 7476//7532 7346//7402
f 7476//7532 7617//7673 7618//7674 7477//7533
f 7477//7533 7618//7674 7619//7675 7478//7534
f 7478//7534 7620//7676 7479//7535 7347//7403
f 7479//7535 7620//7676 7480//7536 7349//7405
f 7480//7536 7621//7677 7622//7678 7481//7537
f 7481//7537 7622//7678 7623//7679 7482//7538
f 7482//7538 7624//7680 7483//7539 7350//7406
f 7483//7539 7625//7681 7626//7682 7484//7540
f 7484//7540 7626//7682 7627//7683 7485//7541
f 7485//7541 7628//7684 7486//7542 7352//7408
f 7486//7542 7629//7685 7487//7543 7353//7409
f 7487//7543 7630//7686 7488//7544 7354//7410
f 7414//7470 7554//7610 7489//7545 7356//7412
f 7489//7545 7631//7687 7490//7546 7357//7413
f 7490//7546 7632//7688 7491//7547 7358//7414
f 7491//7547 7633//7689 7492//7548 7359//7415
f 7492//7548 7634//7690 7635//7691 7493//7549
f 7493//7549 7635//7691 7636//7692 7494//7550
f 7494//7550 7637//7693 7638//7694 7361//7417
f 7361//7417 7638//7694 7639//7695 7495//7551
f 7495//7551 7640//7696 7496//7552 7362//7418
f 7496//7552 7640//7696 7497//7553 7364//7420
f 7497//7553 7641//7697 7642//7698 7365//7421
f 7365//7421 7642//7698 7643//7699 7498//7554
f 7498//7554 7644//7700 7499//7555 7366//7422
f 7499//7555 7645//7701 7646//7702 7500//7556
f 7500//7556 7647//7703 7501//7557 7367//7423
f 7501//7557 7648//7704 7649//7705 7502//7558
f 7502//7558 7649//7705 7650//7706 7503//7559
f 7503//7559 7651//7707 7504//7560 7368//7424
f 7504//7560 7651//7707 7505//7561 7370//7426
f 7505//7561 7652//7708 7653//7709 7506//7562
f 7506//7562 7653//7709 7654//7710 7507//7563
f 7507//7563 7655//7711 7508//7564 7371//7427
f 7508//7564 7656//7712 7657//7713 7509//7565
f 7509//7565 7657//7713 7658//7714 7510//7566
f 7510//7566 7659//7715 7511//7567 7373//7429
f 7511//7567 7660//7716 7512//7568 7374//7430
f 7512//7568 7661//7717 7662//7718 7513//7569
f 7513//7569 7663//7719 7514//7570 7375//7431
f 7514//7570 7663//7719 7515//7571 7377//7433
f 7515//7571 7664//7720 7665//7721 7516//7572
f 7516//7572 7665//7721 7666//7722 7517//7573
f 7517//7573 7667//7723 7518//7574 7379//7435
f 7518//7574 7668//7724 7519//7575 7380//7436
f 7519//7575 7669//7725 7520//7576 7381//7437
f 7520//7576 7670//7726 7671//7727 7521//7577
f 7521//7577 7671//7727 7672//7728 7522//7578
f 7522//7578 7673//7729 7523//7579 7383//7439
f 7523//7579 7674//7730 7524//7580 7384//7440
f 7524//7580 7675//7731 7525//7581 7385//7441
f 7525//7581 7676//7732 7526//7582 7386//7442
f 7526//7582 7677//7733 7527//7583 7387//7443
f 7527//7583 7678//7734 7528//7584 7388//7444
f 7528//7584 7679//7735 7529//7585 7389//7445
f 7530//7586 7680//7736 7531//7587 7392//7448
f 7531//7587 7681//7737 7532//7588 7393//7449
f 7532//7588 7682//7738 7533//7589 7394//7450
f 7533//7589 7683//7739 7534//7590 7395//7451
f 7534//7590 7684//7740 7535//7591 7396//7452
f 7535//7591 7685//7741 7686//7742 7536//7592
f 7536//7592 7686//7742 7687//7743 7537//7593
f 7537//7593 7688//7744 7538//7594 7398//7454
f 7538//7594 7688//7744 7689//7745 7539//7595
f 7539//7595 7689//7745 7690//7746 7540//7596
f 7540//7596 7691//7747 7541//7597 7401//7457
f 7541//7597 7692//7748 7542//7598 7402//7458
f 7542//7598 7693//7749 7543//7599 7403//7459
f 7543//7599 7680//7736 7530//7586 7404//7460
f 7529//7585 7679//7735 7544//7600 7405//7461
f 7544//7600 7694//7750 7545//7601 7406//7462
f 7545//7601 7695//7751 7696//7752 7546//7602
f 7546//7602 7697//7753 7547//7603 7407//7463
f 7547//7603 7697//7753 7548//7604 7409//7465
f 7548//7604 7698//7754 7699//7755 7549//7605
f 7549//7605 7700//7756 7550//7606 7410//7466
f 7550//7606 7701//7757 7551//7607 7411//7467
f 7551//7607 7701//7757 7552//7608 7412//7468
f 7552//7608 7702//7758 7703//7759 7553//7609
f 7553//7609 7703//7759 7704//7760 7554//7610
f 7488//7544 7630//7686 7555//7611 7415//7471
f 7555//7611 7705//7761 7706//7762 7556//7612
f 7556//7612 7706//7762 7707//7763 7557//7613
f 7557//7613 7708//7764 7709//7765 7417//7473
f 7417//7473 7709//7765 7710//7766 7558//7614
f 7558//7614 7710//7766 7711//7767 7419//7475
f 7419//7475 7711//7767 7712//7768 7559//7615
f 7559//7615 7713//7769 7560//7616 7420//7476
f 7560//7616 7714//7770 7715//7771 7561//7617
f 7561//7617 7610//7666 7562//7618 7421//7477
f 7563//7619 7469//7525 7609//7665 7564//7620
f 7564//7620 7609//7665 7467//7523 7565//7621
f 7566//7622 7608//7664 7567//7623 7423//7479
f 7567//7623 7716//7772 7717//7773 7568//7624
f 7568//7624 7718//7774 7569//7625 7424//7480
f 7425//7481 7457//7513 7599//7655 7570//7626
f 7571//7627 7719//7775 7572//7628 7428//7484
f 7572//7628 7720//7776 7573//7629 7429//7485
f 7573//7629 7721//7777 7574//7630 7430//7486
f 7574//7630 7722//7778 7575//7631 7431//7487
f 7575//7631 7723//7779 7724//7780 7576//7632
f 7576//7632 7725//7781 7726//7782 7577//7633
f 7577//7633 7726//7782 7578//7634 7434//7490
f 7578//7634 7727//7783 7728//7784 7579//7635
f 7579//7635 7728//7784 7729//7785 7580//7636
f 7580//7636 7729//7785 7730//7786 7436//7492
f 7436//7492 7730//7786 7731//7787 7581//7637
f 7581//7637 7732//7788 7582//7638 7437//7493
f 7582//7638 7733//7789 7583//7639 7438//7494
f 7583//7639 7734//7790 7584//7640 7439//7495
f 7584//7640 7719//7775 7571//7627 7440//7496
f 7570//7626 7599//7655 7455//7511 7441//7497
f 7585//7641 7598//7654 7586//7642 7442//7498
f 7586//7642 7735//7791 7587//7643 7443//7499
f 7587//7643 7736//7792 7588//7644 7444//7500
f 7588//7644 7737//7793 7589//7645 7445//7501
f 7589//7645 7738//7794 7590//7646 7446//7502
f 7590//7646 7739//7795 7591//7647 7447//7503
f 7591//7647 7740//7796 7741//7797 7592//7648
f 7592//7648 7741//7797 7742//7798 7593//7649
f 7593//7649 7743//7799 7594//7650 7449//7505
f 7594//7650 7744//7800 7595//7651 7450//7506
f 7595//7651 7745//7801 7596//7652 7451//7507
f 7596//7652 7746//7802 7597//7653 7452//7508
f 7597//7653 7747//7803 7598//7654 7453//7509
f 7569//7625 7718//7774 7600//7656 7458//7514
f 7600//7656 7748//7804 7601//7657 7459//7515
f 7601//7657 7749//7805 7602//7658 7460//7516
f 7602//7658 7750//7806 7603//7659 7461//7517
f 7603//7659 7751//7807 7752//7808 7604//7660
f 7604//7660 7752//7808 7753//7809 7605//7661
f 7605//7661 7754//7810 7606//7662 7463//7519
f 7606//7662 7755//7811 7607//7663 7464//7520
f 7607//7663 7756//7812 7608//7664 7465//7521
f 7610//7666 7757//7813 7611//7667 7471//7527
f 7611//7667 7758//7814 7612//7668 7472//7528
f 7612//7668 7759//7815 7613//7669 7473//7529
f 7613//7669 7760//7816 7761//7817 7614//7670
f 7614//7670 7762//7818 7615//7671 7474//7530
f 7615//7671 7763//7819 7616//7672 7475//7531
f 7616//7672 7764//7820 7617//7673 7476//7532
f 7617//7673 7765//7821 7712//7768 7618//7674
f 7618//7674 7712//7768 7711//7767 7619//7675
f 7619//7675 7766//7822 7620//7676 7478//7534
f 7620//7676 7766//7822 7621//7677 7480//7536
f 7621//7677 7709//7765 7708//7764 7622//7678
f 7622//7678 7708//7764 7767//7823 7623//7679
f 7623//7679 7768//7824 7624//7680 7482//7538
f 7624//7680 7769//7825 7625//7681 7483//7539
f 7625//7681 7770//7826 7771//7827 7626//7682
f 7626//7682 7771//7827 7772//7828 7627//7683
f 7627//7683 7773//7829 7628//7684 7485//7541
f 7628//7684 7774//7830 7629//7685 7486//7542
f 7629//7685 7775//7831 7630//7686 7487//7543
f 7554//7610 7704//7760 7631//7687 7489//7545
f 7631//7687 7776//7832 7632//7688 7490//7546
f 7632//7688 7777//7833 7633//7689 7491//7547
f 7633//7689 7778//7834 7634//7690 7492//7548
f 7634//7690 7779//7835 7780//7836 7635//7691
f 7635//7691 7780//7836 7781//7837 7636//7692
f 7636//7692 7782//7838 7637//7693 7494//7550
f 7637//7693 7783//7839 7784//7840 7638//7694
f 7638//7694 7784//7840 7785//7841 7639//7695
f 7639//7695 7786//7842 7640//7696 7495//7551
f 7640//7696 7786//7842 7641//7697 7497//7553
f 7641//7697 7787//7843 7788//7844 7642//7698
f 7642//7698 7788//7844 7789//7845 7643//7699
f 7643//7699 7790//7846 7644//7700 7498//7554
f 7644//7700 7791//7847 7645//7701 7499//7555
f 7645//7701 7792//7848 7793//7849 7646//7702
f 7646//7702 7794//7850 7647//7703 7500//7556
f 7647//7703 7795//7851 7648//7704 7501//7557
f 7648//7704 7796//7852 7797//7853 7649//7705
f 7649//7705 7797//7853 7798//7854 7650//7706
f 7650//7706 7799//7855 7651//7707 7503//7559
f 7651//7707 7799//7855 7652//7708 7505//7561
f 7652//7708 7800//7856 7801//7857 7653//7709
f 7653//7709 7801//7857 7802//7858 7654//7710
f 7654//7710 7803//7859 7655//7711 7507//7563
f 7655//7711 7804//7860 7656//7712 7508//7564
f 7656//7712 7805//7861 7806//7862 7657//7713
f 7657//7713 7806//7862 7807//7863 7658//7714
f 7658//7714 7808//7864 7659//7715 7510//7566
f 7659//7715 7809//7865 7660//7716 7511//7567
f 7660//7716 7810//7866 7661//7717 7512//7568
f 7661//7717 7811//7867 7694//7750 7662//7718
f 7662//7718 7812//7868 7663//7719 7513//7569
f 7663//7719 7812//7868 7664//7720 7515//7571
f 7664//7720 7678//7734 7813//7869 7665//7721
f 7665//7721 7813//7869 7814//7870 7666//7722
f 7666//7722 7815//7871 7667//7723 7517//7573
f 7667//7723 7816//7872 7668//7724 7518//7574
f 7668//7724 7817//7873 7669//7725 7519//7575
f 7669//7725 7818//7874 7670//7726 7520//7576
f 7670//7726 7819//7875 7820//7876 7671//7727
f 7671//7727 7820//7876 7821//7877 7672//7728
f 7672//7728 7822//7878 7673//7729 7522//7578
f 7673//7729 7823//7879 7674//7730 7523//7579
f 7674//7730 7824//7880 7675//7731 7524//7580
f 7675//7731 7825//7881 7676//7732 7525//7581
f 7676//7732 7826//7882 7677//7733 7526//7582
f 7677//7733 7813//7869 7678//7734 7527//7583
f 7678//7734 7827//7883 7679//7735 7528//7584
f 7680//7736 7828//7884 7681//7737 7531//7587
f 7681//7737 7829//7885 7682//7738 7532//7588
f 7682//7738 7830//7886 7683//7739 7533//7589
f 7683//7739 7831//7887 7684//7740 7534//7590
f 7684//7740 7832//7888 7685//7741 7535//7591
f 7685//7741 7833//7889 7834//7890 7686//7742
f 7686//7742 7834//7890 7835//7891 7687//7743
f 7687//7743 7836//7892 7688//7744 7537//7593
f 7688//7744 7836//7892 7837//7893 7689//7745
f 7689//7745 7837//7893 7838//7894 7690//7746
f 7690//7746 7839//7895 7691//7747 7540//7596
f 7691//7747 7840//7896 7692//7748 7541//7597
f 7692//7748 7841//7897 7693//7749 7542//7598
f 7693//7749 7828//7884 7680//7736 7543//7599
f 7679//7735 7827//7883 7694//7750 7544//7600
f 7694//7750 7811//7867 7695//7751 7545//7601
f 7695//7751 7842//7898 7843//7899 7696//7752
f 7696//7752 7801//7857 7800//7856 7546//7602
f 7546//7602 7800//7856 7844//7900 7697//7753
f 7697//7753 7844//7900 7798//7854 7548//7604
f 7548//7604 7798//7854 7797//7853 7698//7754
f 7698//7754 7845//7901 7846//7902 7699//7755
f 7699//7755 7847//7903 7700//7756 7549//7605
f 7700//7756 7848//7904 7701//7757 7550//7606
f 7701//7757 7848//7904 7702//7758 7552//7608
f 7702//7758 7849//7905 7850//7906 7703//7759
f 7703//7759 7850//7906 7851//7907 7704//7760
f 7630//7686 7775//7831 7705//7761 7555//7611
f 7705//7761 7852//7908 7853//7909 7706//7762
f 7706//7762 7853//7909 7854//7910 7707//7763
f 7707//7763 7767//7823 7708//7764 7557//7613
f 7709//7765 7621//7677 7766//7822 7710//7766
f 7710//7766 7766//7822 7619//7675 7711//7767
f 7712//7768 7765//7821 7713//7769 7559//7615
f 7713//7769 7855//7911 7714//7770 7560//7616
f 7714//7770 7856//7912 7857//7913 7715//7771
f 7715//7771 7757//7813 7610//7666 7561//7617
f 7608//7664 7756//7812 7716//7772 7567//7623
f 7716//7772 7858//7914 7859//7915 7717//7773
f 7717//7773 7860//7916 7718//7774 7568//7624
f 7719//7775 7861//7917 7720//7776 7572//7628
f 7720//7776 7862//7918 7721//7777 7573//7629
f 7721//7777 7863//7919 7722//7778 7574//7630
f 7722//7778 7864//7920 7723//7779 7575//7631
f 7723//7779 7865//7921 7866//7922 7724//7780
f 7724//7780 7867//7923 7725//7781 7576//7632
f 7725//7781 7867//7923 7868//7924 7726//7782
f 7726//7782 7868//7924 7727//7783 7578//7634
f 7727//7783 7869//7925 7870//7926 7728//7784
f 7728//7784 7870//7926 7871//7927 7729//7785
f 7729//7785 7871//7927 7872//7928 7730//7786
f 7730//7786 7872//7928 7873//7929 7731//7787
f 7731//7787 7874//7930 7732//7788 7581//7637
f 7732//7788 7875//7931 7733//7789 7582//7638
f 7733//7789 7876//7932 7734//7790 7583//7639
f 7734//7790 7861//7917 7719//7775 7584//7640
f 7598//7654 7747//7803 7735//7791 7586//7642
f 7735//7791 7877//7933 7736//7792 7587//7643
f 7736//7792 7878//7934 7737//7793 7588//7644
f 7737//7793 7878//7934 7879//7935 7738//7794 7589//7645
f 7738//7794 7880//7936 7739//7795 7590//7646
f 7739//7795 7881//7937 7740//7796 7591//7647
f 7740//7796 7882//7938 7883//7939 7741//7797
f 7741//7797 7883//7939 7884//7940 7742//7798
f 7742//7798 7885//7941 7743//7799 7593//7649
f 7743//7799 7886//7942 7744//7800 7594//7650
f 7744//7800 7887//7943 7745//7801 7595//7651
f 7745//7801 7888//7944 7746//7802 7596//7652
f 7746//7802 7889//7945 7747//7803 7597//7653
f 7718//7774 7860//7916 7748//7804 7600//7656
f 7748//7804 7890//7946 7749//7805 7601//7657
f 7749//7805 7891//7947 7750//7806 7602//7658
f 7750//7806 7892//7948 7751//7807 7603//7659
f 7751//7807 7893//7949 7894//7950 7752//7808
f 7752//7808 7894//7950 7895//7951 7753//7809
f 7753//7809 7896//7952 7754//7810 7605//7661
f 7754//7810 7897//7953 7755//7811 7606//7662
f 7755//7811 7898//7954 7756//7812 7607//7663
f 7757//7813 7899//7955 7758//7814 7611//7667
f 7758//7814 7900//7956 7759//7815 7612//7668
f 7759//7815 7901//7957 7760//7816 7613//7669
f 7760//7816 7902//7958 7903//7959 7761//7817
f 7761//7817 7904//7960 7762//7818 7614//7670
f 7762//7818 7905//7961 7763//7819 7615//7671
f 7763//7819 7906//7962 7764//7820 7616//7672
f 7764//7820 7907//7963 7765//7821 7617//7673
f 7767//7823 7908//7964 7768//7824 7623//7679
f 7768//7824 7909//7965 7769//7825 7624//7680
f 7769//7825 7910//7966 7770//7826 7625//7681
f 7770//7826 7911//7967 7912//7968 7771//7827
f 7771//7827 7912//7968 7913//7969 7772//7828
f 7772//7828 7914//7970 7773//7829 7627//7683
f 7773//7829 7915//7971 7774//7830 7628//7684
f 7774//7830 7916//7972 7775//7831 7629//7685
f 7704//7760 7851//7907 7776//7832 7631//7687
f 7776//7832 7917//7973 7777//7833 7632//7688
f 7777//7833 7918//7974 7778//7834 7633//7689
f 7778//7834 7919//7975 7779//7835 7634//7690
f 7779//7835 7920//7976 7921//7977 7780//7836
f 7780//7836 7921//7977 7922//7978 7781//7837
f 7781//7837 7923//7979 7782//7838 7636//7692
f 7782//7838 7924//7980 7783//7839 7637//7693
f 7783//7839 7925//7981 7926//7982 7784//7840
f 7784//7840 7926//7982 7927//7983 7785//7841
f 7785//7841 7928//7984 7786//7842 7639//7695
f 7786//7842 7928//7984 7787//7843 7641//7697
f 7787//7843 7929//7985 7930//7986 7788//7844
f 7788//7844 7930//7986 7931//7987 7789//7845
f 7789//7845 7932//7988 7790//7846 7643//7699
f 7790//7846 7933//7989 7791//7847 7644//7700
f 7791//7847 7934//7990 7792//7848 7645//7701
f 7792//7848 7935//7991 7936//7992 7793//7849
f 7793//7849 7937//7993 7794//7850 7646//7702
f 7794//7850 7938//7994 7795//7851 7647//7703
f 7795//7851 7939//7995 7796//7852 7648//7704
f 7796//7852 7845//7901 7698//7754 7797//7853
f 7798//7854 7844//7900 7799//7855 7650//7706
f 7799//7855 7844//7900 7800//7856 7652//7708
f 7801//7857 7696//7752 7843//7899 7802//7858
f 7802//7858 7940//7996 7803//7859 7654//7710
f 7803//7859 7941//7997 7804//7860 7655//7711
f 7804//7860 7942//7998 7805//7861 7656//7712
f 7805//7861 7943//7999 7944//8000 7806//7862
f 7806//7862 7944//8000 7945//8001 7807//7863
f 7807//7863 7946//8002 7808//7864 7658//7714
f 7808//7864 7947//8003 7809//7865 7659//7715
f 7809//7865 7948//8004 7810//7866 7660//7716
f 7810//7866 7949//8005 7811//7867 7661//7717
f 7694//7750 7827//7883 7812//7868 7662//7718
f 7812//7868 7827//7883 7678//7734 7664//7720
f 7813//7869 7677//7733 7826//7882 7814//7870
f 7814//7870 7950//8006 7815//7871 7666//7722
f 7815//7871 7951//8007 7816//7872 7667//7723
f 7816//7872 7952//8008 7817//7873 7668//7724
f 7817//7873 7953//8009 7818//7874 7669//7725
f 7818//7874 7954//8010 7819//7875 7670//7726
f 7819//7875 7955//8011 7956//8012 7820//7876
f 7820//7876 7956//8012 7957//8013 7821//7877
f 7821//7877 7958//8014 7822//7878 7672//7728
f 7822//7878 7959//8015 7823//7879 7673//7729
f 7823//7879 7960//8016 7824//7880 7674//7730
f 7824//7880 7961//8017 7825//7881 7675//7731
f 7825//7881 7962//8018 7826//7882 7676//7732
f 7828//7884 7963//8019 7829//7885 7681//7737
f 7829//7885 7964//8020 7830//7886 7682//7738
f 7830//7886 7965//8021 7831//7887 7683//7739
f 7831//7887 7966//8022 7832//7888 7684//7740
f 7832//7888 7967//8023 7968//8024 7685//7741
f 7685//7741 7968//8024 7969//8025 7833//7889
f 7833//7889 7969//8025 7970//8026 7834//7890
f 7834//7890 7970//8026 7971//8027 7835//7891
f 7835//7891 7972//8028 7836//7892 7687//7743
f 7836//7892 7972//8028 7973//8029 7837//7893
f 7837//7893 7974//8030 7975//8031 7838//7894
f 7838//7894 7976//8032 7839//7895 7690//7746
f 7839//7895 7977//8033 7840//7896 7691//7747
f 7840//7896 7978//8034 7841//7897 7692//7748
f 7841//7897 7963//8019 7828//7884 7693//7749
f 7811//7867 7949//8005 7842//7898 7695//7751
f 7842//7898 7979//8035 7980//8036 7843//7899
f 7845//7901 7981//8037 7982//8038 7846//7902
f 7846//7902 7983//8039 7847//7903 7699//7755
f 7847//7903 7930//7986 7929//7985 7700//7756
f 7700//7756 7929//7985 7984//8040 7848//7904
f 7848//7904 7984//8040 7927//7983 7702//7758
f 7702//7758 7927//7983 7926//7982 7849//7905
f 7849//7905 7985//8041 7986//8042 7850//7906
f 7850//7906 7986//8042 7987//8043 7851//7907
f 7775//7831 7916//7972 7852//7908 7705//7761
f 7852//7908 7988//8044 7989//8045 7853//7909
f 7853//7909 7989//8045 7990//8046 7854//7910
f 7854//7910 7908//7964 7767//7823 7707//7763
f 7765//7821 7907//7963 7855//7911 7713//7769
f 7855//7911 7991//8047 7856//7912 7714//7770
f 7856//7912 7992//8048 7993//8049 7857//7913
f 7857//7913 7899//7955 7757//7813 7715//7771
f 7756//7812 7898//7954 7858//7914 7716//7772
f 7858//7914 7994//8050 7995//8051 7859//7915
f 7859//7915 7996//8052 7860//7916 7717//7773
f 7861//7917 7997//8053 7862//7918 7720//7776
f 7862//7918 7998//8054 7863//7919 7721//7777
f 7863//7919 7999//8055 7864//7920 7722//7778
f 7864//7920 8000//8056 7865//7921 7723//7779
f 7865//7921 8001//8057 8002//8058 7866//7922
f 7866//7922 8003//8059 7867//7923 7724//7780
f 7867//7923 8003//8059 8004//8060 7868//7924
f 7868//7924 8004//8060 7869//7925 7727//7783
f 7869//7925 8005//8061 8006//8062 7870//7926
f 7870//7926 8006//8062 7872//7928 7871//7927
f 7872//7928 8006//8062 8007//8063 7873//7929
f 7873//7929 8008//8064 7874//7930 7731//7787
f 7874//7930 8009//8065 7875//7931 7732//7788
f 7875//7931 8010//8066 7876//7932 7733//7789
f 7876//7932 7997//8053 7861//7917 7734//7790
f 7747//7803 7889//7945 7877//7933 7735//7791
f 7877//7933 8011//8067 7878//7934 7736//7792
f 7878//7934 8011//8067 8012//8068 7879//7935
f 7879//7935 8013//8069 7880//7936 7738//7794
f 7880//7936 8014//8070 7881//7937 7739//7795
f 7881//7937 8015//8071 7882//7938 7740//7796
f 7882//7938 8016//8072 8017//8073 7883//7939
f 7883//7939 8017//8073 8018//8074 7884//7940
f 7884//7940 8019//8075 7885//7941 7742//7798
f 7885//7941 8020//8076 7886//7942 7743//7799
f 7886//7942 8021//8077 7887//7943 7744//7800
f 7887//7943 8022//8078 7888//7944 7745//7801
f 7888//7944 8023//8079 7889//7945 7746//7802
f 7860//7916 7996//8052 7890//7946 7748//7804
f 7890//7946 8024//8080 7891//7947 7749//7805
f 7891//7947 8025//8081 7892//7948 7750//7806
f 7892//7948 8026//8082 7893//7949 7751//7807
f 7893//7949 8027//8083 8028//8084 7894//7950
f 7894//7950 8028//8084 8029//8085 7895//7951
f 7895//7951 8030//8086 7896//7952 7753//7809
f 7896//7952 8031//8087 7897//7953 7754//7810
f 7897//7953 8032//8088 7898//7954 7755//7811
f 7899//7955 8033//8089 7900//7956 7758//7814
f 7900//7956 8034//8090 7901//7957 7759//7815
f 7901//7957 8035//8091 7902//7958 7760//7816
f 7902//7958 8036//8092 8037//8093 7903//7959
f 7903//7959 8038//8094 7904//7960 7761//7817
f 7904//7960 8039//8095 7905//7961 7762//7818
f 7905//7961 8040//8096 7906//7962 7763//7819
f 7906//7962 8041//8097 7907//7963 7764//7820
f 7908//7964 8042//8098 7909//7965 7768//7824
f 7909//7965 8043//8099 7910//7966 7769//7825
f 7910//7966 8044//8100 7911//7967 7770//7826
f 7911//7967 8045//8101 8046//8102 7912//7968
f 7912//7968 8046//8102 8047//8103 7913//7969
f 7913//7969 8048//8104 7914//7970 7772//7828
f 7914//7970 8049//8105 7915//7971 7773//7829
f 7915//7971 8050//8106 7916//7972 7774//7830
f 7851//7907 7987//8043 7917//7973 7776//7832
f 7917//7973 8051//8107 7918//7974 7777//7833
f 7918//7974 8052//8108 7919//7975 7778//7834
f 7919//7975 8053//8109 7920//7976 7779//7835
f 7920//7976 8054//8110 8055//8111 7921//7977
f 7921//7977 8055//8111 8056//8112 7922//7978
f 7922//7978 8057//8113 7923//7979 7781//7837
f 7923//7979 8058//8114 7924//7980 7782//7838
f 7924//7980 8059//8115 7925//7981 7783//7839
f 7925//7981 7985//8041 7849//7905 7926//7982
f 7927//7983 7984//8040 7928//7984 7785//7841
f 7928//7984 7984//8040 7929//7985 7787//7843
f 7930//7986 7847//7903 7983//8039 7931//7987
f 7931//7987 8060//8116 7932//7988 7789//7845
f 7932//7988 8061//8117 7933//7989 7790//7846
f 7933//7989 8062//8118 7934//7990 7791//7847
f 7934//7990 8063//8119 7935//7991 7792//7848
f 7935//7991 8064//8120 8065//8121 7936//7992
f 7936//7992 8066//8122 7937//7993 7793//7849
f 7937//7993 8067//8123 7938//7994 7794//7850
f 7938//7994 8068//8124 7939//7995 7795//7851
f 7939//7995 7981//8037 7845//7901 7796//7852
f 7843//7899 7980//8036 7940//7996 7802//7858
f 7940//7996 8069//8125 7941//7997 7803//7859
f 7941//7997 8070//8126 7942//7998 7804//7860
f 7942//7998 8071//8127 7943//7999 7805//7861
f 7943//7999 8072//8128 8073//8129 7944//8000
f 7944//8000 8073//8129 8074//8130 7945//8001
f 7945//8001 8075//8131 7946//8002 7807//7863
f 7946//8002 8076//8132 7947//8003 7808//7864
f 7947//8003 8077//8133 7948//8004 7809//7865
f 7948//8004 8078//8134 7949//8005 7810//7866
f 7826//7882 7962//8018 7950//8006 7814//7870
f 7950//8006 8079//8135 7951//8007 7815//7871
f 7951//8007 8080//8136 7952//8008 7816//7872
f 7952//8008 8081//8137 7953//8009 7817//7873
f 7953//8009 8082//8138 7954//8010 7818//7874
f 7954//8010 8083//8139 7955//8011 7819//7875
f 7955//8011 8084//8140 8085//8141 7956//8012
f 7956//8012 8085//8141 8086//8142 7957//8013
f 7957//8013 8087//8143 7958//8014 7821//7877
f 7958//8014 8088//8144 7959//8015 7822//7878
f 7959//8015 8089//8145 8090//8146 7960//8016 7823//7879
f 7960//8016 8090//8146 7961//8017 7824//7880
f 7961//8017 8091//8147 7962//8018 7825//7881
f 7963//8019 8092//8148 7964//8020 7829//7885
f 7964//8020 8093//8149 7965//8021 7830//7886
f 7965//8021 8094//8150 7966//8022 7831//7887
f 7966//8022 8095//8151 7967//8023 7832//7888
f 7967//8023 8096//8152 8097//8153 7968//8024
f 7968//8024 8097//8153 8098//8154 7969//8025
f 7969//8025 8098//8154 8099//8155 7970//8026
f 7970//8026 8099//8155 8100//8156 7971//8027
f 7971//8027 8101//8157 7972//8028 7835//7891
f 7972//8028 8101//8157 8102//8158 7973//8029
f 7973//8029 8102//8158 7974//8030 7837//7893
f 7974//8030 8103//8159 8104//8160 7975//8031
f 7975//8031 8105//8161 7976//8032 7838//7894
f 7976//8032 8106//8162 7977//8033 7839//7895
f 7977//8033 8107//8163 7978//8034 7840//7896
f 7978//8034 8092//8148 7963//8019 7841//7897
f 7949//8005 8078//8134 7979//8035 7842//7898
f 7979//8035 8108//8164 8109//8165 7980//8036
f 7981//8037 8110//8166 8111//8167 7982//8038
f 7982//8038 8112//8168 7983//8039 7846//7902
f 7985//8041 8113//8169 8114//8170 7986//8042
f 7986//8042 8114//8170 8115//8171 7987//8043
f 7916//7972 8050//8106 7988//8044 7852//7908
f 7988//8044 8116//8172 8117//8173 7989//8045
f 7989//8045 8117//8173 8118//8174 7990//8046
f 7990//8046 8042//8098 7908//7964 7854//7910
f 7907//7963 8041//8097 7991//8047 7855//7911
f 7991//8047 8119//8175 7992//8048 7856//7912
f 7992//8048 8120//8176 8121//8177 7993//8049
f 7993//8049 8033//8089 7899//7955 7857//7913
f 7898//7954 8032//8088 7994//8050 7858//7914
f 7994//8050 8122//8178 8123//8179 7995//8051
f 7995//8051 8124//8180 7996//8052 7859//7915
f 7997//8053 8125//8181 7998//8054 7862//7918
f 7998//8054 8126//8182 7999//8055 7863//7919
f 7999//8055 8127//8183 8000//8056 7864//7920
f 8000//8056 8128//8184 8001//8057 7865//7921
f 8001//8057 8129//8185 8005//8061 8002//8058
f 8002//8058 8004//8060 8003//8059 7866//7922
f 8004//8060 8002//8058 8005//8061 7869//7925
f 8005//8061 8129//8185 8007//8063 8006//8062
f 8007//8063 8130//8186 8008//8064 7873//7929
f 8008//8064 8131//8187 8009//8065 7874//7930
f 8009//8065 8132//8188 8010//8066 7875//7931
f 8010//8066 8125//8181 7997//8053 7876//7932
f 7889//7945 8023//8079 8011//8067 7877//7933
f 8011//8067 8023//8079 8133//8189 8012//8068
f 8012//8068 8134//8190 8013//8069 7879//7935
f 8013//8069 8135//8191 8014//8070 7880//7936
f 8014//8070 8136//8192 8015//8071 7881//7937
f 8015//8071 8137//8193 8016//8072 7882//7938
f 8016//8072 8138//8194 8139//8195 8017//8073
f 8017//8073 8139//8195 8140//8196 8018//8074
f 8018//8074 8141//8197 8019//8075 7884//7940
f 8019//8075 8142//8198 8020//8076 7885//7941
f 8020//8076 8143//8199 8021//8077 7886//7942
f 8021//8077 8144//8200 8022//8078 7887//7943
f 8022//8078 8133//8189 8023//8079 7888//7944
f 7996//8052 8124//8180 8024//8080 7890//7946
f 8024//8080 8145//8201 8025//8081 7891//7947
f 8025//8081 8146//8202 8026//8082 7892//7948
f 8026//8082 8147//8203 8027//8083 7893//7949
f 8027//8083 8148//8204 8149//8205 8028//8084
f 8028//8084 8149//8205 8150//8206 8029//8085
f 8029//8085 8151//8207 8030//8086 7895//7951
f 8030//8086 8152//8208 8031//8087 7896//7952
f 8031//8087 8153//8209 8032//8088 7897//7953
f 8033//8089 8154//8210 8034//8090 7900//7956
f 8034//8090 8155//8211 8035//8091 7901//7957
f 8035//8091 8156//8212 8036//8092 7902//7958
f 8036//8092 8157//8213 8158//8214 8037//8093
f 8037//8093 8159//8215 8038//8094 7903//7959
f 8038//8094 8160//8216 8039//8095 7904//7960
f 8039//8095 8161//8217 8040//8096 7905//7961
f 8040//8096 8162//8218 8041//8097 7906//7962
f 8042//8098 8163//8219 8043//8099 7909//7965
f 8043//8099 8164//8220 8044//8100 7910//7966
f 8044//8100 8165//8221 8045//8101 7911//7967
f 8045//8101 8166//8222 8167//8223 8046//8102
f 8046//8102 8167//8223 8168//8224 8047//8103
f 8047//8103 8169//8225 8048//8104 7913//7969
f 8048//8104 8170//8226 8049//8105 7914//7970
f 8049//8105 8171//8227 8050//8106 7915//7971
f 7987//8043 8115//8171 8051//8107 7917//7973
f 8051//8107 8172//8228 8052//8108 7918//7974
f 8052//8108 8173//8229 8053//8109 7919//7975
f 8053//8109 8174//8230 8054//8110 7920//7976
f 8054//8110 8175//8231 8176//8232 8055//8111
f 8055//8111 8176//8232 8177//8233 8056//8112
f 8056//8112 8178//8234 8057//8113 7922//7978
f 8057//8113 8179//8235 8058//8114 7923//7979
f 8058//8114 8180//8236 8059//8115 7924//7980
f 8059//8115 8113//8169 7985//8041 7925//7981
f 7983//8039 8112//8168 8060//8116 7931//7987
f 8060//8116 8181//8237 8061//8117 7932//7988
f 8061//8117 8182//8238 8062//8118 7933//7989
f 8062//8118 8183//8239 8063//8119 7934//7990
f 8063//8119 8184//8240 8064//8120 7935//7991
f 8064//8120 8185//8241 8186//8242 8065//8121
f 8065//8121 8187//8243 8066//8122 7936//7992
f 8066//8122 8188//8244 8067//8123 7937//7993
f 8067//8123 8189//8245 8068//8124 7938//7994
f 8068//8124 8110//8166 7981//8037 7939//7995
f 7980//8036 8109//8165 8069//8125 7940//7996
f 8069//8125 8190//8246 8070//8126 7941//7997
f 8070//8126 8191//8247 8071//8127 7942//7998
f 8071//8127 8192//8248 8072//8128 7943//7999
f 8072//8128 8193//8249 8194//8250 8073//8129
f 8073//8129 8194//8250 8195//8251 8074//8130
f 8074//8130 8196//8252 8075//8131 7945//8001
f 8075//8131 8197//8253 8076//8132 7946//8002
f 8076//8132 8198//8254 8077//8133 7947//8003
f 8077//8133 8199//8255 8078//8134 7948//8004
f 7962//8018 8091//8147 8079//8135 7950//8006
f 8079//8135 8200//8256 8080//8136 7951//8007
f 8080//8136 8201//8257 8081//8137 7952//8008
f 8081//8137 8202//8258 8082//8138 7953//8009
f 8082//8138 8203//8259 8083//8139 7954//8010
f 8083//8139 8204//8260 8084//8140 7955//8011
f 8084//8140 8205//8261 8206//8262 8085//8141
f 8085//8141 8206//8262 8207//8263 8086//8142
f 8086//8142 8208//8264 8087//8143 7957//8013
f 8087//8143 8209//8265 8088//8144 7958//8014
f 8088//8144 8210//8266 8089//8145 7959//8015
f 8089//8145 8211//8267 8212//8268 8090//8146
f 8090//8146 8212//8268 8091//8147 7961//8017
f 8092//8148 8213//8269 8093//8149 7964//8020
f 8093//8149 8214//8270 8094//8150 7965//8021
f 8094//8150 8215//8271 8095//8151 7966//8022
f 8095//8151 8216//8272 8096//8152 7967//8023
f 8096//8152 8217//8273 8218//8274 8097//8153
f 8097//8153 8218//8274 8099//8155 8098//8154
f 8099//8155 8218//8274 8219//8275 8100//8156
f 8100//8156 8220//8276 8101//8157 7971//8027
f 8101//8157 8220//8276 8221//8277 8102//8158
f 8102//8158 8221//8277 8103//8159 7974//8030
f 8103//8159 8222//8278 8223//8279 8104//8160
f 8104//8160 8224//8280 8105//8161 7975//8031
f 8105//8161 8225//8281 8106//8162 7976//8032
f 8106//8162 8226//8282 8107//8163 7977//8033
f 8107//8163 8213//8269 8092//8148 7978//8034
f 8078//8134 8199//8255 8108//8164 7979//8035
f 8108//8164 8227//8283 8228//8284 8109//8165
f 8110//8166 8229//8285 8230//8286 8111//8167
f 8111//8167 8231//8287 8112//8168 7982//8038
f 8113//8169 8232//8288 8233//8289 8114//8170
f 8114//8170 8233//8289 8234//8290 8115//8171
f 8050//8106 8171//8227 8116//8172 7988//8044
f 8116//8172 8235//8291 8236//8292 8117//8173
f 8117//8173 8236//8292 8237//8293 8118//8174
f 8118//8174 8163//8219 8042//8098 7990//8046
f 8041//8097 8162//8218 8119//8175 7991//8047
f 8119//8175 8238//8294 8120//8176 7992//8048
f 8120//8176 8239//8295 8240//8296 8121//8177
f 8121//8177 8154//8210 8033//8089 7993//8049
f 8032//8088 8153//8209 8122//8178 7994//8050
f 8122//8178 8241//8297 8242//8298 8123//8179
f 8123//8179 8243//8299 8124//8180 7995//8051
f 8125//8181 8244//8300 8126//8182 7998//8054
f 8126//8182 8245//8301 8127//8183 7999//8055
f 8127//8183 8245//8301 8128//8184 8000//8056
f 8128//8184 8246//8302 8129//8185 8001//8057
f 8129//8185 8246//8302 8130//8186 8007//8063
f 8130//8186 8247//8303 8131//8187 8008//8064
f 8131//8187 8247//8303 8132//8188 8009//8065
f 8132//8188 8244//8300 8125//8181 8010//8066
f 8133//8189 8248//8304 8134//8190 8012//8068
f 8134//8190 8249//8305 8135//8191 8013//8069
f 8135//8191 8250//8306 8136//8192 8014//8070
f 8136//8192 8251//8307 8137//8193 8015//8071
f 8137//8193 8252//8308 8138//8194 8016//8072
f 8138//8194 8253//8309 8254//8310 8139//8195
f 8139//8195 8254//8310 8255//8311 8140//8196
f 8140//8196 8256//8312 8141//8197 8018//8074
f 8141//8197 8257//8313 8142//8198 8019//8075
f 8142//8198 8258//8314 8143//8199 8020//8076
f 8143//8199 8259//8315 8144//8200 8021//8077
f 8144//8200 8248//8304 8133//8189 8022//8078
f 8124//8180 8243//8299 8145//8201 8024//8080
f 8145//8201 8260//8316 8146//8202 8025//8081
f 8146//8202 8261//8317 8147//8203 8026//8082
f 8147//8203 8262//8318 8148//8204 8027//8083
f 8148//8204 8263//8319 8264//8320 8149//8205
f 8149//8205 8264//8320 8265//8321 8150//8206
f 8150//8206 8266//8322 8151//8207 8029//8085
f 8151//8207 8267//8323 8152//8208 8030//8086
f 8152//8208 8268//8324 8153//8209 8031//8087
f 8154//8210 8269//8325 8155//8211 8034//8090
f 8155//8211 8270//8326 8156//8212 8035//8091
f 8156//8212 8271//8327 8157//8213 8036//8092
f 8157//8213 8272//8328 8273//8329 8158//8214
f 8158//8214 8274//8330 8159//8215 8037//8093
f 8159//8215 8275//8331 8160//8216 8038//8094
f 8160//8216 8276//8332 8161//8217 8039//8095
f 8161//8217 8277//8333 8162//8218 8040//8096
f 8163//8219 8278//8334 8164//8220 8043//8099
f 8164//8220 8279//8335 8165//8221 8044//8100
f 8165//8221 8280//8336 8166//8222 8045//8101
f 8166//8222 8281//8337 8282//8338 8167//8223
f 8167//8223 8282//8338 8283//8339 8168//8224
f 8168//8224 8284//8340 8169//8225 8047//8103
f 8169//8225 8285//8341 8170//8226 8048//8104
f 8170//8226 8286//8342 8171//8227 8049//8105
f 8115//8171 8234//8290 8172//8228 8051//8107
f 8172//8228 8287//8343 8173//8229 8052//8108
f 8173//8229 8288//8344 8174//8230 8053//8109
f 8174//8230 8289//8345 8175//8231 8054//8110
f 8175//8231 8290//8346 8291//8347 8176//8232
f 8176//8232 8291//8347 8292//8348 8177//8233
f 8177//8233 8293//8349 8178//8234 8056//8112
f 8178//8234 8294//8350 8179//8235 8057//8113
f 8179//8235 8295//8351 8180//8236 8058//8114
f 8180//8236 8232//8288 8113//8169 8059//8115
f 8112//8168 8231//8287 8181//8237 8060//8116
f 8181//8237 8296//8352 8182//8238 8061//8117
f 8182//8238 8297//8353 8183//8239 8062//8118
f 8183//8239 8298//8354 8184//8240 8063//8119
f 8184//8240 8299//8355 8185//8241 8064//8120
f 8185//8241 8300//8356 8301//8357 8186//8242
f 8186//8242 8302//8358 8187//8243 8065//8121
f 8187//8243 8303//8359 8188//8244 8066//8122
f 8188//8244 8304//8360 8189//8245 8067//8123
f 8189//8245 8229//8285 8110//8166 8068//8124
f 8109//8165 8228//8284 8190//8246 8069//8125
f 8190//8246 8305//8361 8191//8247 8070//8126
f 8191//8247 8306//8362 8192//8248 8071//8127
f 8192//8248 8307//8363 8193//8249 8072//8128
f 8193//8249 8308//8364 8309//8365 8194//8250
f 8194//8250 8309//8365 8310//8366 8195//8251
f 8195//8251 8311//8367 8196//8252 8074//8130
f 8196//8252 8312//8368 8197//8253 8075//8131
f 8197//8253 8313//8369 8198//8254 8076//8132
f 8198//8254 8314//8370 8199//8255 8077//8133
f 8091//8147 8212//8268 8200//8256 8079//8135
f 8200//8256 8315//8371 8201//8257 8080//8136
f 8201//8257 8316//8372 8202//8258 8081//8137
f 8202//8258 8317//8373 8203//8259 8082//8138
f 8203//8259 8318//8374 8204//8260 8083//8139
f 8204//8260 8319//8375 8205//8261 8084//8140
f 8205//8261 8320//8376 8321//8377 8206//8262
f 8206//8262 8321//8377 8322//8378 8207//8263
f 8207//8263 8323//8379 8208//8264 8086//8142
f 8208//8264 8324//8380 8209//8265 8087//8143
f 8209//8265 8325//8381 8210//8266 8088//8144
f 8210//8266 8326//8382 8211//8267 8089//8145
f 8211//8267 8315//8371 8200//8256 8212//8268
f 8213//8269 8327//8383 8214//8270 8093//8149
f 8214//8270 8328//8384 8215//8271 8094//8150
f 8215//8271 8329//8385 8216//8272 8095//8151
f 8216//8272 8330//8386 8217//8273 8096//8152
f 8217//8273 8331//8387 8219//8275 8218//8274
f 8219//8275 8222//8278 8220//8276 8100//8156
f 8220//8276 8222//8278 8103//8159 8221//8277
f 8222//8278 8219//8275 8331//8387 8223//8279
f 8223//8279 8332//8388 8224//8280 8104//8160
f 8224//8280 8333//8389 8225//8281 8105//8161
f 8225//8281 8334//8390 8226//8282 8106//8162
f 8226//8282 8327//8383 8213//8269 8107//8163
f 8199//8255 8314//8370 8227//8283 8108//8164
f 8227//8283 8335//8391 8336//8392 8228//8284
f 8229//8285 8337//8393 8338//8394 8230//8286
f 8230//8286 8339//8395 8231//8287 8111//8167
f 8232//8288 8340//8396 8341//8397 8233//8289
f 8233//8289 8341//8397 8342//8398 8234//8290
f 8171//8227 8286//8342 8235//8291 8116//8172
f 8235//8291 8343//8399 8344//8400 8236//8292
f 8236//8292 8344//8400 8345//8401 8237//8293
f 8237//8293 8278//8334 8163//8219 8118//8174
f 8162//8218 8277//8333 8238//8294 8119//8175
f 8238//8294 8346//8402 8239//8295 8120//8176
f 8239//8295 8347//8403 8348//8404 8240//8296
f 8240//8296 8269//8325 8154//8210 8121//8177
f 8153//8209 8268//8324 8241//8297 8122//8178
f 8241//8297 8349//8405 8350//8406 8242//8298
f 8242//8298 8351//8407 8243//8299 8123//8179
f 8244//8300 8352//8408 8245//8301 8126//8182
f 8245//8301 8352//8408 8246//8302 8128//8184
f 8246//8302 8352//8408 8247//8303 8130//8186
f 8247//8303 8352//8408 8244//8300 8132//8188
f 8248//8304 8353//8409 8249//8305 8134//8190
f 8249//8305 8354//8410 8250//8306 8135//8191
f 8250//8306 8355//8411 8251//8307 8136//8192
f 8251//8307 8356//8412 8252//8308 8137//8193
f 8252//8308 8357//8413 8253//8309 8138//8194
f 8253//8309 8358//8414 8359//8415 8254//8310
f 8254//8310 8359//8415 8360//8416 8255//8311
f 8255//8311 8361//8417 8256//8312 8140//8196
f 8256//8312 8362//8418 8257//8313 8141//8197
f 8257//8313 8363//8419 8258//8314 8142//8198
f 8258//8314 8364//8420 8259//8315 8143//8199
f 8259//8315 8353//8409 8248//8304 8144//8200
f 8243//8299 8351//8407 8260//8316 8145//8201
f 8260//8316 8365//8421 8261//8317 8146//8202
f 8261//8317 8366//8422 8262//8318 8147//8203
f 8262//8318 8367//8423 8263//8319 8148//8204
f 8263//8319 8368//8424 8369//8425 8264//8320
f 8264//8320 8369//8425 8370//8426 8265//8321
f 8265//8321 8371//8427 8266//8322 8150//8206
f 8266//8322 8372//8428 8267//8323 8151//8207
f 8267//8323 8373//8429 8268//8324 8152//8208
f 8269//8325 8374//8430 8270//8326 8155//8211
f 8270//8326 8375//8431 8271//8327 8156//8212
f 8271//8327 8376//8432 8272//8328 8157//8213
f 8272//8328 8377//8433 8378//8434 8273//8329
f 8273//8329 8379//8435 8274//8330 8158//8214
f 8274//8330 8380//8436 8275//8331 8159//8215
f 8275//8331 8381//8437 8276//8332 8160//8216
f 8276//8332 8382//8438 8277//8333 8161//8217
f 8278//8334 8383//8439 8279//8335 8164//8220
f 8279//8335 8384//8440 8280//8336 8165//8221
f 8280//8336 8385//8441 8281//8337 8166//8222
f 8281//8337 8386//8442 8387//8443 8282//8338
f 8282//8338 8387//8443 8388//8444 8283//8339
f 8283//8339 8389//8445 8284//8340 8168//8224
f 8284//8340 8390//8446 8285//8341 8169//8225
f 8285//8341 8391//8447 8286//8342 8170//8226
f 8234//8290 8342//8398 8287//8343 8172//8228
f 8287//8343 8392//8448 8288//8344 8173//8229
f 8288//8344 8393//8449 8289//8345 8174//8230
f 8289//8345 8394//8450 8290//8346 8175//8231
f 8290//8346 8395//8451 8396//8452 8291//8347
f 8291//8347 8396//8452 8397//8453 8292//8348
f 8292//8348 8398//8454 8293//8349 8177//8233
f 8293//8349 8399//8455 8294//8350 8178//8234
f 8294//8350 8400//8456 8295//8351 8179//8235
f 8295//8351 8340//8396 8232//8288 8180//8236
f 8231//8287 8339//8395 8296//8352 8181//8237
f 8296//8352 8401//8457 8297//8353 8182//8238
f 8297//8353 8402//8458 8298//8354 8183//8239
f 8298//8354 8403//8459 8299//8355 8184//8240
f 8299//8355 8404//8460 8300//8356 8185//8241
f 8300//8356 8405//8461 8406//8462 8301//8357
f 8301//8357 8407//8463 8302//8358 8186//8242
f 8302//8358 8408//8464 8303//8359 8187//8243
f 8303//8359 8409//8465 8304//8360 8188//8244
f 8304//8360 8337//8393 8229//8285 8189//8245
f 8228//8284 8336//8392 8305//8361 8190//8246
f 8305//8361 8410//8466 8306//8362 8191//8247
f 8306//8362 8411//8467 8307//8363 8192//8248
f 8307//8363 8412//8468 8308//8364 8193//8249
f 8308//8364 8413//8469 8414//8470 8309//8365
f 8309//8365 8414//8470 8415//8471 8310//8366
f 8310//8366 8416//8472 8311//8367 8195//8251
f 8311//8367 8417//8473 8312//8368 8196//8252
f 8312//8368 8418//8474 8313//8369 8197//8253
f 8313//8369 8419//8475 8314//8370 8198//8254
f 8315//8371 8420//8476 8316//8372 8201//8257
f 8316//8372 8421//8477 8317//8373 8202//8258
f 8317//8373 8422//8478 8318//8374 8203//8259
f 8318//8374 8423//8479 8319//8375 8204//8260
f 8319//8375 8424//8480 8320//8376 8205//8261
f 8320//8376 8425//8481 8426//8482 8321//8377
f 8321//8377 8426//8482 8427//8483 8322//8378
f 8322//8378 8428//8484 8323//8379 8207//8263
f 8323//8379 8429//8485 8324//8380 8208//8264
f 8324//8380 8430//8486 8325//8381 8209//8265
f 8325//8381 8431//8487 8326//8382 8210//8266
f 8326//8382 8420//8476 8315//8371 8211//8267
f 8327//8383 8432//8488 8328//8384 8214//8270
f 8328//8384 8433//8489 8329//8385 8215//8271
f 8329//8385 8433//8489 8330//8386 8216//8272
f 8330//8386 8434//8490 8331//8387 8217//8273
f 8331//8387 8434//8490 8332//8388 8223//8279
f 8332//8388 8435//8491 8333//8389 8224//8280
f 8333//8389 8435//8491 8334//8390 8225//8281
f 8334//8390 8432//8488 8327//8383 8226//8282
f 8314//8370 8419//8475 8335//8391 8227//8283
f 8335//8391 8436//8492 8437//8493 8336//8392
f 8337//8393 8438//8494 8439//8495 8338//8394
f 8338//8394 8440//8496 8339//8395 8230//8286
f 8340//8396 8441//8497 8442//8498 8341//8397
f 8341//8397 8442//8498 8443//8499 8342//8398
f 8286//8342 8391//8447 8343//8399 8235//8291
f 8343//8399 8444//8500 8445//8501 8344//8400
f 8344//8400 8445//8501 8446//8502 8345//8401
f 8345//8401 8383//8439 8278//8334 8237//8293
f 8277//8333 8382//8438 8346//8402 8238//8294
f 8346//8402 8447//8503 8347//8403 8239//8295
f 8347//8403 8448//8504 8449//8505 8348//8404
f 8348//8404 8374//8430 8269//8325 8240//8296
f 8268//8324 8373//8429 8349//8405 8241//8297
f 8349//8405 8450//8506 8451//8507 8350//8406
f 8350//8406 8452//8508 8351//8407 8242//8298
f 8353//8409 8453//8509 8354//8410 8249//8305
f 8354//8410 8454//8510 8355//8411 8250//8306
f 8355//8411 8455//8511 8356//8412 8251//8307
f 8356//8412 8456//8512 8357//8413 8252//8308
f 8357//8413 8457//8513 8458//8514 8253//8309
f 8253//8309 8458//8514 8459//8515 8358//8414
f 8358//8414 8459//8515 8460//8516 8359//8415
f 8359//8415 8460//8516 8461//8517 8360//8416
f 8360//8416 8462//8518 8361//8417 8255//8311
f 8361//8417 8463//8519 8362//8418 8256//8312
f 8362//8418 8464//8520 8363//8419 8257//8313
f 8363//8419 8465//8521 8364//8420 8258//8314
f 8364//8420 8453//8509 8353//8409 8259//8315
f 8351//8407 8452//8508 8365//8421 8260//8316
f 8365//8421 8466//8522 8366//8422 8261//8317
f 8366//8422 8467//8523 8367//8423 8262//8318
f 8367//8423 8468//8524 8368//8424 8263//8319
f 8368//8424 8469//8525 8470//8526 8369//8425
f 8369//8425 8470//8526 8471//8527 8370//8426
f 8370//8426 8472//8528 8371//8427 8265//8321
f 8371//8427 8473//8529 8372//8428 8266//8322
f 8372//8428 8474//8530 8373//8429 8267//8323
f 8374//8430 8475//8531 8375//8431 8270//8326
f 8375//8431 8476//8532 8376//8432 8271//8327
f 8376//8432 8477//8533 8377//8433 8272//8328
f 8377//8433 8478//8534 8479//8535 8378//8434
f 8378//8434 8480//8536 8379//8435 8273//8329
f 8379//8435 8481//8537 8380//8436 8274//8330
f 8380//8436 8482//8538 8381//8437 8275//8331
f 8381//8437 8483//8539 8382//8438 8276//8332
f 8383//8439 8484//8540 8384//8440 8279//8335
f 8384//8440 8485//8541 8385//8441 8280//8336
f 8385//8441 8486//8542 8386//8442 8281//8337
f 8386//8442 8487//8543 8488//8544 8387//8443
f 8387//8443 8488//8544 8489//8545 8388//8444
f 8388//8444 8490//8546 8389//8445 8283//8339
f 8389//8445 8491//8547 8390//8446 8284//8340
f 8390//8446 8492//8548 8391//8447 8285//8341
f 8342//8398 8443//8499 8392//8448 8287//8343
f 8392//8448 8493//8549 8393//8449 8288//8344
f 8393//8449 8494//8550 8394//8450 8289//8345
f 8394//8450 8495//8551 8395//8451 8290//8346
f 8395//8451 8496//8552 8497//8553 8396//8452
f 8396//8452 8497//8553 8498//8554 8397//8453
f 8397//8453 8499//8555 8398//8454 8292//8348
f 8398//8454 8500//8556 8399//8455 8293//8349
f 8399//8455 8501//8557 8400//8456 8294//8350
f 8400//8456 8441//8497 8340//8396 8295//8351
f 8339//8395 8440//8496 8401//8457 8296//8352
f 8401//8457 8502//8558 8402//8458 8297//8353
f 8402//8458 8503//8559 8403//8459 8298//8354
f 8403//8459 8504//8560 8404//8460 8299//8355
f 8404//8460 8505//8561 8405//8461 8300//8356
f 8405//8461 8506//8562 8507//8563 8406//8462
f 8406//8462 8508//8564 8407//8463 8301//8357
f 8407//8463 8509//8565 8408//8464 8302//8358
f 8408//8464 8510//8566 8409//8465 8303//8359
f 8409//8465 8438//8494 8337//8393 8304//8360
f 8336//8392 8437//8493 8410//8466 8305//8361
f 8410//8466 8511//8567 8411//8467 8306//8362
f 8411//8467 8512//8568 8412//8468 8307//8363
f 8412//8468 8513//8569 8413//8469 8308//8364
f 8413//8469 8514//8570 8515//8571 8414//8470
f 8414//8470 8515//8571 8516//8572 8415//8471
f 8415//8471 8517//8573 8416//8472 8310//8366
f 8416//8472 8518//8574 8417//8473 8311//8367
f 8417//8473 8519//8575 8418//8474 8312//8368
f 8418//8474 8520//8576 8419//8475 8313//8369
f 8420//8476 8521//8577 8421//8477 8316//8372
f 8421//8477 8522//8578 8422//8478 8317//8373
f 8422//8478 8523//8579 8423//8479 8318//8374
f 8423//8479 8524//8580 8424//8480 8319//8375
f 8424//8480 8525//8581 8425//8481 8320//8376
f 8425//8481 8526//8582 8527//8583 8426//8482
f 8426//8482 8527//8583 8528//8584 8427//8483
f 8427//8483 8529//8585 8428//8484 8322//8378
f 8428//8484 8530//8586 8429//8485 8323//8379
f 8429//8485 8531//8587 8430//8486 8324//8380
f 8430//8486 8532//8588 8431//8487 8325//8381
f 8431//8487 8521//8577 8420//8476 8326//8382
f 8432//8488 8533//8589 8433//8489 8328//8384
f 8433//8489 8533//8589 8434//8490 8330//8386
f 8434//8490 8533//8589 8435//8491 8332//8388
f 8435//8491 8533//8589 8432//8488 8334//8390
f 8419//8475 8520//8576 8436//8492 8335//8391
f 8436//8492 8534//8590 8535//8591 8437//8493
f 8438//8494 8536//8592 8537//8593 8439//8495
f 8439//8495 8538//8594 8440//8496 8338//8394
f 8441//8497 8539//8595 8540//8596 8442//8498
f 8442//8498 8540//8596 8541//8597 8443//8499
f 8391//8447 8492//8548 8444//8500 8343//8399
f 8444//8500 8542//8598 8543//8599 8445//8501
f 8445//8501 8543//8599 8544//8600 8446//8502
f 8446//8502 8484//8540 8383//8439 8345//8401
f 8382//8438 8483//8539 8447//8503 8346//8402
f 8447//8503 8545//8601 8448//8504 8347//8403
f 8448//8504 8546//8602 8547//8603 8449//8505
f 8449//8505 8475//8531 8374//8430 8348//8404
f 8373//8429 8474//8530 8450//8506 8349//8405
f 8450//8506 8548//8604 8549//8605 8451//8507
f 8451//8507 8550//8606 8452//8508 8350//8406
f 8453//8509 8551//8607 8454//8510 8354//8410
f 8454//8510 8552//8608 8455//8511 8355//8411
f 8455//8511 8553//8609 8456//8512 8356//8412
f 8456//8512 8554//8610 8457//8513 8357//8413
f 8457//8513 8555//8611 8556//8612 8458//8514
f 8458//8514 8556//8612 8557//8613 8459//8515
f 8459//8515 8557//8613 8558//8614 8460//8516
f 8460//8516 8558//8614 8559//8615 8461//8517
f 8461//8517 8560//8616 8462//8518 8360//8416
f 8462//8518 8561//8617 8463//8519 8361//8417
f 8463//8519 8562//8618 8464//8520 8362//8418
f 8464//8520 8563//8619 8465//8521 8363//8419
f 8465//8521 8551//8607 8453//8509 8364//8420
f 8452//8508 8550//8606 8466//8522 8365//8421
f 8466//8522 8564//8620 8467//8523 8366//8422
f 8467//8523 8565//8621 8468//8524 8367//8423
f 8468//8524 8566//8622 8469//8525 8368//8424
f 8469//8525 8567//8623 8568//8624 8470//8526
f 8470//8526 8568//8624 8569//8625 8471//8527
f 8471//8527 8570//8626 8472//8528 8370//8426
f 8472//8528 8571//8627 8473//8529 8371//8427
f 8473//8529 8572//8628 8474//8530 8372//8428
f 8475//8531 8573//8629 8476//8532 8375//8431
f 8476//8532 8574//8630 8477//8533 8376//8432
f 8477//8533 8575//8631 8478//8534 8377//8433
f 8478//8534 8576//8632 8577//8633 8479//8535
f 8479//8535 8578//8634 8480//8536 8378//8434
f 8480//8536 8579//8635 8481//8537 8379//8435
f 8481//8537 8580//8636 8482//8538 8380//8436
f 8482//8538 8581//8637 8483//8539 8381//8437
f 8484//8540 8582//8638 8485//8541 8384//8440
f 8485//8541 8583//8639 8486//8542 8385//8441
f 8486//8542 8584//8640 8487//8543 8386//8442
f 8487//8543 8585//8641 8586//8642 8488//8544
f 8488//8544 8586//8642 8587//8643 8489//8545
f 8489//8545 8588//8644 8490//8546 8388//8444
f 8490//8546 8589//8645 8491//8547 8389//8445
f 8491//8547 8590//8646 8492//8548 8390//8446
f 8443//8499 8541//8597 8493//8549 8392//8448
f 8493//8549 8591//8647 8494//8550 8393//8449
f 8494//8550 8592//8648 8495//8551 8394//8450
f 8495//8551 8593//8649 8496//8552 8395//8451
f 8496//8552 8594//8650 8595//8651 8497//8553
f 8497//8553 8595//8651 8596//8652 8498//8554
f 8498//8554 8597//8653 8499//8555 8397//8453
f 8499//8555 8598//8654 8500//8556 8398//8454
f 8500//8556 8599//8655 8501//8557 8399//8455
f 8501//8557 8539//8595 8441//8497 8400//8456
f 8440//8496 8538//8594 8502//8558 8401//8457
f 8502//8558 8600//8656 8503//8559 8402//8458
f 8503//8559 8601//8657 8504//8560 8403//8459
f 8504//8560 8602//8658 8505//8561 8404//8460
f 8505//8561 8603//8659 8506//8562 8405//8461
f 8506//8562 8604//8660 8605//8661 8507//8563
f 8507//8563 8606//8662 8508//8564 8406//8462
f 8508//8564 8607//8663 8509//8565 8407//8463
f 8509//8565 8608//8664 8510//8566 8408//8464
f 8510//8566 8536//8592 8438//8494 8409//8465
f 8437//8493 8535//8591 8511//8567 8410//8466
f 8511//8567 8609//8665 8512//8568 8411//8467
f 8512//8568 8610//8666 8513//8569 8412//8468
f 8513//8569 8611//8667 8514//8570 8413//8469
f 8514//8570 8612//8668 8613//8669 8515//8571
f 8515//8571 8613//8669 8614//8670 8516//8572
f 8516//8572 8615//8671 8517//8573 8415//8471
f 8517//8573 8616//8672 8518//8574 8416//8472
f 8518//8574 8617//8673 8519//8575 8417//8473
f 8519//8575 8618//8674 8520//8576 8418//8474
f 8521//8577 8619//8675 8522//8578 8421//8477
f 8522//8578 8620//8676 8523//8579 8422//8478
f 8523//8579 8621//8677 8524//8580 8423//8479
f 8524//8580 8622//8678 8525//8581 8424//8480
f 8525//8581 8623//8679 8526//8582 8425//8481
f 8526//8582 8624//8680 8625//8681 8527//8583
f 8527//8583 8625//8681 8626//8682 8528//8584
f 8528//8584 8626//8682 8627//8683 8427//8483
f 8427//8483 8627//8683 8628//8684 8529//8585
f 8529//8585 8629//8685 8530//8586 8428//8484
f 8530//8586 8630//8686 8531//8587 8429//8485
f 8531//8587 8631//8687 8532//8588 8430//8486
f 8532//8588 8619//8675 8521//8577 8431//8487
f 8520//8576 8618//8674 8534//8590 8436//8492
f 8534//8590 8632//8688 8633//8689 8535//8591
f 8536//8592 8634//8690 8635//8691 8537//8593
f 8537//8593 8636//8692 8538//8594 8439//8495
f 8539//8595 8637//8693 8638//8694 8540//8596
f 8540//8596 8638//8694 8639//8695 8541//8597
f 8492//8548 8590//8646 8542//8598 8444//8500
f 8542//8598 8640//8696 8641//8697 8543//8599
f 8543//8599 8641//8697 8642//8698 8544//8600
f 8544//8600 8582//8638 8484//8540 8446//8502
f 8483//8539 8581//8637 8545//8601 8447//8503
f 8545//8601 8643//8699 8546//8602 8448//8504
f 8546//8602 8644//8700 8645//8701 8547//8603
f 8547//8603 8573//8629 8475//8531 8449//8505
f 8474//8530 8572//8628 8548//8604 8450//8506
f 8548//8604 8646//8702 8647//8703 8549//8605
f 8549//8605 8648//8704 8550//8606 8451//8507
f 8551//8607 8649//8705 8552//8608 8454//8510
f 8552//8608 8650//8706 8553//8609 8455//8511
f 8553//8609 8651//8707 8554//8610 8456//8512
f 8554//8610 8652//8708 8555//8611 8457//8513
f 8555//8611 8653//8709 8654//8710 8556//8612
f 8556//8612 8654//8710 8558//8614 8557//8613
f 8558//8614 8654//8710 8655//8711 8559//8615
f 8559//8615 8656//8712 8560//8616 8461//8517
f 8560//8616 8657//8713 8561//8617 8462//8518
f 8561//8617 8657//8713 8658//8714 8463//8519
f 8463//8519 8658//8714 8659//8715 8562//8618
f 8562//8618 8660//8716 8563//8619 8464//8520
f 8563//8619 8649//8705 8551//8607 8465//8521
f 8550//8606 8648//8704 8564//8620 8466//8522
f 8564//8620 8661//8717 8565//8621 8467//8523
f 8565//8621 8662//8718 8566//8622 8468//8524
f 8566//8622 8663//8719 8567//8623 8469//8525
f 8567//8623 8664//8720 8665//8721 8568//8624
f 8568//8624 8665//8721 8666//8722 8569//8625
f 8569//8625 8667//8723 8570//8626 8471//8527
f 8570//8626 8668//8724 8571//8627 8472//8528
f 8571//8627 8669//8725 8572//8628 8473//8529
f 8573//8629 8670//8726 8574//8630 8476//8532
f 8574//8630 8671//8727 8575//8631 8477//8533
f 8575//8631 8672//8728 8576//8632 8478//8534
f 8576//8632 8673//8729 8674//8730 8577//8633
f 8577//8633 8675//8731 8578//8634 8479//8535
f 8578//8634 8676//8732 8579//8635 8480//8536
f 8579//8635 8677//8733 8580//8636 8481//8537
f 8580//8636 8678//8734 8581//8637 8482//8538
f 8582//8638 8679//8735 8583//8639 8485//8541
f 8583//8639 8680//8736 8584//8640 8486//8542
f 8584//8640 8681//8737 8585//8641 8487//8543
f 8585//8641 8682//8738 8683//8739 8586//8642
f 8586//8642 8683//8739 8684//8740 8587//8643
f 8587//8643 8685//8741 8588//8644 8489//8545
f 8588//8644 8686//8742 8589//8645 8490//8546
f 8589//8645 8687//8743 8590//8646 8491//8547
f 8541//8597 8639//8695 8591//8647 8493//8549
f 8591//8647 8688//8744 8592//8648 8494//8550
f 8592//8648 8689//8745 8593//8649 8495//8551
f 8593//8649 8690//8746 8594//8650 8496//8552
f 8594//8650 8691//8747 8692//8748 8595//8651
f 8595//8651 8692//8748 8693//8749 8596//8652
f 8596//8652 8694//8750 8597//8653 8498//8554
f 8597//8653 8695//8751 8598//8654 8499//8555
f 8598//8654 8696//8752 8599//8655 8500//8556
f 8599//8655 8637//8693 8539//8595 8501//8557
f 8538//8594 8636//8692 8600//8656 8502//8558
f 8600//8656 8697//8753 8601//8657 8503//8559
f 8601//8657 8698//8754 8602//8658 8504//8560
f 8602//8658 8699//8755 8603//8659 8505//8561
f 8603//8659 8700//8756 8604//8660 8506//8562
f 8604//8660 8701//8757 8702//8758 8605//8661
f 8605//8661 8703//8759 8606//8662 8507//8563
f 8606//8662 8704//8760 8607//8663 8508//8564
f 8607//8663 8705//8761 8608//8664 8509//8565
f 8608//8664 8634//8690 8536//8592 8510//8566
f 8535//8591 8633//8689 8609//8665 8511//8567
f 8609//8665 8706//8762 8610//8666 8512//8568
f 8610//8666 8707//8763 8611//8667 8513//8569
f 8611//8667 8708//8764 8612//8668 8514//8570
f 8612//8668 8709//8765 8710//8766 8613//8669
f 8613//8669 8710//8766 8711//8767 8614//8670
f 8614//8670 8712//8768 8615//8671 8516//8572
f 8615//8671 8713//8769 8616//8672 8517//8573
f 8616//8672 8714//8770 8617//8673 8518//8574
f 8617//8673 8715//8771 8618//8674 8519//8575
f 8619//8675 8716//8772 8620//8676 8522//8578
f 8620//8676 8717//8773 8621//8677 8523//8579
f 8621//8677 8718//8774 8622//8678 8524//8580
f 8622//8678 8719//8775 8623//8679 8525//8581
f 8623//8679 8720//8776 8624//8680 8526//8582
f 8624//8680 8721//8777 8722//8778 8625//8681
f 8625//8681 8722//8778 8723//8779 8626//8682
f 8626//8682 8723//8779 8724//8780 8627//8683
f 8627//8683 8724//8780 8725//8781 8628//8684
f 8628//8684 8726//8782 8629//8685 8529//8585
f 8629//8685 8727//8783 8630//8686 8530//8586
f 8630//8686 8728//8784 8631//8687 8531//8587
f 8631//8687 8716//8772 8619//8675 8532//8588
f 8618//8674 8715//8771 8632//8688 8534//8590
f 8632//8688 8729//8785 8730//8786 8633//8689
f 8634//8690 8731//8787 8732//8788 8635//8691
f 8635//8691 8733//8789 8636//8692 8537//8593
f 8637//8693 8734//8790 8735//8791 8638//8694
f 8638//8694 8735//8791 8736//8792 8639//8695
f 8590//8646 8687//8743 8640//8696 8542//8598
f 8640//8696 8737//8793 8738//8794 8641//8697
f 8641//8697 8738//8794 8739//8795 8642//8698
f 8642//8698 8679//8735 8582//8638 8544//8600
f 8581//8637 8678//8734 8643//8699 8545//8601
f 8643//8699 8740//8796 8644//8700 8546//8602
f 8644//8700 8741//8797 8742//8798 8645//8701
f 8645//8701 8670//8726 8573//8629 8547//8603
f 8572//8628 8669//8725 8646//8702 8548//8604
f 8646//8702 8743//8799 8744//8800 8647//8703
f 8647//8703 8745//8801 8648//8704 8549//8605
f 8649//8705 8746//8802 8650//8706 8552//8608
f 8650//8706 8747//8803 8651//8707 8553//8609
f 8651//8707 8748//8804 8652//8708 8554//8610
f 8652//8708 8749//8805 8653//8709 8555//8611
f 8653//8709 8750//8806 8655//8711 8654//8710
f 8655//8711 8751//8807 8656//8712 8559//8615
f 8656//8712 8752//8808 8657//8713 8560//8616
f 8657//8713 8752//8808 8753//8809 8658//8714
f 8658//8714 8753//8809 8754//8810 8659//8715
f 8659//8715 8755//8811 8660//8716 8562//8618
f 8660//8716 8746//8802 8649//8705 8563//8619
f 8648//8704 8745//8801 8661//8717 8564//8620
f 8661//8717 8756//8812 8662//8718 8565//8621
f 8662//8718 8757//8813 8758//8814 8566//8622
f 8566//8622 8758//8814 8759//8815 8663//8719
f 8663//8719 8759//8815 8664//8720 8567//8623
f 8664//8720 8760//8816 8761//8817 8665//8721
f 8665//8721 8761//8817 8762//8818 8666//8722
f 8666//8722 8763//8819 8667//8723 8569//8625
f 8667//8723 8763//8819 8764//8820 8570//8626
f 8570//8626 8764//8820 8765//8821 8668//8724
f 8668//8724 8766//8822 8669//8725 8571//8627
f 8670//8726 8767//8823 8671//8727 8574//8630
f 8671//8727 8768//8824 8769//8825 8575//8631
f 8575//8631 8769//8825 8770//8826 8672//8728
f 8672//8728 8770//8826 8673//8729 8576//8632
f 8673//8729 8771//8827 8772//8828 8674//8730
f 8674//8730 8773//8829 8675//8731 8577//8633
f 8675//8731 8774//8830 8676//8732 8578//8634
f 8676//8732 8775//8831 8677//8733 8579//8635
f 8677//8733 8776//8832 8678//8734 8580//8636
f 8679//8735 8777//8833 8680//8736 8583//8639
f 8680//8736 8778//8834 8681//8737 8584//8640
f 8681//8737 8779//8835 8682//8738 8585//8641
f 8682//8738 8780//8836 8781//8837 8683//8739
f 8683//8739 8781//8837 8782//8838 8684//8740
f 8684//8740 8783//8839 8685//8741 8587//8643
f 8685//8741 8784//8840 8686//8742 8588//8644
f 8686//8742 8785//8841 8687//8743 8589//8645
f 8639//8695 8736//8792 8688//8744 8591//8647
f 8688//8744 8786//8842 8689//8745 8592//8648
f 8689//8745 8787//8843 8690//8746 8593//8649
f 8690//8746 8788//8844 8691//8747 8594//8650
f 8691//8747 8789//8845 8790//8846 8692//8748
f 8692//8748 8790//8846 8791//8847 8693//8749
f 8693//8749 8792//8848 8694//8750 8596//8652
f 8694//8750 8793//8849 8695//8751 8597//8653
f 8695//8751 8794//8850 8696//8752 8598//8654
f 8696//8752 8734//8790 8637//8693 8599//8655
f 8636//8692 8733//8789 8697//8753 8600//8656
f 8697//8753 8795//8851 8698//8754 8601//8657
f 8698//8754 8796//8852 8699//8755 8602//8658
f 8699//8755 8797//8853 8700//8756 8603//8659
f 8700//8756 8798//8854 8701//8757 8604//8660
f 8701//8757 8799//8855 8800//8856 8702//8758
f 8702//8758 8801//8857 8703//8759 8605//8661
f 8703//8759 8802//8858 8704//8760 8606//8662
f 8704//8760 8803//8859 8705//8761 8607//8663
f 8705//8761 8731//8787 8634//8690 8608//8664
f 8633//8689 8730//8786 8706//8762 8609//8665
f 8706//8762 8804//8860 8707//8763 8610//8666
f 8707//8763 8805//8861 8708//8764 8611//8667
f 8708//8764 8806//8862 8709//8765 8612//8668
f 8709//8765 8807//8863 8808//8864 8710//8766
f 8710//8766 8808//8864 8809//8865 8711//8767
f 8711//8767 8810//8866 8712//8768 8614//8670
f 8712//8768 8811//8867 8713//8769 8615//8671
f 8713//8769 8812//8868 8714//8770 8616//8672
f 8714//8770 8813//8869 8715//8771 8617//8673
f 8716//8772 8814//8870 8717//8773 8620//8676
f 8717//8773 8815//8871 8718//8774 8621//8677
f 8718//8774 8816//8872 8817//8873 8622//8678
f 8622//8678 8817//8873 8818//8874 8719//8775
f 8719//8775 8818//8874 8720//8776 8623//8679
f 8720//8776 8819//8875 8721//8777 8624//8680
f 8721//8777 8820//8876 8821//8877 8722//8778
f 8722//8778 8821//8877 8724//8780 8723//8779
f 8724//8780 8821//8877 8822//8878 8725//8781
f 8725//8781 8823//8879 8726//8782 8628//8684
f 8726//8782 8824//8880 8727//8783 8629//8685
f 8727//8783 8825//8881 8728//8784 8630//8686
f 8728//8784 8814//8870 8716//8772 8631//8687
f 8715//8771 8813//8869 8729//8785 8632//8688
f 8729//8785 8826//8882 8827//8883 8730//8786
f 8731//8787 8828//8884 8829//8885 8732//8788
f 8732//8788 8830//8886 8733//8789 8635//8691
f 8734//8790 8831//8887 8832//8888 8735//8791
f 8735//8791 8832//8888 8833//8889 8736//8792
f 8687//8743 8785//8841 8737//8793 8640//8696
f 8737//8793 8834//8890 8835//8891 8738//8794
f 8738//8794 8835//8891 8836//8892 8739//8795
f 8739//8795 8777//8833 8679//8735 8642//8698
f 8678//8734 8776//8832 8740//8796 8643//8699
f 8740//8796 8837//8893 8741//8797 8644//8700
f 8741//8797 8838//8894 8839//8895 8742//8798
f 8742//8798 8767//8823 8670//8726 8645//8701
f 8669//8725 8766//8822 8743//8799 8646//8702
f 8743//8799 8840//8896 8841//8897 8744//8800
f 8744//8800 8842//8898 8745//8801 8647//8703
f 8746//8802 8843//8899 8747//8803 8650//8706
f 8747//8803 8844//8900 8748//8804 8651//8707
f 8748//8804 8845//8901 8749//8805 8652//8708
f 8749//8805 8846//8902 8750//8806 8653//8709
f 8750//8806 8847//8903 8751//8807 8655//8711
f 8751//8807 8753//8809 8752//8808 8656//8712
f 8753//8809 8751//8807 8847//8903 8754//8810
f 8754//8810 8848//8904 8755//8811 8659//8715
f 8755//8811 8843//8899 8746//8802 8660//8716
f 8745//8801 8842//8898 8756//8812 8661//8717
f 8756//8812 8849//8905 8757//8813 8662//8718
f 8757//8813 8850//8906 8851//8907 8758//8814
f 8758//8814 8851//8907 8852//8908 8759//8815
f 8759//8815 8852//8908 8760//8816 8664//8720
f 8760//8816 8853//8909 8854//8910 8761//8817
f 8761//8817 8854//8910 8855//8911 8762//8818
f 8762//8818 8856//8912 8763//8819 8666//8722
f 8763//8819 8856//8912 8857//8913 8764//8820
f 8764//8820 8857//8913 8858//8914 8765//8821
f 8765//8821 8859//8915 8766//8822 8668//8724
f 8767//8823 8860//8916 8768//8824 8671//8727
f 8768//8824 8861//8917 8862//8918 8769//8825
f 8769//8825 8862//8918 8863//8919 8770//8826
f 8770//8826 8863//8919 8771//8827 8673//8729
f 8771//8827 8864//8920 8865//8921 8772//8828
f 8772//8828 8866//8922 8773//8829 8674//8730
f 8773//8829 8867//8923 8774//8830 8675//8731
f 8774//8830 8867//8923 8868//8924 8676//8732
f 8676//8732 8868//8924 8869//8925 8775//8831
f 8775//8831 8870//8926 8776//8832 8677//8733
f 8777//8833 8871//8927 8778//8834 8680//8736
f 8778//8834 8872//8928 8779//8835 8681//8737
f 8779//8835 8873//8929 8780//8836 8682//8738
f 8780//8836 8874//8930 8875//8931 8781//8837
f 8781//8837 8875//8931 8876//8932 8782//8838
f 8782//8838 8877//8933 8783//8839 8684//8740
f 8783//8839 8878//8934 8784//8840 8685//8741
f 8784//8840 8879//8935 8785//8841 8686//8742
f 8736//8792 8833//8889 8786//8842 8688//8744
f 8786//8842 8880//8936 8787//8843 8689//8745
f 8787//8843 8881//8937 8788//8844 8690//8746
f 8788//8844 8882//8938 8789//8845 8691//8747
f 8789//8845 8883//8939 8884//8940 8790//8846
f 8790//8846 8884//8940 8885//8941 8791//8847
f 8791//8847 8886//8942 8792//8848 8693//8749
f 8792//8848 8887//8943 8793//8849 8694//8750
f 8793//8849 8888//8944 8794//8850 8695//8751
f 8794//8850 8831//8887 8734//8790 8696//8752
f 8733//8789 8830//8886 8795//8851 8697//8753
f 8795//8851 8889//8945 8796//8852 8698//8754
f 8796//8852 8890//8946 8797//8853 8699//8755
f 8797//8853 8891//8947 8798//8854 8700//8756
f 8798//8854 8892//8948 8799//8855 8701//8757
f 8799//8855 8893//8949 8894//8950 8800//8856
f 8800//8856 8895//8951 8801//8857 8702//8758
f 8801//8857 8895//8951 8896//8952 8703//8759
f 8703//8759 8896//8952 8897//8953 8802//8858
f 8802//8858 8898//8954 8803//8859 8704//8760
f 8803//8859 8828//8884 8731//8787 8705//8761
f 8730//8786 8827//8883 8804//8860 8706//8762
f 8804//8860 8899//8955 8805//8861 8707//8763
f 8805//8861 8900//8956 8901//8957 8708//8764
f 8708//8764 8901//8957 8902//8958 8806//8862
f 8806//8862 8902//8958 8807//8863 8709//8765
f 8807//8863 8903//8959 8904//8960 8808//8864
f 8808//8864 8904//8960 8905//8961 8809//8865
f 8809//8865 8906//8962 8810//8866 8711//8767
f 8810//8866 8906//8962 8907//8963 8712//8768
f 8712//8768 8907//8963 8908//8964 8811//8867
f 8811//8867 8909//8965 8812//8868 8713//8769
f 8812//8868 8910//8966 8813//8869 8714//8770
f 8814//8870 8911//8967 8815//8871 8717//8773
f 8815//8871 8912//8968 8816//8872 8718//8774
f 8816//8872 8913//8969 8914//8970 8817//8873
f 8817//8873 8914//8970 8915//8971 8818//8874
f 8818//8874 8915//8971 8819//8875 8720//8776
f 8819//8875 8916//8972 8820//8876 8721//8777
f 8820//8876 8917//8973 8822//8878 8821//8877
f 8822//8878 8918//8974 8823//8879 8725//8781
f 8823//8879 8919//8975 8824//8880 8726//8782
f 8824//8880 8920//8976 8825//8881 8727//8783
f 8825//8881 8911//8967 8814//8870 8728//8784
f 8813//8869 8910//8966 8826//8882 8729//8785
f 8826//8882 8921//8977 8922//8978 8827//8883
f 8828//8884 8923//8979 8924//8980 8829//8885
f 8829//8885 8925//8981 8830//8886 8732//8788
f 8831//8887 8926//8982 8927//8983 8832//8888
f 8832//8888 8927//8983 8928//8984 8833//8889
f 8785//8841 8879//8935 8834//8890 8737//8793
f 8834//8890 8929//8985 8930//8986 8835//8891
f 8835//8891 8930//8986 8931//8987 8836//8892
f 8836//8892 8871//8927 8777//8833 8739//8795
f 8776//8832 8870//8926 8837//8893 8740//8796
f 8837//8893 8932//8988 8838//8894 8741//8797
f 8838//8894 8933//8989 8934//8990 8839//8895
f 8839//8895 8860//8916 8767//8823 8742//8798
f 8766//8822 8859//8915 8840//8896 8743//8799
f 8840//8896 8935//8991 8936//8992 8841//8897
f 8841//8897 8937//8993 8842//8898 8744//8800
f 8843//8899 8938//8994 8844//8900 8747//8803
f 8844//8900 8939//8995 8845//8901 8748//8804
f 8845//8901 8939//8995 8846//8902 8749//8805
f 8846//8902 8940//8996 8847//8903 8750//8806
f 8847//8903 8940//8996 8848//8904 8754//8810
f 8848//8904 8938//8994 8843//8899 8755//8811
f 8842//8898 8937//8993 8849//8905 8756//8812
f 8849//8905 8941//8997 8850//8906 8757//8813
f 8850//8906 8942//8998 8853//8909 8851//8907
f 8851//8907 8853//8909 8760//8816 8852//8908
f 8853//8909 8942//8998 8943//8999 8854//8910
f 8854//8910 8943//8999 8944//9000 8855//8911
f 8855//8911 8857//8913 8856//8912 8762//8818
f 8857//8913 8855//8911 8944//9000 8858//8914
f 8858//8914 8945//9001 8859//8915 8765//8821
f 8860//8916 8946//9002 8861//8917 8768//8824
f 8861//8917 8947//9003 8864//8920 8862//8918
f 8862//8918 8864//8920 8771//8827 8863//8919
f 8864//8920 8947//9003 8948//9004 8865//8921
f 8865//8921 8949//9005 8866//8922 8772//8828
f 8866//8922 8950//9006 8867//8923 8773//8829
f 8867//8923 8950//9006 8951//9007 8868//8924
f 8868//8924 8951//9007 8952//9008 8869//8925
f 8869//8925 8953//9009 8870//8926 8775//8831
f 8871//8927 8954//9010 8872//8928 8778//8834
f 8872//8928 8955//9011 8956//9012 8779//8835
f 8779//8835 8956//9012 8957//9013 8873//8929
f 8873//8929 8957//9013 8874//8930 8780//8836
f 8874//8930 8958//9014 8959//9015 8875//8931
f 8875//8931 8959//9015 8960//9016 8876//8932
f 8876//8932 8961//9017 8877//8933 8782//8838
f 8877//8933 8961//9017 8962//9018 8783//8839
f 8783//8839 8962//9018 8963//9019 8878//8934
f 8878//8934 8964//9020 8879//8935 8784//8840
f 8833//8889 8928//8984 8880//8936 8786//8842
f 8880//8936 8965//9021 8881//8937 8787//8843
f 8881//8937 8966//9022 8882//8938 8788//8844
f 8882//8938 8967//9023 8883//8939 8789//8845
f 8883//8939 8968//9024 8969//9025 8884//8940
f 8884//8940 8969//9025 8970//9026 8885//8941
f 8885//8941 8971//9027 8886//8942 8791//8847
f 8886//8942 8972//9028 8887//8943 8792//8848
f 8887//8943 8973//9029 8888//8944 8793//8849
f 8888//8944 8926//8982 8831//8887 8794//8850
f 8830//8886 8925//8981 8889//8945 8795//8851
f 8889//8945 8974//9030 8890//8946 8796//8852
f 8890//8946 8975//9031 8976//9032 8797//8853
f 8797//8853 8976//9032 8977//9033 8891//8947
f 8891//8947 8977//9033 8892//8948 8798//8854
f 8892//8948 8978//9034 8893//8949 8799//8855
f 8893//8949 8979//9035 8980//9036 8894//8950
f 8894//8950 8981//9037 8895//8951 8800//8856
f 8895//8951 8981//9037 8982//9038 8896//8952
f 8896//8952 8982//9038 8983//9039 8897//8953
f 8897//8953 8984//9040 8898//8954 8802//8858
f 8898//8954 8923//8979 8828//8884 8803//8859
f 8827//8883 8922//8978 8899//8955 8804//8860
f 8899//8955 8985//9041 8900//8956 8805//8861
f 8900//8956 8986//9042 8987//9043 8901//8957
f 8901//8957 8987//9043 8988//9044 8902//8958
f 8902//8958 8988//9044 8903//8959 8807//8863
f 8903//8959 8989//9045 8990//9046 8904//8960
f 8904//8960 8990//9046 8991//9047 8905//8961
f 8905//8961 8992//9048 8906//8962 8809//8865
f 8906//8962 8992//9048 8993//9049 8907//8963
f 8907//8963 8993//9049 8994//9050 8908//8964
f 8908//8964 8995//9051 8909//8965 8811//8867
f 8909//8965 8996//9052 8910//8966 8812//8868
f 8911//8967 8997//9053 8912//8968 8815//8871
f 8912//8968 8998//9054 8913//8969 8816//8872
f 8913//8969 8999//9055 8916//8972 8914//8970
f 8914//8970 8916//8972 8819//8875 8915//8971
f 8916//8972 8999//9055 8917//8973 8820//8876
f 8917//8973 9000//9056 8918//8974 8822//8878
f 8918//8974 9001//9057 8919//8975 8823//8879
f 8919//8975 9002//9058 8920//8976 8824//8880
f 8920//8976 8997//9053 8911//8967 8825//8881
f 8910//8966 8996//9052 8921//8977 8826//8882
f 8921//8977 9003//9059 9004//9060 8922//8978
f 8923//8979 9005//9061 9006//9062 8924//8980
f 8924//8980 9007//9063 8925//8981 8829//8885
f 8926//8982 9008//9064 9009//9065 8927//8983
f 8927//8983 9009//9065 9010//9066 8928//8984
f 8879//8935 8964//9020 8929//8985 8834//8890
f 8929//8985 9011//9067 9012//9068 8930//8986
f 8930//8986 9012//9068 9013//9069 8931//8987
f 8931//8987 8954//9010 8871//8927 8836//8892
f 8870//8926 8953//9009 8932//8988 8837//8893
f 8932//8988 9014//9070 8933//8989 8838//8894
f 8933//8989 9015//9071 9016//9072 8934//8990
f 8934//8990 8946//9002 8860//8916 8839//8895
f 8859//8915 8945//9001 8935//8991 8840//8896
f 8935//8991 9017//9073 9018//9074 8936//8992
f 8936//8992 9019//9075 8937//8993 8841//8897
f 8938//8994 9020//9076 8939//8995 8844//8900
f 8939//8995 9020//9076 8940//8996 8846//8902
f 8940//8996 9020//9076 8938//8994 8848//8904
f 8937//8993 9019//9075 8941//8997 8849//8905
f 8941//8997 9021//9077 8942//8998 8850//8906
f 8942//8998 9021//9077 9022//9078 8943//8999
f 8943//8999 9022//9078 9023//9079 8944//9000
f 8944//9000 9023//9079 8945//9001 8858//8914
f 8946//9002 9024//9080 8947//9003 8861//8917
f 8947//9003 9024//9080 9025//9081 8948//9004
f 8948//9004 9026//9082 8949//9005 8865//8921
f 8949//9005 8951//9007 8950//9006 8866//8922
f 8951//9007 8949//9005 9026//9082 8952//9008
f 8952//9008 9027//9083 8953//9009 8869//8925
f 8954//9010 9028//9084 8955//9011 8872//8928
f 8955//9011 9029//9085 9030//9086 8956//9012
f 8956//9012 9030//9086 9031//9087 8957//9013
f 8957//9013 9031//9087 8958//9014 8874//8930
f 8958//9014 9032//9088 9033//9089 8959//9015
f 8959//9015 9033//9089 9034//9090 8960//9016
f 8960//9016 9035//9091 8961//9017 8876//8932
f 8961//9017 9035//9091 9036//9092 8962//9018
f 8962//9018 9036//9092 9037//9093 8963//9019
f 8963//9019 9038//9094 8964//9020 8878//8934
f 8928//8984 9010//9066 8965//9021 8880//8936
f 8965//9021 9039//9095 8966//9022 8881//8937
f 8966//9022 9040//9096 9041//9097 8882//8938
f 8882//8938 9041//9097 9042//9098 8967//9023
f 8967//9023 9042//9098 8968//9024 8883//8939
f 8968//9024 9043//9099 9044//9100 8969//9025
f 8969//9025 9044//9100 9045//9101 8970//9026
f 8970//9026 9046//9102 8971//9027 8885//8941
f 8971//9027 9046//9102 9047//9103 8886//8942
f 8886//8942 9047//9103 9048//9104 8972//9028
f 8972//9028 9049//9105 8973//9029 8887//8943
f 8973//9029 9008//9064 8926//8982 8888//8944
f 8925//8981 9007//9063 8974//9030 8889//8945
f 8974//9030 9050//9106 8975//9031 8890//8946
f 8975//9031 9051//9107 9052//9108 8976//9032
f 8976//9032 9052//9108 9053//9109 8977//9033
f 8977//9033 9053//9109 8978//9034 8892//8948
f 8978//9034 9054//9110 8979//9035 8893//8949
f 8979//9035 9055//9111 9056//9112 8980//9036
f 8980//9036 8982//9038 8981//9037 8894//8950
f 8982//9038 8980//9036 9056//9112 8983//9039
f 8983//9039 9057//9113 8984//9040 8897//8953
f 8984//9040 9005//9061 8923//8979 8898//8954
f 8922//8978 9004//9060 8985//9041 8899//8955
f 8985//9041 9058//9114 8986//9042 8900//8956
f 8986//9042 9059//9115 8989//9045 8987//9043
f 8987//9043 8989//9045 8903//8959 8988//9044
f 8989//9045 9059//9115 9060//9116 8990//9046
f 8990//9046 9060//9116 9061//9117 8991//9047
f 8991//9047 8993//9049 8992//9048 8905//8961
f 8993//9049 8991//9047 9061//9117 8994//9050
f 8994//9050 9062//9118 8995//9051 8908//8964
f 8995//9051 9063//9119 8996//9052 8909//8965
f 8997//9053 9064//9120 8998//9054 8912//8968
f 8998//9054 9065//9121 8999//9055 8913//8969
f 8999//9055 9065//9121 9000//9056 8917//8973
f 9000//9056 9066//9122 9001//9057 8918//8974
f 9001//9057 9066//9122 9002//9058 8919//8975
f 9002//9058 9064//9120 8997//9053 8920//8976
f 8996//9052 9063//9119 9003//9059 8921//8977
f 9003//9059 9067//9123 9068//9124 9004//9060
f 9005//9061 9069//9125 9070//9126 9006//9062
f 9006//9062 9071//9127 9007//9063 8924//8980
f 9008//9064 9072//9128 9073//9129 9009//9065
f 9009//9065 9073//9129 9074//9130 9010//9066
f 8964//9020 9038//9094 9011//9067 8929//8985
f 9011//9067 9075//9131 9076//9132 9012//9068
f 9012//9068 9076//9132 9077//9133 9013//9069
f 9013//9069 9028//9084 8954//9010 8931//8987
f 8953//9009 9027//9083 9014//9070 8932//8988
f 9014//9070 9078//9134 9015//9071 8933//8989
f 9015//9071 9025//9081 9024//9080 9016//9072
f 9016//9072 9024//9080 8946//9002 8934//8990
f 8945//9001 9023//9079 9017//9073 8935//8991
f 9017//9073 9023//9079 9022//9078 9018//9074
f 9018//9074 9079//9135 9019//9075 8936//8992
f 9019//9075 9079//9135 9021//9077 8941//8997
f 9021//9077 9079//9135 9018//9074 9022//9078
f 9025//9081 9080//9136 9026//9082 8948//9004
f 9026//9082 9080//9136 9027//9083 8952//9008
f 9028//9084 9081//9137 9029//9085 8955//9011
f 9029//9085 9082//9138 9032//9088 9030//9086
f 9030//9086 9032//9088 8958//9014 9031//9087
f 9032//9088 9082//9138 9083//9139 9033//9089
f 9033//9089 9083//9139 9084//9140 9034//9090
f 9034//9090 9036//9092 9035//9091 8960//9016
f 9036//9092 9034//9090 9084//9140 9037//9093
f 9037//9093 9085//9141 9038//9094 8963//9019
f 9010//9066 9074//9130 9039//9095 8965//9021
f 9039//9095 9086//9142 9040//9096 8966//9022
f 9040//9096 9087//9143 9088//9144 9041//9097
f 9041//9097 9088//9144 9089//9145 9042//9098
f 9042//9098 9089//9145 9043//9099 8968//9024
f 9043//9099 9090//9146 9091//9147 9044//9100
f 9044//9100 9091//9147 9092//9148 9045//9101
f 9045//9101 9093//9149 9046//9102 8970//9026
f 9046//9102 9093//9149 9094//9150 9047//9103
f 9047//9103 9094//9150 9095//9151 9048//9104
f 9048//9104 9096//9152 9049//9105 8972//9028
f 9049//9105 9072//9128 9008//9064 8973//9029
f 9007//9063 9071//9127 9050//9106 8974//9030
f 9050//9106 9097//9153 9051//9107 8975//9031
f 9051//9107 9098//9154 9054//9110 9052//9108
f 9052//9108 9054//9110 8978//9034 9053//9109
f 9054//9110 9098//9154 9055//9111 8979//9035
f 9055//9111 9099//9155 9100//9156 9056//9112
f 9056//9112 9100//9156 9057//9113 8983//9039
f 9057//9113 9069//9125 9005//9061 8984//9040
f 9004//9060 9068//9124 9058//9114 8985//9041
f 9058//9114 9101//9157 9059//9115 8986//9042
f 9059//9115 9101//9157 9102//9158 9060//9116
f 9060//9116 9102//9158 9103//9159 9061//9117
f 9061//9117 9103//9159 9062//9118 8994//9050
f 9062//9118 9104//9160 9063//9119 8995//9051
f 9064//9120 9105//9161 9065//9121 8998//9054
f 9065//9121 9105//9161 9066//9122 9000//9056
f 9066//9122 9105//9161 9064//9120 9002//9058
f 9063//9119 9104//9160 9067//9123 9003//9059
f 9067//9123 9106//9162 9107//9163 9068//9124
f 9069//9125 9108//9164 9109//9165 9070//9126
f 9070//9126 9110//9166 9071//9127 9006//9062
f 9072//9128 9111//9167 9112//9168 9073//9129
f 9073//9129 9112//9168 9113//9169 9074//9130
f 9038//9094 9085//9141 9075//9131 9011//9067
f 9075//9131 9114//9170 9115//9171 9076//9132
f 9076//9132 9115//9171 9116//9172 9077//9133
f 9077//9133 9081//9137 9028//9084 9013//9069
f 9027//9083 9080//9136 9078//9134 9014//9070
f 9078//9134 9080//9136 9025//9081 9015//9071
f 9081//9137 9117//9173 9082//9138 9029//9085
f 9082//9138 9117//9173 9118//9174 9083//9139
f 9083//9139 9118//9174 9119//9175 9084//9140
f 9084//9140 9119//9175 9085//9141 9037//9093
f 9074//9130 9113//9169 9086//9142 9039//9095
f 9086//9142 9120//9176 9087//9143 9040//9096
f 9087//9143 9121//9177 9090//9146 9088//9144
f 9088//9144 9090//9146 9043//9099 9089//9145
f 9090//9146 9121//9177 9122//9178 9091//9147
f 9091//9147 9122//9178 9123//9179 9092//9148
f 9092//9148 9094//9150 9093//9149 9045//9101
f 9094//9150 9092//9148 9123//9179 9095//9151
f 9095//9151 9124//9180 9096//9152 9048//9104
f 9096//9152 9111//9167 9072//9128 9049//9105
f 9071//9127 9110//9166 9097//9153 9050//9106
f 9097//9153 9125//9181 9098//9154 9051//9107
f 9098//9154 9125//9181 9099//9155 9055//9111
f 9099//9155 9109//9165 9108//9164 9100//9156
f 9100//9156 9108//9164 9069//9125 9057//9113
f 9068//9124 9107//9163 9101//9157 9058//9114
f 9101//9157 9107//9163 9106//9162 9102//9158
f 9102//9158 9106//9162 9126//9182 9103//9159
f 9103//9159 9126//9182 9104//9160 9062//9118
f 9104//9160 9126//9182 9106//9162 9067//9123
f 9109//9165 9127//9183 9110//9166 9070//9126
f 9111//9167 9128//9184 9129//9185 9112//9168
f 9112//9168 9129//9185 9130//9186 9113//9169
f 9085//9141 9119//9175 9114//9170 9075//9131
f 9114//9170 9119//9175 9118//9174 9115//9171
f 9115//9171 9118//9174 9117//9173 9116//9172
f 9116//9172 9117//9173 9081//9137 9077//9133
f 9113//9169 9130//9186 9120//9176 9086//9142
f 9120//9176 9131//9187 9121//9177 9087//9143
f 9121//9177 9131//9187 9132//9188 9122//9178
f 9122//9178 9132//9188 9133//9189 9123//9179
f 9123//9179 9133//9189 9124//9180 9095//9151
f 9124//9180 9128//9184 9111//9167 9096//9152
f 9110//9166 9127//9183 9125//9181 9097//9153
f 9125//9181 9127//9183 9109//9165 9099//9155
f 9128//9184 9134//9190 9135//9191 9129//9185
f 9129//9185 9135//9191 9136//9192 9130//9186
f 9130//9186 9136//9192 9131//9187 9120//9176
f 9131//9187 9136//9192 9135//9191 9132//9188
f 9132//9188 9135//9191 9134//9190 9133//9189
f 9133//9189 9134//9190 9128//9184 9124//9180
f 5521//5521 9138//5582 9137//5523 5464//5464
f 5575//5581 9139//5644 9138//5582 5521//5521
f 5627//5643 9140//5705 9139//5644 5575//5581
f 5680//5704 9141//5766 9140//5705 5627//5643
f 5733//5765 9142//5827 9141//5766 5680//5704
f 5786//5826 9143//5888 9142//5827 5733//5765
f 9144//5840 9143//5888 5786//5826 5743//5779
f 9145//5777 9144//5840 5743//5779 5688//5716
f 9146//5714 9145//5777 5688//5716 5633//5653
f 9147//5651 9146//5714 5633//5653 5579//5589
f 9148//5587 9147//5651 5579//5589 5522//5528
f 9149//5526 9148//5587 5522//5528 5466//5466
f 5465//5465 9150//5522 9149//5526 5466//5466
f 5464//5464 9137//5523 9150//5522 5465//5465
f 5618//5628 9152//5691 9151//5630 5563//5569
f 5670//5690 9153//5752 9152//5691 5618//5628
f 5723//5751 9154//5813 9153//5752 5670//5690
f 5776//5812 9155//5874 9154//5813 5723//5751
f 5829//5873 9156//5934 9155//5874 5776//5812
f 5883//5933 9157//5995 9156//5934 5829//5873
f 9158//5947 9157//5995 5883//5933 5839//5887
f 9159//5885 9158//5947 5839//5887 5784//5824
f 9160//5822 9159//5885 5784//5824 5729//5761
f 9161//5759 9160//5822 5729//5761 5674//5698
f 9162//5696 9161//5759 5674//5698 5619//5635
f 9163//5633 9162//5696 5619//5635 5565//5571
f 5564//5570 9164//5629 9163//5633 5565//5571
f 5563//5569 9151//5630 9164//5629 5564//5570
